IF,THEN,support,confidence,lift,test_n,test_conf,test_lift,best_single,interaction_gain,holds_out
fc_east_Thundery & fc_south_Thundery & fc_west_Thundery,obs_rain_heavy,0.010258697591436218,0.06227436823104693,3.8427284469910243,89,0.11235955056179775,4.678972712680578,3.9659863945578233,0.7129863181227543,True
fc_central_Thundery & fc_east_Thundery & fc_south_Thundery,obs_rain_heavy,0.010258697591436218,0.06244343891402715,3.8531611939059323,89,0.11235955056179775,4.678972712680578,3.9659863945578233,0.7129863181227543,True
fc_central_Thundery & fc_east_Thundery & fc_west_Thundery,obs_rain_heavy,0.010258697591436218,0.06261343012704174,3.8636507434356213,89,0.11235955056179775,4.678972712680578,3.9659863945578233,0.7129863181227543,True
fc_central_Thundery & fc_north_Thundery & fc_south_Thundery,obs_rain_heavy,0.010258697591436218,0.06244343891402715,3.8531611939059323,89,0.11235955056179775,4.678972712680578,3.9659863945578233,0.7129863181227543,True
fc_north_Thundery & fc_south_Thundery & fc_west_Thundery,obs_rain_heavy,0.010258697591436218,0.06205035971223022,3.828905682793215,89,0.11235955056179775,4.678972712680578,3.9659863945578233,0.7129863181227543,True
fc_east_Thundery & fc_north_Thundery & fc_south_Thundery,obs_rain_heavy,0.010258697591436218,0.06255666364460562,3.860147886913921,89,0.11235955056179775,4.678972712680578,3.9659863945578233,0.7129863181227543,True
fc_east_Thundery & fc_south_Thundery,obs_rain_heavy,0.010407374368123699,0.06294964028776978,3.8843970695003627,89,0.11235955056179775,4.678972712680578,3.9659863945578233,0.7129863181227543,True
fc_north_Thundery & fc_south_Thundery,obs_rain_heavy,0.010258697591436218,0.06193895870736086,3.8220315253734785,89,0.11235955056179775,4.678972712680578,3.9659863945578233,0.7129863181227543,True
fc_central_Thundery & fc_north_Thundery & fc_west_Thundery,obs_rain_heavy,0.01055605114481118,0.06099656357388316,3.7638796935590655,94,0.10638297872340426,4.430091185410334,3.9659863945578233,0.4641047908525109,True
fc_east_Thundery & fc_west_Thundery,obs_rain_heavy,0.01159678858162355,0.06,3.7023853211009174,97,0.10309278350515463,4.293078055964654,3.9659863945578233,0.32709166140683044,True
fc_east_Thundery & fc_north_Thundery & fc_west_Thundery,obs_rain_heavy,0.01159678858162355,0.060324825986078884,3.722429170480427,97,0.10309278350515463,4.293078055964654,3.9659863945578233,0.32709166140683044,True
fc_east_Thundery & fc_south_Thundery,obs_heat_not_hot & obs_rain_wet,0.021855486173059768,0.13219424460431656,3.5423844191579015,89,0.14606741573033707,4.257865168539325,3.609047619047619,0.6488175494917066,True
fc_north_Thundery & fc_south_Thundery,obs_heat_not_hot & obs_rain_wet,0.022152839726434732,0.13375224416517056,3.5841338416531365,89,0.14606741573033707,4.257865168539325,3.609047619047619,0.6488175494917066,True
fc_central_Thundery & fc_east_Thundery & fc_north_Thundery,obs_rain_heavy,0.01055605114481118,0.058774834437086095,3.6267847378334044,98,0.10204081632653061,4.2492711370262395,3.9659863945578233,0.2832847424684162,True
fc_central_Thundery & fc_east_Thundery,obs_rain_heavy,0.01055605114481118,0.05867768595041322,3.620790052316324,98,0.10204081632653061,4.2492711370262395,3.9659863945578233,0.2832847424684162,True
fc_north_Thundery & fc_south_Thundery,obs_rain_wet,0.026613143027059173,0.1606822262118492,3.486285979035154,89,0.20224719101123595,4.21107544141252,3.569387755102041,0.6416876863104788,True
fc_central_Thundery & fc_east_Thundery & fc_west_Thundery,obs_rain_wet,0.02616711269699673,0.15970961887477314,3.4651835372636266,89,0.20224719101123595,4.21107544141252,3.569387755102041,0.6416876863104788,True
fc_east_Thundery & fc_south_Thundery & fc_west_Thundery,obs_rain_wet,0.02631578947368421,0.15974729241877256,3.4660009316408527,89,0.20224719101123595,4.21107544141252,3.569387755102041,0.6416876863104788,True
fc_central_Thundery & fc_east_Thundery & fc_south_Thundery,obs_rain_wet,0.02616711269699673,0.1592760180995475,3.4557757991534084,89,0.20224719101123595,4.21107544141252,3.569387755102041,0.6416876863104788,True
fc_central_Thundery & fc_north_Thundery & fc_south_Thundery,obs_rain_wet,0.02646446625037169,0.16108597285067874,3.4950459786892427,89,0.20224719101123595,4.21107544141252,3.569387755102041,0.6416876863104788,True
fc_north_Thundery & fc_south_Thundery & fc_west_Thundery,obs_rain_wet,0.026613143027059173,0.16097122302158273,3.4925562775585983,89,0.20224719101123595,4.21107544141252,3.569387755102041,0.6416876863104788,True
fc_east_Thundery & fc_north_Thundery & fc_south_Thundery,obs_rain_wet,0.02616711269699673,0.15956482320942883,3.462041938408446,89,0.20224719101123595,4.21107544141252,3.569387755102041,0.6416876863104788,True
fc_east_Thundery & fc_south_Thundery,obs_rain_wet,0.02631578947368421,0.1591726618705036,3.4535333023903463,89,0.20224719101123595,4.21107544141252,3.569387755102041,0.6416876863104788,True
fc_central_Thundery & fc_north_Thundery & fc_west_Thundery,obs_rain_wet,0.02735652691049658,0.15807560137457044,3.429730628533422,94,0.20212765957446807,4.208586626139818,3.569387755102041,0.6391988710377765,True
fc_central_Thundery & fc_south_Thundery & fc_west_Thundery,obs_rain_heavy,0.011002081474873625,0.06351931330472103,3.9195495530968225,100,0.1,4.164285714285715,3.9659863945578233,0.19829931972789128,True
fc_central_Thundery & fc_south_Thundery,obs_rain_heavy,0.011002081474873625,0.06335616438356165,3.909482216915923,100,0.1,4.164285714285715,3.9659863945578233,0.19829931972789128,True
ctx_block_2 & fc_north_Thundery & fc_south_Thundery,obs_rain_wet,0.018287243532560213,0.19935170178282008,4.325288858681445,61,0.19672131147540983,4.096018735362998,3.569387755102041,0.5266309802609568,True
ctx_block_2 & fc_east_Thundery & fc_south_Thundery,obs_rain_wet,0.018287243532560213,0.20032573289902278,4.346422191867185,61,0.19672131147540983,4.096018735362998,3.569387755102041,0.5266309802609568,True
fc_central_Thundery & fc_north_Thundery,obs_rain_heavy,0.010853404698186143,0.057435090479937057,3.544113931817033,103,0.0970873786407767,4.042995839112344,3.9659863945578233,0.07700944455452108,True
fc_north_Thundery & fc_west_Thundery,obs_rain_heavy,0.012042818911685994,0.057406094968107724,3.5423247225274546,104,0.09615384615384616,4.0041208791208796,3.9659863945578233,0.03813448456305624,True
fc_south_Thundery & fc_west_Thundery,obs_rain_heavy,0.011150758251561105,0.06142506142506143,3.790320762797827,104,0.09615384615384616,4.0041208791208796,3.9659863945578233,0.03813448456305624,True
fc_south_Thundery,obs_rain_heavy,0.011299435028248588,0.062040816326530614,3.828316794607751,105,0.09523809523809523,3.9659863945578233,3.9659863945578233,0.0,True
fc_central_Thundery & fc_west_Thundery,obs_rain_heavy,0.011299435028248588,0.06193969030154849,3.8220766694331667,105,0.09523809523809523,3.9659863945578233,3.9659863945578233,0.0,True
fc_east_Thundery & fc_west_Thundery,obs_heat_not_hot & obs_rain_wet,0.02289622360987214,0.11846153846153847,3.17439166411278,97,0.13402061855670103,3.906701030927835,3.609047619047619,0.2976534118802161,True
fc_central_Thundery & fc_east_Thundery,obs_heat_not_hot & obs_rain_wet,0.022747546833184657,0.12644628099173555,3.3883573145434793,98,0.1326530612244898,3.8668367346938775,3.609047619047619,0.2577891156462586,True
fc_east_Thundery & fc_west_Thundery,obs_rain_wet,0.027653880463871544,0.14307692307692307,3.1043076923076924,97,0.18556701030927836,3.863770250368189,3.569387755102041,0.2943824952661478,True
fc_east_Thundery & fc_north_Thundery & fc_west_Thundery,obs_rain_wet,0.027505203687184062,0.1430781129156999,3.1043335079709604,97,0.18556701030927836,3.863770250368189,3.569387755102041,0.2943824952661478,True
fc_central_Thundery & fc_north_Thundery,obs_rain_wet,0.02839726434730895,0.15027537372147914,3.260490850486028,103,0.18446601941747573,3.840846047156727,3.569387755102041,0.27145829205468575,True
fc_central_Thundery & fc_east_Thundery,obs_rain_wet,0.027207850133809098,0.15123966942148762,3.281412956544922,98,0.1836734693877551,3.8243440233236154,3.569387755102041,0.25495626822157424,True
fc_central_Thundery & fc_east_Thundery & fc_north_Thundery,obs_rain_wet,0.027207850133809098,0.15149006622516556,3.2868457594531084,98,0.1836734693877551,3.8243440233236154,3.569387755102041,0.25495626822157424,True
fc_north_Thundery & fc_west_Thundery,obs_rain_wet,0.029735355337496282,0.14174344436569808,3.07537550581834,104,0.18269230769230768,3.8039148351648353,3.569387755102041,0.2345270800627941,True
fc_central_Thundery & fc_south_Thundery,obs_heat_not_hot & obs_rain_wet,0.022450193279809693,0.1292808219178082,3.464313976968837,100,0.13,3.7895,3.609047619047619,0.18045238095238103,True
fc_central_Thundery & fc_west_Thundery,obs_rain_wet,0.028099910793933987,0.15403422982885084,3.3420459026737124,105,0.18095238095238095,3.767687074829932,3.569387755102041,0.19829931972789083,True
fc_central_Thundery & fc_south_Thundery & fc_west_Thundery,obs_rain_wet,0.02705917335712162,0.15622317596566523,3.3895389727260143,100,0.18,3.7478571428571428,3.569387755102041,0.17846938775510157,True
fc_central_Thundery & fc_south_Thundery,obs_rain_wet,0.02705917335712162,0.1558219178082192,3.380832965090588,100,0.18,3.7478571428571428,3.569387755102041,0.17846938775510157,True
fc_central_Thundery & fc_north_Thundery,obs_heat_not_hot & obs_rain_wet,0.023490930716622064,0.12431156569630213,3.3311537484993154,103,0.1262135922330097,3.679126213592233,3.609047619047619,0.07007859454461407,True
fc_central_Thundery,obs_rain_heavy,0.01159678858162355,0.058426966292134834,3.6053190392743018,114,0.08771929824561403,3.6528822055137846,3.9659863945578233,-0.3131041890440387,True
fc_north_Thundery & fc_west_Thundery,obs_heat_not_hot & obs_rain_wet,0.02423431460005947,0.11552090715804395,3.095592117709178,104,0.125,3.64375,3.609047619047619,0.034702380952380985,True
fc_south_Thundery & fc_west_Thundery,obs_heat_not_hot & obs_rain_wet,0.02289622360987214,0.12612612612612611,3.379778184559061,104,0.125,3.64375,3.609047619047619,0.034702380952380985,True
ctx_block_2 & fc_east_Thundery & fc_west_Thundery,obs_rain_wet,0.019476657746060066,0.17560321715817695,3.8100233503416074,69,0.17391304347826086,3.6211180124223605,3.569387755102041,0.05173025732031933,True
fc_east_Thundery & fc_north_Thundery,obs_rain_heavy,0.011894142134998514,0.05445881552076242,3.36045865314356,115,0.08695652173913043,3.6211180124223605,3.9659863945578233,-0.3448683821354628,True
fc_east_Thundery,obs_rain_heavy,0.012042818911685994,0.05465587044534413,3.372618207480593,115,0.08695652173913043,3.6211180124223605,3.9659863945578233,-0.3448683821354628,True
ctx_season_NE_monsoon & fc_central_Thundery & fc_west_Thundery,obs_rain_wet,0.010407374368123699,0.20958083832335328,4.547228124396368,69,0.17391304347826086,3.6211180124223605,3.569387755102041,0.05173025732031933,True
ctx_block_2 & fc_central_Thundery & fc_north_Thundery,obs_rain_wet,0.01992268807612251,0.17962466487935658,3.8972757934792015,75,0.17333333333333334,3.6090476190476193,3.569387755102041,0.03965986394557808,True
ctx_block_2 & fc_central_Thundery & fc_west_Thundery,obs_rain_wet,0.019625334522747548,0.18696883852691218,4.056620670748424,75,0.17333333333333334,3.6090476190476193,3.569387755102041,0.03965986394557808,True
fc_central_Thundery & fc_west_Thundery,obs_heat_not_hot & obs_rain_wet,0.023044900386559618,0.1263243683781581,3.3850904450657033,105,0.12380952380952381,3.609047619047619,3.609047619047619,0.0,True
fc_south_Thundery,obs_heat_not_hot & obs_rain_wet,0.02289622360987214,0.12571428571428572,3.3687421741605013,105,0.12380952380952381,3.609047619047619,3.609047619047619,0.0,True
fc_south_Thundery & fc_west_Thundery,obs_rain_wet,0.027653880463871544,0.15233415233415235,3.3051597051597055,104,0.17307692307692307,3.6037087912087915,3.569387755102041,0.0343210361067503,True
ctx_block_2 & fc_central_Thundery & fc_south_Thundery,obs_rain_wet,0.01888195063931014,0.19242424242424244,4.1749853372434025,70,0.17142857142857143,3.569387755102041,3.569387755102041,0.0,True
ctx_block_2 & fc_central_Thundery & fc_east_Thundery,obs_rain_wet,0.0191793041926851,0.18454935622317598,4.0041257095389735,70,0.17142857142857143,3.569387755102041,3.569387755102041,0.0,True
ctx_season_NE_monsoon & fc_central_Thundery,obs_rain_wet,0.010704727921498661,0.1994459833795014,4.327334465195246,70,0.17142857142857143,3.569387755102041,3.569387755102041,0.0,True
fc_south_Thundery,obs_rain_wet,0.027653880463871544,0.15183673469387754,3.2943673469387753,105,0.17142857142857143,3.569387755102041,3.569387755102041,0.0,True
ctx_block_2 & fc_north_Thundery & fc_west_Thundery,obs_rain_wet,0.02096342551293488,0.1688622754491018,3.6637666602279313,76,0.17105263157894737,3.56156015037594,3.569387755102041,-0.007827604726101,True
ctx_season_NE_monsoon & fc_south_Thundery & fc_west_Thundery,obs_rain_wet,0.010110020814748736,0.2,4.339354838709678,65,0.16923076923076924,3.523626373626374,3.569387755102041,-0.04576138147566722,True
ctx_season_NE_monsoon & fc_south_Thundery,obs_rain_wet,0.010110020814748736,0.2,4.339354838709678,65,0.16923076923076924,3.523626373626374,3.569387755102041,-0.04576138147566722,True
ctx_block_2 & fc_south_Thundery,obs_rain_wet,0.01903062741599762,0.1863173216885007,4.0424848570221155,71,0.16901408450704225,3.5191146881287727,3.569387755102041,-0.0502730669732685,True
ctx_block_2 & fc_south_Thundery & fc_west_Thundery,obs_rain_wet,0.01903062741599762,0.1865889212827988,4.048377692090661,71,0.16901408450704225,3.5191146881287727,3.569387755102041,-0.0502730669732685,True
fc_west_Thundery,obs_rain_heavy,0.012934879571810883,0.057049180327868855,3.520300797112348,119,0.08403361344537816,3.499399759903962,3.9659863945578233,-0.4665866346538614,True
fc_central_Thundery,obs_rain_wet,0.029140648230746358,0.14681647940074907,3.185444001449801,114,0.16666666666666666,3.4702380952380953,3.569387755102041,-0.09914965986394586,True
fc_north_Thundery,obs_rain_heavy,0.012340172465060957,0.052267002518891686,3.2252097150648207,122,0.08196721311475409,3.4133489461358315,3.9659863945578233,-0.5526374484219918,True
ctx_season_NE_monsoon & fc_west_Thundery,obs_rain_wet,0.01055605114481118,0.19137466307277629,4.15221285105643,74,0.16216216216216217,3.3764478764478767,3.569387755102041,-0.1929398786541645,True
fc_west_Thundery,obs_rain_wet,0.030924769550996135,0.13639344262295083,2.9592977260708624,119,0.15966386554621848,3.3244297719087634,3.569387755102041,-0.24495798319327777,True
fc_central_Thundery,obs_heat_not_hot & obs_rain_wet,0.02408563782337199,0.12134831460674157,3.251748063924079,114,0.11403508771929824,3.3241228070175435,3.609047619047619,-0.28492481203007536,True
fc_east_Thundery & fc_north_Thundery,obs_heat_not_hot & obs_rain_wet,0.02423431460005947,0.11095983662355344,2.973369964661436,115,0.11304347826086956,3.2952173913043477,3.609047619047619,-0.3138302277432712,True
fc_east_Thundery,obs_heat_not_hot & obs_rain_wet,0.024382991376746953,0.1106612685560054,2.9653692920625194,115,0.11304347826086956,3.2952173913043477,3.609047619047619,-0.3138302277432712,True
fc_east_Thundery & fc_north_Thundery,obs_rain_wet,0.028991971454058876,0.13274336283185842,2.880102769055096,115,0.1565217391304348,3.259006211180125,3.569387755102041,-0.3103815439219164,True
fc_east_Thundery,obs_rain_wet,0.029140648230746358,0.13225371120107962,2.8694789081885856,115,0.1565217391304348,3.259006211180125,3.569387755102041,-0.3103815439219164,True
fc_north_Thundery,obs_rain_wet,0.031222123104371096,0.13224181360201512,2.869220768668238,122,0.1557377049180328,3.24268149882904,3.569387755102041,-0.3267062562730012,True
ctx_block_2 & fc_central_Thundery,obs_rain_wet,0.020517395182872437,0.17380352644836272,3.7709758673925413,84,0.15476190476190477,3.2223639455782314,3.569387755102041,-0.34702380952380985,True
fc_west_Thundery,obs_heat_not_hot & obs_rain_wet,0.02512637526018436,0.11081967213114755,2.9696140030043763,119,0.1092436974789916,3.184453781512605,3.609047619047619,-0.424593837535014,True
ctx_block_2 & fc_west_Thundery,obs_rain_wet,0.021706809396372286,0.1611479028697572,3.4963896603289903,86,0.1511627906976744,3.147425249169435,3.569387755102041,-0.4219625059326062,True
fc_north_Thundery,obs_heat_not_hot & obs_rain_wet,0.025721082366934284,0.10894206549118388,2.919300129456983,122,0.10655737704918032,3.1061475409836063,3.609047619047619,-0.5029000780640125,True
fc_east_Light & fc_west_Light,obs_heat_not_hot & obs_rain_light,0.013083556348498365,0.3577235772357724,2.488157994299695,32,0.5625,3.0648364485981308,2.88455195162177,0.18028449697636084,True
fc_north_Light & fc_south_Light,obs_heat_not_hot & obs_rain_light,0.012191495688373476,0.36771300448430494,2.5576397809321976,33,0.5454545454545454,2.9719626168224296,2.88455195162177,0.08741066520065965,True
fc_east_Light & fc_north_Light,obs_heat_not_hot & obs_rain_light,0.013826940231935772,0.34444444444444444,2.395794553602206,33,0.5454545454545454,2.9719626168224296,2.88455195162177,0.08741066520065965,True
fc_east_Light & fc_south_Light,obs_heat_not_hot & obs_rain_light,0.012934879571810883,0.3640167364016736,2.531930267877618,33,0.5454545454545454,2.9719626168224296,2.88455195162177,0.08741066520065965,True
fc_north_Light & fc_west_Light,obs_heat_not_hot & obs_rain_light,0.01263752601843592,0.3333333333333333,2.318510858324715,35,0.5428571428571428,2.9578104138851797,2.88455195162177,0.07325846226340982,True
ctx_block_2 & fc_north_Thundery,obs_rain_wet,0.02230151650312221,0.1525940996948118,3.310799724346143,93,0.13978494623655913,2.910522273425499,3.569387755102041,-0.6588654816765422,True
ctx_block_2 & fc_east_Thundery,obs_rain_wet,0.020814748736247397,0.15659955257270694,3.3977051309807322,86,0.13953488372093023,2.9053156146179404,3.569387755102041,-0.6640721404841008,True
ctx_block_2 & fc_east_Thundery & fc_north_Thundery,obs_rain_wet,0.020814748736247397,0.15712682379349047,3.409145215596829,86,0.13953488372093023,2.9053156146179404,3.569387755102041,-0.6640721404841008,True
fc_central_Light & fc_east_Light,obs_heat_not_hot & obs_rain_light,0.012934879571810883,0.37499999999999994,2.6083247156153044,34,0.5294117647058824,2.88455195162177,2.88455195162177,0.0,True
fc_east_Light,obs_heat_not_hot & obs_rain_light,0.014719000892060661,0.339041095890411,2.358211386720687,34,0.5294117647058824,2.88455195162177,2.88455195162177,0.0,True
ctx_season_NE_monsoon & fc_south_Light,obs_heat_not_hot & obs_rain_light,0.01055605114481118,0.3901098901098901,2.7134220484789253,36,0.5277777777777778,2.8756490134994808,2.88455195162177,-0.00890293812228915,True
fc_central_Light & fc_north_Light,obs_heat_not_hot & obs_rain_light,0.01263752601843592,0.3648068669527897,2.537426046664388,36,0.5277777777777778,2.8756490134994808,2.88455195162177,-0.00890293812228915,True
fc_north_Light,obs_heat_not_hot & obs_rain_light,0.014124293785310734,0.3231292517006803,2.247536036131102,36,0.5277777777777778,2.8756490134994808,2.88455195162177,-0.00890293812228915,True
ctx_block_2 & fc_south_Thundery,obs_heat_not_hot & obs_rain_wet,0.014272970561998216,0.13973799126637554,3.74453278588702,71,0.09859154929577464,2.873943661971831,3.609047619047619,-0.735103957075788,True
ctx_season_NE_monsoon & fc_west_Light,obs_heat_not_hot & obs_rain_light,0.010258697591436218,0.3709677419354839,2.580278213296861,38,0.5263157894736842,2.867683226758485,2.88455195162177,-0.016868724863285056,True
ctx_block_2 & fc_east_Thundery,obs_heat_hot & obs_rain_light,0.01055605114481118,0.07941834451901567,2.5930475011402883,86,0.09302325581395349,2.854345165238678,2.134553775743707,0.7197913894949712,True
ctx_block_2 & fc_north_Thundery & fc_west_Fair,obs_heat_hot,0.011002081474873625,0.5068493150684932,1.6540846643137723,17,0.7058823529411765,2.7995198079231693,1.9737699731055212,0.8257498348176482,False
ctx_block_2 & fc_east_Thundery & fc_west_Fair,obs_heat_hot,0.010853404698186143,0.5,1.6317321688500728,17,0.7058823529411765,2.7995198079231693,1.9737699731055212,0.8257498348176482,False
fc_central_Light & fc_west_Light,obs_heat_not_hot & obs_rain_light,0.012934879571810883,0.3609958506224067,2.510918398434651,37,0.5135135135135135,2.7979287698913864,2.88455195162177,-0.08662318173038352,True
fc_central_Light & fc_south_Light,obs_heat_not_hot & obs_rain_light,0.013380909901873328,0.3658536585365854,2.544707039624688,36,0.5,2.7242990654205608,2.88455195162177,-0.16025288620120914,True
fc_east_Thundery & fc_west_Fair,obs_heat_hot & obs_rain_dry,0.011002081474873625,0.4157303370786517,1.5806683138445512,18,0.5555555555555556,2.699074074074074,2.0563178294573645,0.6427562446167094,False
fc_north_Thundery & fc_west_Fair,obs_heat_hot & obs_rain_dry,0.011002081474873625,0.4277456647398844,1.6263523691579775,18,0.5555555555555556,2.699074074074074,2.0563178294573645,0.6427562446167094,False
fc_west_Light,obs_heat_not_hot & obs_rain_light,0.015611061552185548,0.3017241379310345,2.098652070035303,43,0.4883720930232558,2.660943273201478,2.88455195162177,-0.22360867842029197,True
fc_central_Light,obs_heat_not_hot & obs_rain_light,0.013826940231935772,0.36186770428015563,2.5169826049517336,39,0.48717948717948717,2.6544452432302896,2.88455195162177,-0.23010670839148029,True
fc_south_Light & fc_west_Light,obs_heat_not_hot & obs_rain_light,0.014867677668748141,0.32362459546925565,2.250981415849238,39,0.48717948717948717,2.6544452432302896,2.88455195162177,-0.23010670839148029,True
fc_east_Thundery & fc_south_Fair & fc_west_Fair,obs_heat_hot,0.012488849241748439,0.4772727272727273,1.557562524811433,18,0.6666666666666666,2.643990929705215,1.9737699731055212,0.6702209565996939,False
fc_east_Thundery & fc_west_Fair,obs_heat_hot,0.012488849241748439,0.47191011235955055,1.5400618222854618,18,0.6666666666666666,2.643990929705215,1.9737699731055212,0.6702209565996939,False
fc_north_Thundery & fc_south_Fair & fc_west_Fair,obs_heat_hot,0.012488849241748439,0.48554913294797686,1.584572279576949,18,0.6666666666666666,2.643990929705215,1.9737699731055212,0.6702209565996939,False
fc_north_Thundery & fc_west_Fair,obs_heat_hot,0.012488849241748439,0.48554913294797686,1.584572279576949,18,0.6666666666666666,2.643990929705215,1.9737699731055212,0.6702209565996939,False
fc_east_Thundery & fc_north_Thundery & fc_west_Fair,obs_heat_hot,0.012340172465060957,0.48255813953488375,1.5748112792390236,18,0.6666666666666666,2.643990929705215,1.9737699731055212,0.6702209565996939,False
ctx_block_2 & fc_north_Thundery,obs_heat_hot & obs_rain_light,0.011299435028248588,0.07731434384537131,2.5243508577862497,93,0.08602150537634409,2.639501980758348,2.134553775743707,0.504948205014641,True
fc_east_Light & fc_north_Light & fc_south_Light,obs_rain_light,0.012340172465060957,0.3755656108597285,2.153498975824837,32,0.5625,2.6026785714285716,2.4495798319327733,0.15309873949579833,True
fc_east_Light & fc_north_Light & fc_west_Light,obs_rain_light,0.012934879571810883,0.37499999999999994,2.150255754475703,32,0.5625,2.6026785714285716,2.4495798319327733,0.15309873949579833,True
fc_central_Light & fc_east_Light & fc_west_Light,obs_rain_light,0.012191495688373476,0.37272727272727274,2.137223901418275,32,0.5625,2.6026785714285716,2.4495798319327733,0.15309873949579833,True
fc_east_Light & fc_south_Light & fc_west_Light,obs_rain_light,0.012786202795123401,0.36909871244635195,2.116417681086243,32,0.5625,2.6026785714285716,2.4495798319327733,0.15309873949579833,True
fc_east_Light & fc_west_Light,obs_rain_light,0.01367826345524829,0.3739837398373984,2.1444285031085606,32,0.5625,2.6026785714285716,2.4495798319327733,0.15309873949579833,True
fc_south_Light,obs_heat_not_hot & obs_rain_light,0.015462384775498068,0.325,2.2605480868665975,40,0.475,2.5880841121495326,2.88455195162177,-0.2964678394722373,True
ctx_season_inter_1 & fc_north_Thundery & fc_south_Fair,obs_heat_hot,0.010853404698186143,0.6822429906542057,2.2264756696458936,23,0.6521739130434783,2.5865128660159717,1.9737699731055212,0.6127428929104506,False
ctx_block_2,obs_rain_heavy,0.010110020814748736,0.040236686390532544,2.482861951034146,146,0.06164383561643835,2.5670254403131114,3.9659863945578233,-1.398960954244712,True
fc_central_Light & fc_east_Light & fc_south_Light,obs_rain_light,0.01263752601843592,0.3811659192825112,2.1856112302593096,33,0.5454545454545454,2.5238095238095237,2.4495798319327733,0.07422969187675044,True
fc_east_Light & fc_north_Light,obs_rain_light,0.014421647338685697,0.3592592592592593,2.059998105522402,33,0.5454545454545454,2.5238095238095237,2.4495798319327733,0.07422969187675044,True
fc_north_Light & fc_south_Light & fc_west_Light,obs_rain_light,0.012191495688373476,0.3693693693693693,2.117969632036128,33,0.5454545454545454,2.5238095238095237,2.4495798319327733,0.07422969187675044,True
fc_central_Light & fc_east_Light & fc_north_Light,obs_rain_light,0.012786202795123401,0.3739130434782609,2.1440231291004115,33,0.5454545454545454,2.5238095238095237,2.4495798319327733,0.07422969187675044,True
fc_east_Light & fc_south_Light,obs_rain_light,0.013232233125185846,0.3723849372384937,2.135260944472386,33,0.5454545454545454,2.5238095238095237,2.4495798319327733,0.07422969187675044,True
fc_central_Light & fc_north_Light & fc_south_Light,obs_rain_light,0.012340172465060957,0.37387387387387383,2.1437985299877877,33,0.5454545454545454,2.5238095238095237,2.4495798319327733,0.07422969187675044,True
fc_north_Light & fc_south_Light,obs_rain_light,0.012340172465060957,0.3721973094170404,2.134185083664973,33,0.5454545454545454,2.5238095238095237,2.4495798319327733,0.07422969187675044,True
fc_central_Light & fc_north_Light & fc_west_Light,obs_rain_light,0.012191495688373476,0.36771300448430494,2.1084720103678047,35,0.5428571428571428,2.5117913832199545,2.4495798319327733,0.062211551287181255,True
fc_north_Light & fc_west_Light,obs_rain_light,0.01352958667856081,0.3568627450980392,2.046256456546813,35,0.5428571428571428,2.5117913832199545,2.4495798319327733,0.062211551287181255,True
ctx_season_NE_monsoon & fc_south_Light & fc_west_Light,obs_rain_light,0.01055605114481118,0.398876404494382,2.2871634242363283,35,0.5428571428571428,2.5117913832199545,2.4495798319327733,0.062211551287181255,True
fc_south_Fair & fc_west_Thundery,obs_rain_light,0.01263752601843592,0.2823920265780731,1.6192402137801531,15,0.5333333333333333,2.467724867724868,2.4495798319327733,0.0181450357920947,False
ctx_block_2 & fc_south_Fair & fc_west_Thundery,obs_rain_light,0.010110020814748736,0.3119266055045872,1.7885919425608297,15,0.5333333333333333,2.467724867724868,2.4495798319327733,0.0181450357920947,False
fc_north_Thundery & fc_south_Fair & fc_west_Thundery,obs_rain_light,0.01263752601843592,0.28619528619528617,1.641048162787293,15,0.5333333333333333,2.467724867724868,2.4495798319327733,0.0181450357920947,False
fc_east_Light,obs_rain_light,0.015462384775498068,0.3561643835616438,2.0422520407805766,34,0.5294117647058824,2.4495798319327733,2.4495798319327733,0.0,True
fc_central_Light & fc_east_Light,obs_rain_light,0.013083556348498365,0.3793103448275862,2.174971337860481,34,0.5294117647058824,2.4495798319327733,2.4495798319327733,0.0,True
fc_central_Light & fc_north_Light,obs_rain_light,0.012786202795123401,0.36909871244635195,2.116417681086243,36,0.5277777777777778,2.442019400352734,2.4495798319327733,-0.007560431580039495,True
ctx_season_NE_monsoon & fc_south_Light,obs_rain_light,0.011002081474873625,0.4065934065934066,2.331412832691605,36,0.5277777777777778,2.442019400352734,2.4495798319327733,-0.007560431580039495,True
fc_north_Light,obs_rain_light,0.015165031222123104,0.3469387755102041,1.989352262644188,36,0.5277777777777778,2.442019400352734,2.4495798319327733,-0.007560431580039495,True
ctx_season_NE_monsoon & fc_west_Light,obs_rain_light,0.011002081474873625,0.3978494623655914,2.28127492231114,38,0.5263157894736842,2.435254803675856,2.4495798319327733,-0.014325028256917172,True
ctx_season_SW_monsoon & fc_west_Fair,obs_heat_hot & obs_rain_dry,0.07478441867380316,0.2967551622418879,1.1283070781452447,8,0.5,2.4291666666666667,2.0563178294573645,0.3728488372093022,False
ctx_season_SW_monsoon & fc_south_Fair,obs_heat_hot & obs_rain_dry,0.08177222717811478,0.2934898612593383,1.1158919201980266,8,0.5,2.4291666666666667,2.0563178294573645,0.3728488372093022,False
ctx_season_SW_monsoon & fc_east_Fair,obs_heat_hot & obs_rain_dry,0.07418971156705323,0.2943952802359882,1.1193344572454813,8,0.5,2.4291666666666667,2.0563178294573645,0.3728488372093022,False
ctx_season_SW_monsoon & fc_central_Fair,obs_heat_hot & obs_rain_dry,0.07983942908117753,0.2905844155844156,1.1048449854272353,8,0.5,2.4291666666666667,2.0563178294573645,0.3728488372093022,False
ctx_block_0 & ctx_season_inter_1,obs_heat_hot & obs_rain_dry,0.021409455842997322,0.5393258426966292,2.050596731474012,54,0.5,2.4291666666666667,2.0563178294573645,0.3728488372093022,True
ctx_season_SW_monsoon & fc_north_Fair,obs_heat_hot & obs_rain_dry,0.07136485280999108,0.29038112522686027,1.1040720453792323,8,0.5,2.4291666666666667,2.0563178294573645,0.3728488372093022,False
ctx_block_2 & fc_central_Thundery,obs_heat_not_hot & obs_rain_wet,0.015462384775498068,0.1309823677581864,3.5099099822372977,84,0.08333333333333333,2.4291666666666663,3.609047619047619,-1.1798809523809526,True
ctx_block_2 & fc_east_Thundery & fc_south_Fair,obs_heat_hot,0.01903062741599762,0.46043165467625896,1.5026022849842395,25,0.6,2.3795918367346935,1.9737699731055212,0.4058218636291724,False
fc_central_Light & fc_south_Light & fc_west_Light,obs_rain_light,0.013232233125185846,0.3723849372384937,2.135260944472386,35,0.5142857142857142,2.3795918367346935,2.4495798319327733,-0.06998799519807974,True
fc_central_Light & fc_west_Light,obs_rain_light,0.013232233125185846,0.36929460580912865,2.117540936634441,37,0.5135135135135135,2.376018876018876,2.4495798319327733,-0.07356095591389744,True
ctx_block_2 & fc_west_Thundery,obs_heat_not_hot & obs_rain_wet,0.01590841510556051,0.11810154525386313,3.1647449935357908,86,0.08139534883720931,2.3726744186046513,3.609047619047619,-1.2363732004429675,True
ctx_block_2 & fc_east_Thundery,obs_heat_not_hot & obs_rain_wet,0.016057091882247992,0.12080536912751678,3.2371988555843743,86,0.08139534883720931,2.3726744186046513,3.609047619047619,-1.2363732004429675,True
ctx_season_inter_1 & fc_west_Fair,obs_heat_hot & obs_rain_dry,0.06244424620874219,0.5562913907284768,2.1151022577952148,164,0.4878048780487805,2.3699186991869916,2.0563178294573645,0.3136008697296271,True
ctx_block_1 & ctx_season_inter_1 & fc_central_Fair,obs_heat_hot,0.0191793041926851,0.6482412060301508,2.1155120581071296,44,0.5909090909090909,2.3435374149659864,1.9737699731055212,0.3697674418604653,True
ctx_block_1 & ctx_season_inter_1 & fc_east_Fair,obs_heat_hot,0.018435920309247695,0.656084656084656,2.1411088776445397,44,0.5909090909090909,2.3435374149659864,1.9737699731055212,0.3697674418604653,True
ctx_block_1 & ctx_season_inter_1 & fc_north_Fair,obs_heat_hot,0.01784121320249777,0.6521739130434783,2.128346307195747,44,0.5909090909090909,2.3435374149659864,1.9737699731055212,0.3697674418604653,True
ctx_block_1 & fc_central_Thundery,obs_heat_not_hot & obs_rain_light,0.015313707998810586,0.2893258426966292,2.0124153236582503,14,0.42857142857142855,2.3351134846461945,2.88455195162177,-0.5494384669755754,False
ctx_season_inter_1 & fc_south_Fair,obs_heat_hot & obs_rain_dry,0.0672019030627416,0.5413173652694611,2.058168795252908,170,0.4764705882352941,2.3148529411764702,2.0563178294573645,0.2585351117191057,True
fc_central_Light & fc_south_Light,obs_rain_light,0.01367826345524829,0.3739837398373984,2.1444285031085606,36,0.5,2.3134920634920637,2.4495798319327733,-0.13608776844070958,True
fc_central_Fair & fc_north_Thundery & fc_west_Thundery,obs_rain_light,0.010853404698186143,0.2979591836734694,1.7085025314473616,10,0.5,2.3134920634920637,2.4495798319327733,-0.13608776844070958,False
fc_central_Fair & fc_south_Fair & fc_west_Thundery,obs_rain_light,0.010110020814748736,0.2833333333333333,1.62463768115942,10,0.5,2.3134920634920637,2.4495798319327733,-0.13608776844070958,False
ctx_block_2 & ctx_season_NE_monsoon,obs_rain_wet,0.01055605114481118,0.1339622641509434,2.906548995739501,90,0.1111111111111111,2.3134920634920633,3.569387755102041,-1.255895691609978,True
ctx_block_1 & ctx_season_inter_1 & fc_south_Fair,obs_heat_hot,0.01888195063931014,0.6446700507614214,2.103857720243241,43,0.5813953488372093,2.3058060433475718,1.9737699731055212,0.3320360702420506,True
ctx_block_1 & ctx_season_inter_1 & fc_west_Fair,obs_heat_hot,0.017395182872435324,0.6573033707865168,2.145086109611893,43,0.5813953488372093,2.3058060433475718,1.9737699731055212,0.3320360702420506,True
fc_east_Thundery & fc_south_Fair,obs_heat_hot,0.023788284269997028,0.4359673024523161,1.4227637439564667,26,0.5769230769230769,2.288069073783359,1.9737699731055212,0.31429910067783795,False
fc_east_Thundery & fc_north_Thundery & fc_south_Fair,obs_heat_hot,0.023639607493309546,0.4380165289256198,1.4294513214719644,26,0.5769230769230769,2.288069073783359,1.9737699731055212,0.31429910067783795,False
ctx_block_0 & ctx_season_inter_1 & fc_west_Fair,obs_heat_hot,0.020368718406184955,0.6227272727272727,2.032248246658727,40,0.575,2.280442176870748,1.9737699731055212,0.30667220376522697,True
ctx_block_0 & ctx_season_inter_1 & fc_south_Fair,obs_heat_hot,0.020666071959559915,0.6233183856502242,2.034177322602333,40,0.575,2.280442176870748,1.9737699731055212,0.30667220376522697,True
ctx_season_inter_1 & fc_north_Fair,obs_heat_hot & obs_rain_dry,0.06036277133511746,0.5464333781965006,2.077620634115129,154,0.4675324675324675,2.2714285714285714,2.0563178294573645,0.21511074197120683,True
ctx_block_2 & ctx_season_inter_1 & fc_south_Fair,obs_heat_hot,0.013826940231935772,0.6038961038961039,1.970793398740997,35,0.5714285714285714,2.266277939747327,1.9737699731055212,0.292507966641806,True
fc_west_Light,obs_rain_light,0.017246506095747845,0.33333333333333337,1.9113384484228475,43,0.4883720930232558,2.25968992248062,2.4495798319327733,-0.18988990945215312,True
ctx_season_inter_1 & fc_east_Fair,obs_heat_hot & obs_rain_dry,0.06289027653880463,0.5423076923076923,2.061934165325912,155,0.4645161290322581,2.256774193548387,2.0563178294573645,0.20045636409102263,True
fc_central_Light,obs_rain_light,0.014124293785310734,0.36964980544747084,2.119577656811329,39,0.48717948717948717,2.2541717541717543,2.4495798319327733,-0.19540807776101898,True
fc_south_Light & fc_west_Light,obs_rain_light,0.01575973832887303,0.343042071197411,1.9670085003186581,39,0.48717948717948717,2.2541717541717543,2.4495798319327733,-0.19540807776101898,True
ctx_season_inter_1 & fc_central_Fair,obs_heat_hot & obs_rain_dry,0.06690454950936664,0.5507955936352509,2.0942064232847355,167,0.4550898203592814,2.2109780439121756,2.0563178294573645,0.15466021445481104,True
ctx_block_2 & ctx_season_inter_1 & fc_central_Thundery,obs_heat_hot,0.010407374368123699,0.5,1.6317321688500728,27,0.5555555555555556,2.203325774754346,1.9737699731055212,0.22955580164882483,False
fc_south_Light,obs_rain_light,0.016354445435622957,0.34375,1.9710677749360612,40,0.475,2.1978174603174603,2.4495798319327733,-0.251762371615313,True
ctx_block_2 & fc_north_Thundery,obs_heat_not_hot & obs_rain_wet,0.0168004757656854,0.11495422177009156,3.080406755480621,93,0.07526881720430108,2.194086021505376,3.609047619047619,-1.4149615975422427,True
ctx_season_inter_1 & fc_south_Fair & fc_west_Fair,obs_heat_hot,0.06764793339280405,0.6026490066225165,1.9667235412630013,163,0.5521472392638037,2.1898084387129084,1.9737699731055212,0.21603846560738726,True
ctx_block_1 & fc_west_Thundery,obs_heat_not_hot & obs_rain_light,0.017395182872435324,0.27464788732394363,1.9103223269295189,15,0.4,2.1794392523364485,2.88455195162177,-0.7051126992853214,False
ctx_season_NE_monsoon & fc_central_Thundery,obs_heat_not_hot & obs_rain_light,0.016651798988997917,0.31024930747922436,2.157949164534915,70,0.4,2.1794392523364485,2.88455195162177,-0.7051126992853214,True
ctx_block_1 & fc_south_Thundery,obs_heat_not_hot & obs_rain_light,0.015462384775498068,0.2988505747126437,2.078664907463538,15,0.4,2.1794392523364485,2.88455195162177,-0.7051126992853214,False
ctx_season_NE_monsoon & fc_north_Thundery,obs_heat_not_hot & obs_rain_light,0.01575973832887303,0.3126843657817109,2.1748862918798215,65,0.4,2.1794392523364485,2.88455195162177,-0.7051126992853214,True
ctx_season_inter_1 & fc_west_Fair,obs_heat_hot,0.06764793339280405,0.6026490066225165,1.9667235412630013,164,0.5487804878048781,2.176455948232952,1.9737699731055212,0.2026859751274308,True
ctx_season_inter_1 & fc_south_Fair,obs_heat_hot,0.07508177222717811,0.6047904191616766,1.9737119647168544,170,0.5470588235294118,2.1696278511404565,1.9737699731055212,0.19585787803493537,True
ctx_block_0 & ctx_season_inter_1 & fc_central_Fair,obs_heat_hot,0.02096342551293488,0.618421052631579,2.018195050946143,44,0.5454545454545454,2.1632653061224487,1.9737699731055212,0.18949533301692756,True
ctx_block_1 & ctx_season_inter_1,obs_heat_hot & obs_rain_dry,0.021706809396372286,0.5387453874538746,2.0483897546719954,54,0.4444444444444444,2.159259259259259,2.0563178294573645,0.10294142980189447,True
ctx_block_2 & fc_west_Thundery,obs_heat_hot & obs_rain_light,0.010853404698186143,0.0805739514348786,2.630778627917444,86,0.06976744186046512,2.1407588739290087,2.134553775743707,0.006205098185301683,True
ctx_block_2 & ctx_season_NE_monsoon & fc_north_Thundery,obs_rain_light,0.012786202795123401,0.3269961977186312,1.8750012155630975,52,0.46153846153846156,2.135531135531136,2.4495798319327733,-0.31404869640163735,True
ctx_season_NE_monsoon & fc_west_Thundery,obs_heat_not_hot & obs_rain_light,0.017543859649122806,0.31805929919137466,2.2122718162990544,74,0.3918918918918919,2.1352614296539527,2.88455195162177,-0.7492905219678172,True
fc_east_Thundery & fc_north_Thundery,obs_heat_hot & obs_rain_light,0.012934879571810883,0.05922396187882913,1.9336911048398289,115,0.06956521739130435,2.134553775743707,2.134553775743707,0.0,True
fc_east_Thundery,obs_heat_hot & obs_rain_light,0.012934879571810883,0.058704453441295545,1.9167289021657954,115,0.06956521739130435,2.134553775743707,2.134553775743707,0.0,True
ctx_block_2 & ctx_season_inter_1 & fc_east_Thundery,obs_heat_hot,0.014272970561998216,0.5783132530120482,1.8873046772241804,41,0.5365853658536586,2.128090260494442,1.9737699731055212,0.15432028738892067,True
ctx_block_2 & ctx_season_inter_1 & fc_north_Thundery,obs_heat_hot,0.016651798988997917,0.5743589743589743,1.8744000298585448,41,0.5365853658536586,2.128090260494442,1.9737699731055212,0.15432028738892067,True
ctx_season_inter_1 & fc_north_Fair & fc_south_Fair,obs_heat_hot,0.06333630686886708,0.5916666666666667,1.930883066472586,146,0.5342465753424658,2.11881464914733,1.9737699731055212,0.14504467604180893,True
ctx_block_0 & ctx_season_inter_1 & fc_north_Fair,obs_heat_hot,0.020666071959559915,0.6123348017621144,1.9983327882833486,45,0.5333333333333333,2.1151927437641724,1.9737699731055212,0.14142277065865128,True
ctx_block_2 & ctx_season_NE_monsoon & fc_central_Thundery,obs_rain_light,0.014421647338685697,0.34275618374558303,1.965369217282857,57,0.45614035087719296,2.1105541631857423,2.4495798319327733,-0.339025668747031,True
ctx_block_2 & fc_north_Thundery & fc_south_Fair,obs_heat_hot,0.024829021706809395,0.46005509641873277,1.5013734005397363,32,0.53125,2.1069302721088436,1.9737699731055212,0.1331602990033225,True
ctx_season_inter_1 & fc_north_Fair & fc_west_Fair,obs_heat_hot,0.0631876300921796,0.5935754189944135,1.9371122116236899,147,0.5306122448979592,2.10440094405109,1.9737699731055212,0.13063097094556864,True
ctx_season_inter_1 & fc_east_Fair & fc_west_Fair,obs_heat_hot,0.0631876300921796,0.5944055944055945,1.9398214594721146,147,0.5306122448979592,2.10440094405109,1.9737699731055212,0.13063097094556864,True
ctx_season_inter_1 & fc_east_Fair & fc_south_Fair,obs_heat_hot,0.06675587273267916,0.5931307793923383,1.9356611461391882,147,0.5306122448979592,2.10440094405109,1.9737699731055212,0.13063097094556864,True
ctx_season_inter_1 & fc_central_Fair & fc_south_Fair,obs_heat_hot,0.07181088314005353,0.60678391959799,1.980217682297953,161,0.5279503105590062,2.0938437486795958,1.9737699731055212,0.12007377557407461,True
ctx_season_inter_1 & fc_central_Fair & fc_east_Fair,obs_heat_hot,0.06749925661611657,0.5997357992073977,1.9572163927554376,152,0.5263157894736842,2.0873612602935907,1.9737699731055212,0.11359128718806955,True
ctx_season_inter_1 & fc_central_Fair & fc_north_Fair,obs_heat_hot,0.06512042818911686,0.5918918918918918,1.9316180809630588,152,0.5263157894736842,2.0873612602935907,1.9737699731055212,0.11359128718806955,True
ctx_season_inter_1 & fc_central_Fair & fc_west_Fair,obs_heat_hot,0.0655664585191793,0.6,1.9580786026200871,156,0.5256410256410257,2.0846851561137276,1.9737699731055212,0.11091518300820646,True
ctx_block_0 & ctx_season_inter_1 & fc_east_Fair,obs_heat_hot,0.02096342551293488,0.6211453744493391,2.0270857780428213,46,0.5217391304347826,2.069210292812777,1.9737699731055212,0.09544031970725597,True
ctx_season_NE_monsoon & fc_east_Thundery,obs_heat_not_hot & obs_rain_light,0.014867677668748141,0.31645569620253167,2.201117903472831,58,0.3793103448275862,2.066709635836287,2.88455195162177,-0.8178423157854828,True
ctx_season_inter_1 & fc_central_Fair,obs_heat_hot,0.07374368123699078,0.6070991432068543,1.9812464033038826,167,0.5209580838323353,2.0661126726139556,1.9737699731055212,0.09234269950843443,True
ctx_season_NE_monsoon & fc_north_Thundery,obs_rain_light,0.01784121320249777,0.35398230088495575,2.0297399452278024,65,0.4461538461538462,2.0643467643467646,2.4495798319327733,-0.3852330675860087,True
ctx_season_inter_1 & fc_north_Fair,obs_heat_hot,0.06541778174249183,0.5921938088829072,1.9326033762961832,154,0.5194805194805194,2.0602526724975703,1.9737699731055212,0.08648269939204911,True
ctx_season_inter_1 & fc_east_Fair & fc_north_Fair,obs_heat_hot,0.06541778174249183,0.5945945945945946,1.9404382548487351,154,0.5194805194805194,2.0602526724975703,1.9737699731055212,0.08648269939204911,True
ctx_block_2 & ctx_season_NE_monsoon & fc_east_Thundery,obs_rain_light,0.011894142134998514,0.3292181069958848,1.887741677454664,45,0.4444444444444444,2.056437389770723,2.4495798319327733,-0.3931424421620502,True
ctx_season_inter_1,obs_heat_hot & obs_rain_dry,0.07641986321736545,0.47460757156048017,1.8045282794323287,215,0.4232558139534884,2.0563178294573645,2.0563178294573645,0.0,True
fc_east_Thundery & fc_south_Fair,obs_heat_hot & obs_rain_dry,0.01873327386262266,0.34332425068119893,1.3053696495657117,26,0.4230769230769231,2.055448717948718,2.0563178294573645,-0.0008691115086465473,False
ctx_season_NE_monsoon & fc_central_Thundery,obs_rain_light,0.0191793041926851,0.3573407202216066,2.048997173240005,70,0.44285714285714284,2.0490929705215417,2.4495798319327733,-0.4004868614112316,True
ctx_season_NE_monsoon & fc_central_Thundery & fc_north_Thundery,obs_rain_light,0.016651798988997917,0.3589743589743589,2.0583644829169123,61,0.4426229508196721,2.048009367681499,2.4495798319327733,-0.4015704642512743,True
ctx_block_2 & ctx_season_NE_monsoon & fc_west_Thundery,obs_rain_light,0.015462384775498068,0.35738831615120276,2.049270089030682,61,0.4426229508196721,2.048009367681499,2.4495798319327733,-0.4015704642512743,True
ctx_season_inter_1 & fc_east_Fair,obs_heat_hot,0.06913470115967886,0.5961538461538461,1.945526816705856,155,0.5161290322580645,2.0469607197717794,1.9737699731055212,0.07319074666625824,True
fc_north_Thundery & fc_south_Fair,obs_heat_hot,0.03018138566755873,0.4319148936170213,1.409538852240701,33,0.5151515151515151,2.0430839002267573,1.9737699731055212,0.06931392712123619,True
ctx_season_NE_monsoon & fc_north_Thundery & fc_west_Thundery,obs_rain_light,0.016651798988997917,0.3733333333333333,2.1406990622335886,64,0.4375,2.024305555555556,2.4495798319327733,-0.4252742763772175,True
fc_north_Thundery,obs_heat_hot & obs_rain_light,0.014124293785310734,0.05982367758186398,1.9532721136680442,122,0.06557377049180328,2.012079378774806,2.134553775743707,-0.12247439696890083,True
ctx_season_NE_monsoon & fc_south_Thundery,obs_heat_not_hot & obs_rain_light,0.016354445435622957,0.3235294117647059,2.2503193624916356,65,0.36923076923076925,2.0117900790797987,2.88455195162177,-0.8727618725419712,True
ctx_season_NE_monsoon & fc_central_Thundery & fc_west_Thundery,obs_rain_light,0.018287243532560213,0.3682634730538922,2.111628405592906,69,0.43478260869565216,2.0117322291235333,2.4495798319327733,-0.43784760280923996,True
ctx_season_NE_monsoon & fc_west_Thundery,obs_rain_light,0.020220041629497473,0.3665768194070081,2.1019571076995196,74,0.43243243243243246,2.0008580008580013,2.4495798319327733,-0.44872183107477204,True
ctx_block_2,obs_rain_wet,0.026761819803746655,0.10650887573964497,2.3108990265317813,146,0.0958904109589041,1.9965753424657535,3.569387755102041,-1.5728124126362877,True
ctx_season_NE_monsoon & fc_east_Thundery & fc_north_Thundery,obs_rain_light,0.016651798988997917,0.3578274760383386,2.051788238562545,58,0.43103448275862066,1.9943897099069512,2.4495798319327733,-0.4551901220258221,True
ctx_season_NE_monsoon & fc_east_Thundery,obs_rain_light,0.0168004757656854,0.3575949367088608,2.0504548544789407,58,0.43103448275862066,1.9943897099069512,2.4495798319327733,-0.4551901220258221,True
ctx_block_2 & ctx_season_inter_1,obs_heat_hot,0.02230151650312221,0.5535055350553506,1.8063455743727743,54,0.5,1.9829931972789114,1.9737699731055212,0.009223224173390276,True
ctx_block_1 & fc_central_Thundery,obs_rain_light,0.016354445435622957,0.3089887640449438,1.7717463145492685,14,0.42857142857142855,1.9829931972789114,2.4495798319327733,-0.46658663465386185,False
ctx_block_0 & ctx_season_inter_1,obs_heat_hot,0.02230151650312221,0.5617977528089888,1.8334069312922165,54,0.5,1.9829931972789114,1.9737699731055212,0.009223224173390276,True
ctx_block_1 & ctx_season_SW_monsoon & fc_north_Fair,obs_heat_hot,0.018287243532560213,0.39549839228295813,1.2906948988331763,2,0.5,1.9829931972789114,1.9737699731055212,0.009223224173390276,False
ctx_block_1 & ctx_season_inter_1,obs_heat_hot,0.022598870056497175,0.5608856088560885,1.8304301820310778,54,0.5,1.9829931972789114,1.9737699731055212,0.009223224173390276,True
ctx_season_NE_monsoon & fc_central_Thundery & fc_east_Thundery,obs_rain_light,0.016057091882247992,0.36363636363636365,2.085096489188561,56,0.42857142857142855,1.9829931972789114,2.4495798319327733,-0.46658663465386185,True
ctx_block_1 & ctx_season_SW_monsoon & fc_west_Fair,obs_heat_hot,0.01903062741599762,0.4102564102564102,1.3388571641846747,2,0.5,1.9829931972789114,1.9737699731055212,0.009223224173390276,False
ctx_block_1 & fc_central_Thundery & fc_west_Thundery,obs_rain_light,0.016205768658935474,0.3177842565597668,1.822179803598458,14,0.42857142857142855,1.9829931972789114,2.4495798319327733,-0.46658663465386185,False
ctx_block_1 & ctx_season_SW_monsoon & fc_central_Fair,obs_heat_hot,0.02096342551293488,0.3863013698630137,1.2606807441526588,2,0.5,1.9829931972789114,1.9737699731055212,0.009223224173390276,False
ctx_block_1 & ctx_season_SW_monsoon & fc_south_Fair,obs_heat_hot,0.021260779066309844,0.39285714285714285,1.282075275525057,2,0.5,1.9829931972789114,1.9737699731055212,0.009223224173390276,False
ctx_block_1 & ctx_season_SW_monsoon & fc_east_Fair,obs_heat_hot,0.018584597085935177,0.3980891719745223,1.2991498159634338,2,0.5,1.9829931972789114,1.9737699731055212,0.009223224173390276,False
ctx_block_1 & fc_central_Thundery & fc_south_Thundery,obs_rain_light,0.01575973832887303,0.32121212121212117,1.8418352321165616,14,0.42857142857142855,1.9829931972789114,2.4495798319327733,-0.46658663465386185,False
ctx_season_inter_1,obs_heat_hot,0.08994944989592625,0.5586334256694367,1.8230802625194718,215,0.49767441860465117,1.9737699731055212,1.9737699731055212,0.0,True
ctx_block_2 & ctx_season_NE_monsoon & fc_south_Thundery,obs_rain_light,0.014421647338685697,0.36466165413533835,2.0909755206430396,52,0.4230769230769231,1.9575702075702077,2.4495798319327733,-0.49200962436256557,True
ctx_season_NE_monsoon & fc_central_Thundery & fc_south_Thundery,obs_rain_light,0.017692536425810288,0.3730407523510972,2.139021398391713,64,0.421875,1.9520089285714286,2.4495798319327733,-0.4975709033613447,True
ctx_season_NE_monsoon & fc_east_Thundery & fc_west_Thundery,obs_rain_light,0.015611061552185548,0.3804347826086957,2.1814188813521627,57,0.42105263157894735,1.948203842940685,2.4495798319327733,-0.5013759889920884,True
ctx_block_1 & fc_east_Thundery,obs_heat_not_hot & obs_rain_light,0.0168004757656854,0.2769607843137255,1.9264097572845063,14,0.35714285714285715,1.9459279038718291,2.88455195162177,-0.9386240477499408,False
ctx_block_1 & fc_north_Thundery,obs_heat_not_hot & obs_rain_light,0.017395182872435324,0.2740046838407494,1.9058485041498245,14,0.35714285714285715,1.9459279038718291,2.88455195162177,-0.9386240477499408,False
ctx_block_3 & ctx_season_inter_1,obs_heat_hot,0.022747546833184657,0.5583941605839416,1.8222994294457018,53,0.49056603773584906,1.945578231292517,1.9737699731055212,-0.028191741813004212,True
ctx_season_NE_monsoon & fc_east_Thundery & fc_south_Thundery,obs_rain_light,0.015313707998810586,0.3786764705882353,2.1713366932450726,55,0.41818181818181815,1.934920634920635,2.4495798319327733,-0.5146591970121384,True
ctx_season_NE_monsoon & fc_north_Thundery & fc_south_Thundery,obs_rain_light,0.015313707998810586,0.3786764705882353,2.1713366932450726,55,0.41818181818181815,1.934920634920635,2.4495798319327733,-0.5146591970121384,True
ctx_block_3 & ctx_season_inter_1,obs_heat_hot & obs_rain_dry,0.018435920309247695,0.45255474452554745,1.720680164883455,53,0.39622641509433965,1.925,2.0563178294573645,-0.13131782945736448,True
ctx_season_NE_monsoon & fc_south_Thundery,obs_rain_light,0.01888195063931014,0.37352941176470594,2.1418233789679557,65,0.4153846153846154,1.9219780219780223,2.4495798319327733,-0.527601809954751,True
ctx_season_NE_monsoon & fc_south_Thundery & fc_west_Thundery,obs_rain_light,0.01888195063931014,0.37352941176470594,2.1418233789679557,65,0.4153846153846154,1.9219780219780223,2.4495798319327733,-0.527601809954751,True
ctx_block_3 & ctx_season_inter_1 & fc_central_Fair,obs_heat_hot,0.021706809396372286,0.5615384615384615,1.832560743477774,52,0.4807692307692308,1.9067242281527996,1.9737699731055212,-0.06704574495272153,True
ctx_block_3 & ctx_season_inter_1 & fc_north_Fair,obs_heat_hot,0.021558132619684804,0.5598455598455598,1.827036019175757,52,0.4807692307692308,1.9067242281527996,1.9737699731055212,-0.06704574495272153,True
ctx_block_3 & ctx_season_inter_1 & fc_south_Fair,obs_heat_hot,0.021706809396372286,0.5593869731800766,1.8255394379472076,52,0.4807692307692308,1.9067242281527996,1.9737699731055212,-0.06704574495272153,True
ctx_block_3 & ctx_season_inter_1 & fc_east_Fair,obs_heat_hot,0.021706809396372286,0.5615384615384615,1.832560743477774,52,0.4807692307692308,1.9067242281527996,1.9737699731055212,-0.06704574495272153,True
ctx_block_3 & ctx_season_inter_1 & fc_west_Fair,obs_heat_hot,0.021558132619684804,0.5576923076923077,1.8200089575635428,52,0.4807692307692308,1.9067242281527996,1.9737699731055212,-0.06704574495272153,True
fc_east_Thundery & fc_west_Thundery,obs_heat_hot & obs_rain_light,0.01159678858162355,0.06,1.9590291262135922,97,0.061855670103092786,1.8979924036896365,2.134553775743707,-0.23656137205407046,True
ctx_block_2 & fc_west_Fair,obs_heat_hot & obs_rain_dry,0.029735355337496282,0.3125,1.1881712832108535,44,0.38636363636363635,1.8770833333333332,2.0563178294573645,-0.1792344961240313,True
ctx_block_2 & ctx_season_NE_monsoon,obs_heat_not_hot & obs_rain_light,0.0191793041926851,0.24339622641509434,1.6929503814559714,90,0.34444444444444444,1.8767393561786083,2.88455195162177,-1.0078125954431616,True
fc_central_Thundery & fc_west_Thundery,obs_heat_not_hot & obs_rain_light,0.05263157894736842,0.2885085574572127,2.0067306695524434,105,0.34285714285714286,1.868090787716956,2.88455195162177,-1.016461163904814,True
ctx_block_1 & fc_west_Thundery,obs_rain_light,0.01903062741599762,0.30046948356807507,1.7228966295642565,15,0.4,1.8507936507936509,2.4495798319327733,-0.5987861811391224,False
ctx_block_1 & fc_south_Thundery,obs_rain_light,0.016651798988997917,0.32183908045977005,1.8454302260634383,15,0.4,1.8507936507936509,2.4495798319327733,-0.5987861811391224,False
ctx_block_1 & fc_south_Thundery & fc_west_Thundery,obs_rain_light,0.016651798988997917,0.32183908045977005,1.8454302260634383,15,0.4,1.8507936507936509,2.4495798319327733,-0.5987861811391224,False
ctx_block_2 & fc_west_Thundery,obs_rain_light,0.047725245316681535,0.35430463576158944,2.031588218356735,86,0.3953488372093023,1.8292727943890734,2.4495798319327733,-0.6203070375436999,True
ctx_block_2 & fc_north_Thundery & fc_west_Thundery,obs_rain_light,0.0440083258994945,0.35449101796407184,2.0326569367658545,76,0.39473684210526316,1.8264411027568923,2.4495798319327733,-0.623138729175881,True
ctx_block_3 & fc_east_Fair,obs_heat_hot & obs_rain_light,0.010704727921498661,0.04522613065326633,1.4766551202615017,135,0.05925925925925926,1.8183235867446395,2.134553775743707,-0.3162301889990675,True
ctx_block_3 & fc_west_Fair,obs_heat_hot & obs_rain_light,0.010704727921498661,0.045283018867924525,1.47851254808573,135,0.05925925925925926,1.8183235867446395,2.134553775743707,-0.3162301889990675,True
ctx_block_3 & fc_central_Fair,obs_heat_hot & obs_rain_light,0.010704727921498661,0.04525455688246386,1.4775832504439415,135,0.05925925925925926,1.8183235867446395,2.134553775743707,-0.3162301889990675,True
ctx_block_3 & fc_north_Fair,obs_heat_hot & obs_rain_light,0.010704727921498661,0.04525455688246386,1.4775832504439415,135,0.05925925925925926,1.8183235867446395,2.134553775743707,-0.3162301889990675,True
ctx_block_3 & fc_south_Fair,obs_heat_hot & obs_rain_light,0.010704727921498661,0.04522613065326633,1.4766551202615017,135,0.05925925925925926,1.8183235867446395,2.134553775743707,-0.3162301889990675,True
fc_central_Thundery & fc_south_Thundery,obs_heat_not_hot & obs_rain_light,0.051144811180493605,0.2945205479452055,2.0485472652321115,100,0.33,1.79803738317757,2.88455195162177,-1.0865145684442,True
ctx_block_2 & fc_central_Thundery & fc_west_Thundery,obs_rain_light,0.03806125483199524,0.3626062322946175,2.0791897002673463,75,0.38666666666666666,1.789100529100529,2.4495798319327733,-0.6604793028322442,True
fc_west_Thundery,obs_heat_not_hot & obs_rain_light,0.06199821587867975,0.27344262295081967,1.9019390713207993,119,0.3277310924369748,1.7856750176706195,2.88455195162177,-1.0988769339511504,True
fc_north_Thundery & fc_west_Thundery,obs_heat_not_hot & obs_rain_light,0.05798394290811775,0.2763997165131113,1.9225072319205652,104,0.3269230769230769,1.781272465851905,2.88455195162177,-1.103279485769865,True
ctx_block_1 & fc_east_Thundery & fc_south_Thundery,obs_rain_light,0.01590841510556051,0.3262195121951219,1.8705476888528472,13,0.38461538461538464,1.7796092796092797,2.4495798319327733,-0.6699705523234936,False
ctx_block_1 & fc_north_Thundery & fc_west_Thundery,obs_rain_light,0.018435920309247695,0.30617283950617286,1.7555997600328377,13,0.38461538461538464,1.7796092796092797,2.4495798319327733,-0.6699705523234936,False
ctx_block_1 & fc_north_Thundery & fc_south_Thundery,obs_rain_light,0.016057091882247992,0.32926829268292684,1.888029442954276,13,0.38461538461538464,1.7796092796092797,2.4495798319327733,-0.6699705523234936,False
fc_north_Thundery & fc_west_Thundery,obs_rain_light,0.07077014570324115,0.3373493975903614,1.934366622500231,104,0.38461538461538464,1.7796092796092797,2.4495798319327733,-0.6699705523234936,True
ctx_block_1 & fc_central_Thundery & fc_north_Thundery,obs_rain_light,0.016354445435622957,0.3142857142857143,1.8021191085129702,13,0.38461538461538464,1.7796092796092797,2.4495798319327733,-0.6699705523234936,False
ctx_block_1 & fc_central_Thundery & fc_east_Thundery,obs_rain_light,0.01590841510556051,0.3175074183976261,1.8205924093285872,13,0.38461538461538464,1.7796092796092797,2.4495798319327733,-0.6699705523234936,False
ctx_block_1 & fc_east_Thundery & fc_west_Thundery,obs_rain_light,0.017395182872435324,0.3031088082901554,1.7380305580218116,13,0.38461538461538464,1.7796092796092797,2.4495798319327733,-0.6699705523234936,False
ctx_block_2 & fc_west_Thundery,obs_heat_not_hot & obs_rain_light,0.03687184061849539,0.2737306843267108,1.9039426916044022,86,0.32558139534883723,1.7739621821343188,2.88455195162177,-1.1105897694874511,True
fc_north_Thundery & fc_west_Thundery,obs_heat_hot & obs_rain_light,0.012786202795123401,0.06094968107725018,1.9900366743960423,104,0.057692307692307696,1.7702429149797572,2.134553775743707,-0.3643108607639498,True
fc_central_Thundery,obs_heat_not_hot & obs_rain_light,0.05575379125780553,0.2808988764044944,1.9538012851050974,114,0.32456140350877194,1.7684046565010658,2.88455195162177,-1.116147295120704,True
fc_north_Thundery & fc_south_Fair,obs_heat_hot & obs_rain_dry,0.023342253939934582,0.33404255319148934,1.2700792610321974,33,0.36363636363636365,1.7666666666666666,2.0563178294573645,-0.2896511627906979,True
ctx_block_2 & ctx_season_inter_1 & fc_central_Fair,obs_heat_hot,0.011894142134998514,0.6153846153846154,2.0082857462770125,27,0.4444444444444444,1.7626606198034769,1.9737699731055212,-0.21110935330204428,False
fc_central_Thundery & fc_west_Thundery,obs_rain_light,0.06289027653880463,0.34474327628361856,1.9767632363884213,105,0.38095238095238093,1.7626606198034769,2.4495798319327733,-0.6869192121292964,True
ctx_block_2 & fc_central_Fair & fc_north_Thundery,obs_heat_hot,0.01694915254237288,0.4851063829787234,1.5831273808417725,18,0.4444444444444444,1.7626606198034769,1.9737699731055212,-0.21110935330204428,False
fc_west_Thundery,obs_rain_light,0.07582515611061552,0.3344262295081967,1.9176051318602994,119,0.37815126050420167,1.7496998799519807,2.4495798319327733,-0.6998799519807926,True
ctx_block_2 & ctx_season_NE_monsoon,obs_rain_light,0.022747546833184657,0.28867924528301886,1.6552912223133716,90,0.37777777777777777,1.7479717813051145,2.4495798319327733,-0.7016080506276587,True
ctx_block_2 & fc_east_Thundery & fc_west_Thundery,obs_rain_light,0.04029140648230747,0.3632707774798928,2.083000212557339,69,0.37681159420289856,1.7435012652403958,2.4495798319327733,-0.7060785666923775,True
ctx_season_inter_1 & fc_east_Thundery & fc_north_Thundery,obs_heat_hot,0.01992268807612251,0.4855072463768116,1.5844355842457227,57,0.43859649122807015,1.7394677169113257,1.9737699731055212,-0.23430225619419542,True
ctx_season_inter_1 & fc_east_Thundery,obs_heat_hot,0.01992268807612251,0.48201438848920863,1.5730367670928758,57,0.43859649122807015,1.7394677169113257,1.9737699731055212,-0.23430225619419542,True
ctx_season_inter_1 & fc_north_Thundery,obs_heat_hot,0.02289622360987214,0.49517684887459806,1.6159919871569852,57,0.43859649122807015,1.7394677169113257,1.9737699731055212,-0.23430225619419542,True
ctx_block_2 & fc_north_Thundery & fc_south_Fair,obs_rain_light,0.014719000892060661,0.2727272727272727,1.5638223668914204,32,0.375,1.7351190476190477,2.4495798319327733,-0.7144607843137256,True
ctx_block_2 & fc_central_Fair & fc_east_Thundery,obs_heat_hot,0.01367826345524829,0.4742268041237113,1.547622263239244,16,0.4375,1.7351190476190474,1.9737699731055212,-0.2386509254864737,False
fc_south_Thundery & fc_west_Thundery,obs_heat_not_hot & obs_rain_light,0.05292893250074338,0.2915642915642916,2.02798492767469,104,0.3173076923076923,1.7288820992092018,2.88455195162177,-1.1556698524125681,True
fc_central_Thundery & fc_north_Thundery & fc_west_Thundery,obs_rain_light,0.05976806422836753,0.34536082474226804,1.9803042687267645,94,0.3723404255319149,1.7228132387706856,2.4495798319327733,-0.7267665931620877,True
ctx_block_2 & fc_central_Thundery & fc_south_Thundery,obs_rain_light,0.03612845673505798,0.36818181818181817,2.111160195303418,70,0.37142857142857144,1.71859410430839,2.4495798319327733,-0.7309857276243832,True
fc_east_Thundery & fc_north_Thundery & fc_west_Thundery,obs_rain_light,0.06571513529586678,0.34184068058778033,1.9601197081273747,97,0.3711340206185567,1.7172312223858617,2.4495798319327733,-0.7323486095469116,True
fc_east_Thundery & fc_west_Thundery,obs_rain_light,0.06616116562592923,0.3423076923076923,1.9627975604957701,97,0.3711340206185567,1.7172312223858617,2.4495798319327733,-0.7323486095469116,True
fc_east_Thundery & fc_south_Thundery,obs_heat_not_hot & obs_rain_light,0.04906333630686887,0.29676258992805754,2.0641418612782987,89,0.3146067415730337,1.714165704084847,2.88455195162177,-1.1703862475369229,True
fc_north_Thundery & fc_south_Thundery,obs_heat_not_hot & obs_rain_light,0.04921201308355635,0.2971274685816876,2.0666797866395354,89,0.3146067415730337,1.714165704084847,2.88455195162177,-1.1703862475369229,True
ctx_season_inter_1,obs_heat_hot & obs_rain_light,0.01055605114481118,0.06555863342566944,2.14052120592744,215,0.05581395348837209,1.712607099143207,2.134553775743707,-0.4219466766005,True
ctx_block_2 & fc_south_Fair & fc_west_Fair,obs_heat_hot,0.03300624442462088,0.34687500000000004,1.132014192139738,44,0.4318181818181818,1.7125850340136053,1.9737699731055212,-0.26118493909191587,True
ctx_block_2 & fc_west_Fair,obs_heat_hot,0.03300624442462088,0.34687500000000004,1.132014192139738,44,0.4318181818181818,1.7125850340136053,1.9737699731055212,-0.26118493909191587,True
fc_south_Thundery,obs_heat_not_hot & obs_rain_light,0.053226286054118346,0.2922448979591837,2.0327189076250973,105,0.3142857142857143,1.7124165554072095,2.88455195162177,-1.1721353962145604,True
fc_central_Thundery & fc_south_Thundery & fc_west_Thundery,obs_rain_light,0.06036277133511746,0.3484978540772532,1.998292043072127,100,0.37,1.711984126984127,2.4495798319327733,-0.7375957049486463,True
fc_central_Thundery & fc_south_Thundery,obs_rain_light,0.060660124888492414,0.3493150684931507,2.002977963073258,100,0.37,1.711984126984127,2.4495798319327733,-0.7375957049486463,True
ctx_block_2 & ctx_season_inter_1,obs_heat_hot & obs_rain_dry,0.014867677668748141,0.36900369003690037,1.4030066812821886,54,0.35185185185185186,1.7094135802469135,2.0563178294573645,-0.34690424921045104,True
ctx_block_2 & fc_central_Thundery,obs_rain_light,0.041629497472494795,0.3526448362720403,2.0220709026135917,84,0.36904761904761907,1.7075774754346185,2.4495798319327733,-0.7420023564981548,True
fc_central_Thundery,obs_rain_light,0.06705322628605412,0.33782771535580525,1.9371093039072003,114,0.3684210526315789,1.7046783625730995,2.4495798319327733,-0.7449014693596738,True
fc_central_Fair & fc_north_Thundery,obs_rain_light,0.012340172465060957,0.2643312101910828,1.5156792154690732,19,0.3684210526315789,1.7046783625730995,2.4495798319327733,-0.7449014693596738,False
fc_central_Fair & fc_north_Thundery & fc_south_Fair,obs_rain_light,0.01159678858162355,0.25573770491803277,1.466403924363758,19,0.3684210526315789,1.7046783625730995,2.4495798319327733,-0.7449014693596738,False
ctx_season_inter_1 & fc_central_Thundery & fc_east_Thundery,obs_heat_hot,0.013975617008623252,0.4234234234234234,1.3818272420892506,42,0.42857142857142855,1.6997084548104955,1.9737699731055212,-0.2740615182950257,True
ctx_season_inter_1 & fc_central_Thundery & fc_north_Thundery,obs_heat_hot,0.015165031222123104,0.4232365145228216,1.381217271557738,42,0.42857142857142855,1.6997084548104955,1.9737699731055212,-0.2740615182950257,True
ctx_block_2 & fc_south_Thundery & fc_west_Thundery,obs_rain_light,0.03746654772524532,0.3673469387755102,2.106372983976199,71,0.36619718309859156,1.6943885535434833,2.4495798319327733,-0.75519127838929,True
ctx_block_2 & fc_south_Thundery,obs_rain_light,0.0376152245019328,0.3682678311499272,2.111653394982447,71,0.36619718309859156,1.6943885535434833,2.4495798319327733,-0.75519127838929,True
ctx_block_3,obs_heat_hot & obs_rain_light,0.01144811180493607,0.04550827423167849,1.485867245059561,145,0.05517241379310345,1.6929219600725953,2.134553775743707,-0.44163181567111165,True
fc_central_Thundery & fc_north_Thundery,obs_heat_not_hot & obs_rain_light,0.053226286054118346,0.2816679779701023,1.9591507960981467,103,0.3106796116504854,1.6927683513292802,2.88455195162177,-1.1917836002924898,True
ctx_block_2 & fc_north_Thundery,obs_rain_light,0.048765982753493906,0.3336724313326551,1.9132828415545082,93,0.3655913978494624,1.6915855948114014,2.4495798319327733,-0.7579942371213719,True
ctx_block_2 & fc_south_Thundery,obs_heat_not_hot & obs_rain_light,0.030032708890871247,0.2940320232896652,2.0451493160768233,71,0.30985915492957744,1.6882980123733051,2.88455195162177,-1.1962539392484648,True
ctx_block_2 & fc_central_Thundery,obs_heat_not_hot & obs_rain_light,0.03270889087124591,0.2770780856423174,1.927225650496615,84,0.30952380952380953,1.6864708500222518,2.88455195162177,-1.198081101599518,True
fc_east_Thundery & fc_west_Thundery,obs_heat_not_hot & obs_rain_light,0.05456437704430568,0.2823076923076923,1.9636003500119321,97,0.30927835051546393,1.6851334425281819,2.88455195162177,-1.199418509093588,True
fc_north_Thundery & fc_south_Fair,obs_rain_light,0.017989889979185252,0.2574468085106383,1.4762039505904117,33,0.36363636363636365,1.6825396825396826,2.4495798319327733,-0.7670401493930907,True
ctx_block_2,obs_heat_hot & obs_rain_light,0.013975617008623252,0.05562130177514793,1.8160625035905096,146,0.0547945205479452,1.681326604181687,2.134553775743707,-0.45322717156201997,True
fc_central_Fair & fc_north_Thundery & fc_south_Fair,obs_heat_hot,0.02096342551293488,0.46229508196721314,1.5086835134941656,19,0.42105263157894735,1.6698890082348727,1.9737699731055212,-0.3038809648706484,False
fc_central_Fair & fc_north_Thundery,obs_heat_hot,0.021558132619684804,0.46178343949044587,1.507013786517583,19,0.42105263157894735,1.6698890082348727,1.9737699731055212,-0.3038809648706484,False
ctx_block_2 & fc_east_Thundery & fc_south_Thundery,obs_rain_light,0.0336009515313708,0.36807817589576547,2.1105659088447726,61,0.36065573770491804,1.6687483736664066,2.4495798319327733,-0.7808314582663667,True
ctx_block_2 & fc_north_Thundery & fc_south_Thundery,obs_rain_light,0.03389830508474576,0.3695299837925446,2.1188905976032864,61,0.36065573770491804,1.6687483736664066,2.4495798319327733,-0.7808314582663667,True
fc_north_Thundery,obs_rain_light,0.07656853999405293,0.3243073047858942,1.8595830622249994,122,0.36065573770491804,1.6687483736664066,2.4495798319327733,-0.7808314582663667,True
ctx_block_2 & fc_central_Thundery & fc_north_Thundery,obs_rain_light,0.03895331549212013,0.3512064343163539,2.0138230837270217,75,0.36,1.6657142857142857,2.4495798319327733,-0.7838655462184876,True
fc_east_Thundery & fc_south_Thundery & fc_west_Thundery,obs_rain_light,0.05768658935474279,0.35018050541516244,2.007940391664435,89,0.3595505617977528,1.6636347422864277,2.4495798319327733,-0.7859450896463456,True
fc_east_Thundery & fc_south_Thundery,obs_rain_light,0.05798394290811775,0.35071942446043164,2.011030561739866,89,0.3595505617977528,1.6636347422864277,2.4495798319327733,-0.7859450896463456,True
fc_north_Thundery & fc_south_Thundery,obs_rain_light,0.058281296461492715,0.3518850987432675,2.017714555965232,89,0.3595505617977528,1.6636347422864277,2.4495798319327733,-0.7859450896463456,True
fc_central_Thundery & fc_north_Thundery & fc_south_Thundery,obs_rain_light,0.05753791257805531,0.3502262443438914,2.008202659383643,89,0.3595505617977528,1.6636347422864277,2.4495798319327733,-0.7859450896463456,True
fc_central_Thundery & fc_east_Thundery & fc_west_Thundery,obs_rain_light,0.05738923580136782,0.3502722323049002,2.0084663550577653,89,0.3595505617977528,1.6636347422864277,2.4495798319327733,-0.7859450896463456,True
fc_east_Thundery & fc_north_Thundery & fc_south_Thundery,obs_rain_light,0.05753791257805531,0.35086128739800543,2.0118440060008393,89,0.3595505617977528,1.6636347422864277,2.4495798319327733,-0.7859450896463456,True
fc_north_Thundery & fc_south_Thundery & fc_west_Thundery,obs_rain_light,0.05798394290811775,0.35071942446043164,2.011030561739866,89,0.3595505617977528,1.6636347422864277,2.4495798319327733,-0.7859450896463456,True
fc_central_Thundery & fc_east_Thundery & fc_south_Thundery,obs_rain_light,0.05768658935474279,0.351131221719457,2.013391813542257,89,0.3595505617977528,1.6636347422864277,2.4495798319327733,-0.7859450896463456,True
fc_central_Thundery & fc_north_Thundery,obs_rain_light,0.06393101397561701,0.33831628638867034,1.9399107777069025,103,0.3592233009708738,1.6621205116350748,2.4495798319327733,-0.7874593202976985,True
ctx_block_1 & fc_north_Thundery,obs_rain_light,0.01888195063931014,0.29742388758782207,1.7054331354779975,14,0.35714285714285715,1.6524943310657598,2.4495798319327733,-0.7970855008670135,False
ctx_block_1 & fc_east_Thundery & fc_north_Thundery,obs_rain_light,0.017692536425810288,0.29455445544554454,1.6889797675419713,14,0.35714285714285715,1.6524943310657598,2.4495798319327733,-0.7970855008670135,False
ctx_block_1 & fc_east_Thundery,obs_rain_light,0.01784121320249777,0.29411764705882354,1.6864751015495711,14,0.35714285714285715,1.6524943310657598,2.4495798319327733,-0.7970855008670135,False
fc_central_Fair & fc_west_Thundery,obs_rain_light,0.01263752601843592,0.288135593220339,1.6521739130434783,14,0.35714285714285715,1.6524943310657598,2.4495798319327733,-0.7970855008670135,False
fc_south_Thundery & fc_west_Thundery,obs_rain_light,0.06303895331549211,0.3472563472563472,1.9911732239097963,104,0.3557692307692308,1.6461385836385838,2.4495798319327733,-0.8034412482941895,True
fc_central_Fair & fc_east_Thundery,obs_rain_light,0.010258697591436218,0.25555555555555554,1.465359477124183,17,0.35294117647058826,1.6330532212885156,2.4495798319327733,-0.8165266106442577,False
fc_central_Fair & fc_east_Thundery & fc_south_Fair,obs_heat_hot,0.017692536425810288,0.4524714828897338,1.4766245482369478,17,0.4117647058823529,1.6330532212885152,1.9737699731055212,-0.340716751817006,False
fc_central_Fair & fc_east_Thundery & fc_north_Thundery,obs_heat_hot,0.017543859649122806,0.4555984555984556,1.4868293121568228,17,0.4117647058823529,1.6330532212885152,1.9737699731055212,-0.340716751817006,False
fc_central_Fair & fc_east_Thundery,obs_heat_hot,0.017989889979185252,0.44814814814814813,1.4625154994878429,17,0.4117647058823529,1.6330532212885152,1.9737699731055212,-0.340716751817006,False
fc_south_Thundery,obs_rain_light,0.06333630686886708,0.34775510204081633,1.9940330914974684,105,0.3523809523809524,1.6304610733182163,2.4495798319327733,-0.819118758614557,True
ctx_season_inter_1 & fc_central_Thundery,obs_heat_hot,0.015462384775498068,0.42448979591836733,1.3853073106972045,44,0.4090909090909091,1.6224489795918369,1.9737699731055212,-0.3513209935136843,True
ctx_block_2 & fc_east_Thundery,obs_rain_light,0.04504906333630687,0.3389261744966443,1.943407885476922,86,0.3488372093023256,1.6140642303433002,2.4495798319327733,-0.8355156015894731,True
ctx_block_2 & fc_east_Thundery & fc_north_Thundery,obs_rain_light,0.044900386559619386,0.3389450056116723,1.943515863379461,86,0.3488372093023256,1.6140642303433002,2.4495798319327733,-0.8355156015894731,True
fc_central_Thundery & fc_east_Thundery,obs_heat_not_hot & obs_rain_light,0.051590841510556054,0.28677685950413223,1.994685788029776,98,0.29591836734693877,1.612340263208087,2.88455195162177,-1.272211688413683,True
fc_east_Thundery & fc_north_Thundery,obs_rain_light,0.07151352958667856,0.3274336283185841,1.8775094493357174,115,0.34782608695652173,1.6093857832988268,2.4495798319327733,-0.8401940486339465,True
fc_east_Thundery,obs_rain_light,0.07195955991674101,0.3265856950067476,1.8726473867138826,115,0.34782608695652173,1.6093857832988268,2.4495798319327733,-0.8401940486339465,True
fc_north_Thundery,obs_heat_not_hot & obs_rain_light,0.06244424620874219,0.26448362720403024,1.8396244845649505,122,0.29508196721311475,1.607783055002298,2.88455195162177,-1.276768896619472,True
fc_central_Thundery & fc_east_Thundery,obs_rain_light,0.06155218554861731,0.3421487603305785,1.9618862421001457,98,0.3469387755102041,1.6052802073210237,2.4495798319327733,-0.8442996246117496,True
fc_central_Thundery & fc_east_Thundery & fc_north_Thundery,obs_rain_light,0.06140350877192982,0.34188741721854304,1.9603876966853542,98,0.3469387755102041,1.6052802073210237,2.4495798319327733,-0.8442996246117496,True
ctx_block_2,obs_heat_not_hot & obs_rain_wet,0.02007136485280999,0.07988165680473373,2.14057379947665,146,0.0547945205479452,1.5972602739726025,3.609047619047619,-2.0117873450750166,True
fc_central_Fair & fc_south_Fair & fc_west_Thundery,obs_heat_hot,0.014867677668748141,0.4166666666666667,1.3597768073750607,10,0.4,1.5863945578231293,1.9737699731055212,-0.38737541528239183,False
ctx_block_2 & ctx_season_inter_1 & fc_west_Thundery,obs_heat_hot,0.013232233125185846,0.5329341317365269,1.7392115332653468,25,0.4,1.5863945578231293,1.9737699731055212,-0.38737541528239183,False
ctx_block_2 & fc_south_Fair,obs_heat_hot,0.04906333630686887,0.3745743473325766,1.2224100243371714,60,0.4,1.5863945578231293,1.9737699731055212,-0.38737541528239183,True
fc_central_Fair & fc_north_Thundery & fc_west_Thundery,obs_heat_hot,0.015165031222123104,0.4163265306122449,1.3586667854914891,10,0.4,1.5863945578231293,1.9737699731055212,-0.38737541528239183,False
ctx_block_2 & fc_central_Thundery & fc_east_Thundery,obs_rain_light,0.03687184061849539,0.3547925608011445,2.034385988020885,70,0.34285714285714286,1.5863945578231293,2.4495798319327733,-0.863185274109644,True
fc_west_Thundery,obs_heat_hot & obs_rain_light,0.013826940231935772,0.06098360655737705,1.9911443577908643,119,0.05042016806722689,1.5471030517470146,2.134553775743707,-0.5874507239966924,True
ctx_block_2 & fc_south_Fair,obs_heat_hot & obs_rain_dry,0.040440083258994945,0.3087400681044268,1.173875465274378,60,0.31666666666666665,1.538472222222222,2.0563178294573645,-0.5178456072351425,True
ctx_block_2 & fc_north_Thundery,obs_heat_not_hot & obs_rain_light,0.03746654772524532,0.25635808748728384,1.7831070283758748,93,0.27956989247311825,1.5232639935684853,2.88455195162177,-1.3612879580532846,True
ctx_season_NE_monsoon & fc_west_Fair,obs_heat_not_hot & obs_rain_dry,0.1504608980077312,0.667986798679868,1.3351795565886453,245,0.7673469387755102,1.5164856451054995,1.2077212806026365,0.30876436450286304,True
fc_east_Thundery,obs_heat_not_hot & obs_rain_light,0.05902468034493012,0.26788124156545207,1.8632567019330202,115,0.2782608695652174,1.5161316537992686,2.88455195162177,-1.3684202978225013,True
fc_east_Thundery & fc_north_Thundery,obs_heat_not_hot & obs_rain_light,0.05857865001486768,0.2682096664397549,1.8655410718446654,115,0.2782608695652174,1.5161316537992686,2.88455195162177,-1.3684202978225013,True
ctx_season_NE_monsoon & fc_north_Fair,obs_heat_not_hot & obs_rain_dry,0.15388046387154328,0.6588160407383832,1.3168489420524114,258,0.7596899224806202,1.5013533044278018,1.2077212806026365,0.2936320238251653,True
ctx_season_NE_monsoon & fc_central_Fair,obs_heat_not_hot & obs_rain_dry,0.15269104965804342,0.6625806451612903,1.324373675885539,250,0.756,1.4940610169491524,1.2077212806026365,0.2863397363465159,True
fc_central_Thundery & fc_north_Thundery,obs_heat_hot & obs_rain_light,0.010704727921498661,0.05664830841856806,1.8495947690450911,103,0.04854368932038835,1.4895247828308635,2.134553775743707,-0.6450289929128434,True
ctx_block_2,obs_rain_light,0.06972940826642879,0.27751479289940834,1.5912740810242287,146,0.3219178082191781,1.4895085888236574,2.4495798319327733,-0.9600712431091158,True
fc_east_Thundery & fc_south_Fair & fc_west_Thundery,obs_heat_hot,0.011299435028248588,0.39790575916230364,1.2985512547916809,8,0.375,1.4872448979591837,1.9737699731055212,-0.48652507514633747,False
fc_central_Fair & fc_east_Thundery & fc_west_Thundery,obs_heat_hot,0.01159678858162355,0.39593908629441626,1.2921330880234079,8,0.375,1.4872448979591837,1.9737699731055212,-0.48652507514633747,False
ctx_block_2 & fc_east_Thundery & fc_south_Fair,obs_rain_light,0.01144811180493607,0.27697841726618705,1.5881984949125099,25,0.32,1.4806349206349207,2.4495798319327733,-0.9689449112978525,False
ctx_season_NE_monsoon & fc_south_Fair,obs_heat_not_hot & obs_rain_dry,0.15239369610466846,0.6612903225806451,1.3217945645400948,255,0.7411764705882353,1.464765702891326,1.2077212806026365,0.2570444222886894,True
ctx_season_NE_monsoon & fc_east_Fair,obs_heat_not_hot & obs_rain_dry,0.15551590841510557,0.6553884711779449,1.3099978773084269,266,0.7368421052631579,1.4561998215878678,1.2077212806026365,0.24847854098523126,True
ctx_block_2,obs_heat_not_hot & obs_rain_light,0.05575379125780553,0.22189349112426035,1.5433874056895296,146,0.2671232876712329,1.4554474459096147,2.88455195162177,-1.4291045057121552,True
ctx_season_inter_1 & fc_east_Thundery,obs_heat_hot & obs_rain_dry,0.012786202795123401,0.30935251798561153,1.1762040904303126,57,0.2982456140350877,1.4489766081871345,2.0563178294573645,-0.60734122127023,True
ctx_season_inter_1 & fc_north_Thundery,obs_heat_hot & obs_rain_dry,0.014719000892060661,0.3183279742765273,1.2103301045697696,57,0.2982456140350877,1.4489766081871345,2.0563178294573645,-0.60734122127023,True
ctx_block_2 & fc_east_Fair,obs_heat_not_hot & obs_rain_light,0.01650312221231044,0.16251830161054176,1.1304013408815965,49,0.2653061224489796,1.445546442876216,2.88455195162177,-1.439005508745554,True
ctx_block_2 & fc_central_Fair & fc_west_Thundery,obs_heat_hot,0.013380909901873328,0.45685279187817257,1.4909227938731628,11,0.36363636363636365,1.4421768707482994,1.9737699731055212,-0.5315931023572218,False
ctx_block_0 & ctx_season_NE_monsoon,obs_heat_not_hot & obs_rain_dry,0.0520368718406185,0.6835937500000001,1.3663749071322437,90,0.7222222222222222,1.427306967984934,1.2077212806026365,0.21958568738229745,True
fc_east_Thundery & fc_south_Fair,obs_rain_light,0.013826940231935772,0.25340599455040874,1.4530338613350802,26,0.3076923076923077,1.4236874236874237,2.4495798319327733,-1.0258924082453496,False
fc_east_Thundery & fc_north_Thundery & fc_south_Fair,obs_rain_light,0.013826940231935772,0.256198347107438,1.4690452537464858,26,0.3076923076923077,1.4236874236874237,2.4495798319327733,-1.0258924082453496,False
fc_central_Fair & fc_west_Thundery,obs_heat_hot,0.01873327386262266,0.4271186440677966,1.393886462882096,14,0.35714285714285715,1.4164237123420798,1.9737699731055212,-0.5573462607634414,False
ctx_season_SW_monsoon & fc_north_Fair,obs_rain_dry,0.2136485280999108,0.8693284936479129,1.1388982174280995,8,1.0,1.4048192771084338,1.1931341805578477,0.2116850965505861,False
ctx_block_0 & ctx_season_SW_monsoon,obs_rain_dry,0.07969075230449003,0.9054054054054054,1.1861622042767348,2,1.0,1.4048192771084338,1.1931341805578477,0.2116850965505861,False
ctx_block_0 & ctx_season_SW_monsoon & fc_central_Fair,obs_rain_dry,0.07448706512042819,0.9524714828897338,1.2478229828430756,2,1.0,1.4048192771084338,1.1931341805578477,0.2116850965505861,False
ctx_block_3 & ctx_season_SW_monsoon & fc_central_Fair,obs_rain_dry,0.07374368123699078,0.8493150684931506,1.1126788372974157,2,1.0,1.4048192771084338,1.1931341805578477,0.2116850965505861,False
ctx_season_SW_monsoon & fc_south_Fair & fc_west_Fair,obs_rain_dry,0.21900089206066012,0.8710821998817267,1.141195729724288,8,1.0,1.4048192771084338,1.1931341805578477,0.2116850965505861,False
ctx_season_SW_monsoon & fc_central_Fair & fc_north_Fair,obs_rain_dry,0.2127564674397859,0.8693803159173754,1.138966109244306,8,1.0,1.4048192771084338,1.1931341805578477,0.2116850965505861,False
ctx_season_SW_monsoon & fc_east_Fair,obs_rain_dry,0.21766280107047278,0.863716814159292,1.1315464144985194,8,1.0,1.4048192771084338,1.1931341805578477,0.2116850965505861,False
ctx_season_SW_monsoon & fc_east_Fair & fc_south_Fair,obs_rain_dry,0.21558132619684806,0.8687837028160575,1.1381844926257896,8,1.0,1.4048192771084338,1.1931341805578477,0.2116850965505861,False
ctx_block_3 & ctx_season_SW_monsoon,obs_rain_dry,0.0752304490038656,0.847571189279732,1.1103941992784334,2,1.0,1.4048192771084338,1.1931341805578477,0.2116850965505861,False
ctx_block_3 & ctx_season_SW_monsoon & fc_west_Fair,obs_rain_dry,0.0735950044603033,0.8505154639175257,1.1142514628572806,2,1.0,1.4048192771084338,1.1931341805578477,0.2116850965505861,False
ctx_season_SW_monsoon & fc_north_Fair & fc_west_Fair,obs_rain_dry,0.21097234611953614,0.8753855644663788,1.1468335229062845,8,1.0,1.4048192771084338,1.1931341805578477,0.2116850965505861,False
ctx_block_3 & ctx_season_SW_monsoon & fc_north_Fair,obs_rain_dry,0.07374368123699078,0.8493150684931506,1.1126788372974157,2,1.0,1.4048192771084338,1.1931341805578477,0.2116850965505861,False
ctx_season_SW_monsoon & fc_east_Fair & fc_west_Fair,obs_rain_dry,0.21112102289622361,0.8765432098765432,1.1483501421171853,8,1.0,1.4048192771084338,1.1931341805578477,0.2116850965505861,False
ctx_block_1 & ctx_season_SW_monsoon & fc_west_Fair,obs_rain_dry,0.03984537615224502,0.8589743589743589,1.1253333732881843,2,1.0,1.4048192771084338,1.1931341805578477,0.2116850965505861,False
ctx_season_SW_monsoon & fc_south_Fair,obs_rain_dry,0.23580136782634553,0.8463180362860191,1.1087524565757236,8,1.0,1.4048192771084338,1.1931341805578477,0.2116850965505861,False
ctx_block_0 & ctx_season_SW_monsoon & fc_west_Fair,obs_rain_dry,0.07418971156705323,0.9614643545279383,1.2596044504392119,2,1.0,1.4048192771084338,1.1931341805578477,0.2116850965505861,False
ctx_block_3 & ctx_season_SW_monsoon & fc_east_Fair,obs_rain_dry,0.07374368123699078,0.8493150684931506,1.1126788372974157,2,1.0,1.4048192771084338,1.1931341805578477,0.2116850965505861,False
ctx_block_0 & ctx_season_SW_monsoon & fc_east_Fair,obs_rain_dry,0.07478441867380316,0.9599236641221375,1.257586007963673,2,1.0,1.4048192771084338,1.1931341805578477,0.2116850965505861,False
ctx_season_SW_monsoon & fc_central_Fair & fc_south_Fair,obs_rain_dry,0.2295569432054713,0.8502202643171806,1.1138647249313123,8,1.0,1.4048192771084338,1.1931341805578477,0.2116850965505861,False
ctx_block_3 & ctx_season_SW_monsoon & fc_south_Fair,obs_rain_dry,0.0735950044603033,0.8505154639175257,1.1142514628572806,2,1.0,1.4048192771084338,1.1931341805578477,0.2116850965505861,False
ctx_block_0 & ctx_season_SW_monsoon & fc_south_Fair,obs_rain_dry,0.07433838834374071,0.9652509652509652,1.2645652497619775,2,1.0,1.4048192771084338,1.1931341805578477,0.2116850965505861,False
ctx_block_1 & ctx_season_SW_monsoon & fc_south_Fair,obs_rain_dry,0.04579244721974428,0.8461538461538461,1.1085373527913458,2,1.0,1.4048192771084338,1.1931341805578477,0.2116850965505861,False
ctx_season_SW_monsoon & fc_north_Fair & fc_south_Fair,obs_rain_dry,0.21112102289622361,0.8765432098765432,1.1483501421171853,8,1.0,1.4048192771084338,1.1931341805578477,0.2116850965505861,False
ctx_season_SW_monsoon & fc_west_Fair,obs_rain_dry,0.2191495688373476,0.8696165191740413,1.1392755566740558,8,1.0,1.4048192771084338,1.1931341805578477,0.2116850965505861,False
ctx_season_SW_monsoon & fc_central_Fair & fc_west_Fair,obs_rain_dry,0.21483794231341063,0.8725845410628019,1.1431639312793935,8,1.0,1.4048192771084338,1.1931341805578477,0.2116850965505861,False
ctx_season_SW_monsoon & fc_central_Fair & fc_east_Fair,obs_rain_dry,0.21468926553672316,0.8662267546490702,1.1348346614276679,8,1.0,1.4048192771084338,1.1931341805578477,0.2116850965505861,False
ctx_season_SW_monsoon & fc_central_Fair,obs_rain_dry,0.23148974130240857,0.8425324675324676,1.10379302232633,8,1.0,1.4048192771084338,1.1931341805578477,0.2116850965505861,False
ctx_season_SW_monsoon & fc_east_Fair & fc_north_Fair,obs_rain_dry,0.21290514421647339,0.8731707317073171,1.1439318935456593,8,1.0,1.4048192771084338,1.1931341805578477,0.2116850965505861,False
ctx_block_0 & ctx_season_SW_monsoon & fc_north_Fair,obs_rain_dry,0.07478441867380316,0.9544592030360532,1.2504270743320012,2,1.0,1.4048192771084338,1.1931341805578477,0.2116850965505861,False
ctx_block_2 & fc_east_Thundery,obs_heat_not_hot & obs_rain_light,0.03449301219149569,0.25950782997762867,1.8050151648702486,86,0.2558139534883721,1.3938274288198218,2.88455195162177,-1.4907245228019481,True
ctx_season_inter_1 & fc_east_Thundery & fc_west_Thundery,obs_rain_light,0.011894142134998514,0.3319502074688797,1.9034075834916324,40,0.3,1.388095238095238,2.4495798319327733,-1.0614845938375352,True
ctx_block_0 & fc_central_Fair,obs_heat_hot & obs_rain_dry,0.07106749925661612,0.33591004919184825,1.2771797574134376,119,0.2857142857142857,1.388095238095238,2.0563178294573645,-0.6682225913621265,True
ctx_season_inter_1 & fc_north_Thundery & fc_west_Thundery,obs_rain_light,0.013380909901873328,0.32727272727272727,1.8765868402697046,40,0.3,1.388095238095238,2.4495798319327733,-1.0614845938375352,True
ctx_block_0 & fc_south_Fair,obs_heat_hot & obs_rain_dry,0.07002676181980375,0.3359486447931526,1.2773265036058477,116,0.28448275862068967,1.3821120689655173,2.0563178294573645,-0.6742057604918472,True
ctx_block_0 & ctx_season_inter_1 & fc_north_Fair,obs_rain_dry,0.03300624442462088,0.9779735682819384,1.281232999661924,45,0.9777777777777777,1.3736010709504685,1.1931341805578477,0.18046689039262076,True
ctx_block_0 & ctx_season_inter_1 & fc_central_Fair,obs_rain_dry,0.033154921201308356,0.9780701754385965,1.281359563693027,44,0.9772727272727273,1.3728915662650603,1.1931341805578477,0.17975738570721256,True
ctx_block_0 & fc_west_Fair,obs_heat_hot & obs_rain_dry,0.06987808504311627,0.3364352183249821,1.2791765282384564,117,0.28205128205128205,1.3702991452991453,2.0563178294573645,-0.6860186841582192,True
ctx_block_0 & ctx_season_inter_1 & fc_west_Fair,obs_rain_dry,0.031965506987808506,0.9772727272727273,1.2803148351453768,40,0.975,1.369698795180723,1.1931341805578477,0.1765646146228752,True
ctx_block_0 & fc_east_Fair,obs_heat_hot & obs_rain_dry,0.07091882247992863,0.336864406779661,1.280808366308649,121,0.2809917355371901,1.3651515151515152,2.0563178294573645,-0.6911663143058493,True
ctx_block_0 & fc_north_Fair,obs_heat_hot & obs_rain_dry,0.07106749925661612,0.33685694150810436,1.2807799822405368,121,0.2809917355371901,1.3651515151515152,2.0563178294573645,-0.6911663143058493,True
ctx_block_0 & fc_north_Fair,obs_rain_dry,0.2047279214986619,0.9704016913319239,1.2713131624266694,121,0.9669421487603306,1.3583789704271632,1.1931341805578477,0.16524478986931546,True
ctx_block_0 & fc_east_Fair & fc_north_Fair,obs_rain_dry,0.2033898305084746,0.972972972972973,1.2746817717600734,120,0.9666666666666667,1.357991967871486,1.1931341805578477,0.16485778731363832,True
ctx_block_0 & fc_central_Fair & fc_east_Fair,obs_rain_dry,0.20294380017841213,0.9708392603129445,1.2718864169974415,119,0.9663865546218487,1.3575984610711755,1.1931341805578477,0.16446428051332784,True
ctx_block_0 & fc_central_Fair,obs_rain_dry,0.20457924472197442,0.9669711876317639,1.2668188952106048,119,0.9663865546218487,1.3575984610711755,1.1931341805578477,0.16446428051332784,True
ctx_block_0 & fc_central_Fair & fc_north_Fair,obs_rain_dry,0.2039845376152245,0.9709837225760792,1.2720756755057867,119,0.9663865546218487,1.3575984610711755,1.1931341805578477,0.16446428051332784,True
ctx_block_0 & fc_west_Fair,obs_rain_dry,0.2014570324115373,0.9699355762347889,1.270702509886091,117,0.9658119658119658,1.3567912676346412,1.1931341805578477,0.1636570870767935,True
ctx_block_0 & fc_north_Fair & fc_west_Fair,obs_rain_dry,0.20071364852809992,0.974025974025974,1.2760612974870864,116,0.9655172413793104,1.356377233070212,1.1931341805578477,0.16324305251236426,True
ctx_block_0 & fc_east_Fair & fc_west_Fair,obs_rain_dry,0.19982158786797502,0.9753265602322206,1.2777651819481723,115,0.9652173913043478,1.3559559979046623,1.1931341805578477,0.16282181734681456,True
ctx_block_0 & fc_south_Fair & fc_west_Fair,obs_rain_dry,0.2008623253047874,0.97264218862491,1.2742484146262456,115,0.9652173913043478,1.3559559979046623,1.1931341805578477,0.16282181734681456,True
ctx_block_0 & fc_central_Fair & fc_west_Fair,obs_rain_dry,0.20071364852809992,0.9726224783861671,1.2742225924474797,115,0.9652173913043478,1.3559559979046623,1.1931341805578477,0.16282181734681456,True
ctx_block_0 & fc_north_Fair,obs_heat_not_hot & obs_rain_dry,0.1336604222420458,0.6335447498238197,1.2663364003907907,121,0.6859504132231405,1.3556240369799692,1.2077212806026365,0.14790275637733274,True
ctx_block_0 & fc_central_Fair & fc_south_Fair,obs_rain_dry,0.2014570324115373,0.9720229555236729,1.273437163781111,114,0.9649122807017544,1.3555273726484887,1.1931341805578477,0.16239319209064096,True
ctx_block_0 & fc_north_Fair & fc_south_Fair,obs_rain_dry,0.2008623253047874,0.9761560693641619,1.2788519132339995,114,0.9649122807017544,1.3555273726484887,1.1931341805578477,0.16239319209064096,True
ctx_block_0 & fc_west_Fair,obs_heat_not_hot & obs_rain_dry,0.13157894736842105,0.6335003579098067,1.2662476693317561,117,0.6837606837606838,1.3512965377372157,1.2077212806026365,0.1435752571345792,True
ctx_block_0 & ctx_season_NE_monsoon & fc_west_Fair,obs_rain_dry,0.06393101397561701,0.9728506787330317,1.2745215553483389,75,0.96,1.3486265060240963,1.1931341805578477,0.15549232546624858,True
ctx_block_0 & ctx_season_NE_monsoon & fc_south_Fair,obs_rain_dry,0.06393101397561701,0.9684684684684683,1.268780467261184,74,0.9594594594594594,1.3478671442526864,1.1931341805578477,0.1547329636948387,True
ctx_block_0 & ctx_season_NE_monsoon & fc_north_Fair,obs_rain_dry,0.06378233719892953,0.9816933638443938,1.286106265137786,74,0.9594594594594594,1.3478671442526864,1.1931341805578477,0.1547329636948387,True
ctx_block_0 & ctx_season_NE_monsoon & fc_east_Fair,obs_rain_dry,0.06333630686886708,0.9726027397260275,1.2741967330341375,73,0.958904109589041,1.347086978049183,1.1931341805578477,0.15395279749133528,True
ctx_block_0 & ctx_season_NE_monsoon & fc_central_Fair,obs_rain_dry,0.06407969075230449,0.9729119638826186,1.2746018443853706,73,0.958904109589041,1.347086978049183,1.1931341805578477,0.15395279749133528,True
ctx_block_0 & fc_east_Fair,obs_rain_dry,0.2039845376152245,0.9689265536723164,1.2693805999220882,121,0.9586776859504132,1.3467688937568456,1.1931341805578477,0.1536347131989979,True
fc_central_Thundery,obs_heat_hot & obs_rain_light,0.011299435028248588,0.05692883895131086,1.8587542271190138,114,0.043859649122807015,1.345798707294552,2.134553775743707,-0.7887550684491549,True
ctx_block_0 & fc_central_Fair,obs_heat_not_hot & obs_rain_dry,0.13351174546535832,0.6310611384399157,1.2613721299099176,119,0.680672268907563,1.3451929924512176,1.2077212806026365,0.1374717118485811,True
ctx_block_0 & fc_south_Fair,obs_rain_dry,0.20205173951828725,0.9693295292439372,1.2699085340270202,116,0.9568965517241379,1.3442667220606563,1.1931341805578477,0.15113254150280864,True
ctx_block_0 & ctx_season_inter_1 & fc_east_Fair,obs_rain_dry,0.03285756764793339,0.9735682819383259,1.275461679843627,46,0.9565217391304348,1.3437401781037193,1.1931341805578477,0.15060599754587156,True
ctx_block_0 & fc_east_Fair & fc_south_Fair,obs_rain_dry,0.20071364852809992,0.9726224783861671,1.2742225924474797,115,0.9565217391304348,1.3437401781037193,1.1931341805578477,0.15060599754587156,True
ctx_block_0 & fc_east_Fair,obs_heat_not_hot & obs_rain_dry,0.13306571513529586,0.6320621468926554,1.263372956909361,121,0.6776859504132231,1.3392912172573188,1.2077212806026365,0.1315699366546823,True
ctx_block_2 & fc_south_Light & fc_west_Light,obs_heat_not_hot,0.014719000892060661,0.8839285714285715,1.2744487827285256,14,1.0,1.337155963302752,1.2584997301672962,0.07865623313545589,False
ctx_block_2 & ctx_season_NE_monsoon & fc_south_Light,obs_heat_not_hot,0.01352958667856081,0.9285714285714286,1.3388148828663298,14,1.0,1.337155963302752,1.2584997301672962,0.07865623313545589,False
ctx_season_NE_monsoon & fc_east_Light,obs_heat_not_hot,0.022450193279809693,0.967948717948718,1.3955890840135212,32,1.0,1.337155963302752,1.2584997301672962,0.07865623313545589,True
ctx_block_2 & ctx_season_NE_monsoon & fc_north_Light,obs_heat_not_hot,0.010704727921498661,0.9473684210526315,1.3659163987138263,11,1.0,1.337155963302752,1.2584997301672962,0.07865623313545589,False
ctx_block_2 & fc_central_Light & fc_south_Light,obs_heat_not_hot,0.012340172465060957,0.9431818181818182,1.3598801520023385,12,1.0,1.337155963302752,1.2584997301672962,0.07865623313545589,False
ctx_block_2 & fc_central_Light & fc_west_Light,obs_heat_not_hot,0.012042818911685994,0.9418604651162791,1.3579750243026993,13,1.0,1.337155963302752,1.2584997301672962,0.07865623313545589,False
ctx_block_2 & fc_north_Light,obs_heat_not_hot,0.013826940231935772,0.8017241379310344,1.155926377647189,11,1.0,1.337155963302752,1.2584997301672962,0.07865623313545589,False
ctx_season_NE_monsoon & fc_east_Light & fc_south_Light,obs_heat_not_hot,0.020220041629497473,0.9784172661870504,1.4106826435957343,31,1.0,1.337155963302752,1.2584997301672962,0.07865623313545589,True
ctx_block_2 & fc_east_Light & fc_south_Light,obs_heat_not_hot,0.010853404698186143,0.9605263157894737,1.384887459807074,10,1.0,1.337155963302752,1.2584997301672962,0.07865623313545589,False
ctx_block_2 & fc_east_Light,obs_heat_not_hot,0.013232233125185846,0.8557692307692307,1.2338486272569873,10,1.0,1.337155963302752,1.2584997301672962,0.07865623313545589,False
ctx_block_2 & fc_south_Light,obs_heat_not_hot,0.015016354445435623,0.8859649122807017,1.2773847802786709,14,1.0,1.337155963302752,1.2584997301672962,0.07865623313545589,False
ctx_block_2 & fc_north_Light & fc_south_Light,obs_heat_not_hot,0.010704727921498661,0.96,1.384128617363344,10,1.0,1.337155963302752,1.2584997301672962,0.07865623313545589,False
ctx_block_2 & ctx_season_NE_monsoon & fc_west_Light,obs_heat_not_hot,0.01352958667856081,0.8921568627450981,1.2863123384401993,15,1.0,1.337155963302752,1.2584997301672962,0.07865623313545589,False
ctx_block_2 & ctx_season_NE_monsoon & fc_central_Light,obs_heat_not_hot,0.01159678858162355,0.9629629629629629,1.3884006192687863,13,1.0,1.337155963302752,1.2584997301672962,0.07865623313545589,False
ctx_block_2 & fc_east_Light & fc_west_Light,obs_heat_not_hot,0.011299435028248588,0.9047619047619048,1.3044862961261674,10,1.0,1.337155963302752,1.2584997301672962,0.07865623313545589,False
ctx_season_NE_monsoon & fc_east_Light & fc_west_Light,obs_heat_not_hot,0.01992268807612251,0.9640287769784173,1.3899373106016795,30,1.0,1.337155963302752,1.2584997301672962,0.07865623313545589,True
ctx_block_2 & fc_central_Light & fc_east_Light,obs_heat_not_hot,0.011299435028248588,0.95,1.3697106109324757,10,1.0,1.337155963302752,1.2584997301672962,0.07865623313545589,False
ctx_block_2 & ctx_season_NE_monsoon & fc_east_Light,obs_heat_not_hot,0.01055605114481118,0.9594594594594594,1.383349265664378,10,1.0,1.337155963302752,1.2584997301672962,0.07865623313545589,False
ctx_season_NE_monsoon & fc_central_Light & fc_east_Light,obs_heat_not_hot,0.02096342551293488,0.9791666666666666,1.4117631296891746,32,1.0,1.337155963302752,1.2584997301672962,0.07865623313545589,True
ctx_block_2 & fc_west_Light,obs_heat_not_hot,0.016057091882247992,0.8,1.1534405144694533,15,1.0,1.337155963302752,1.2584997301672962,0.07865623313545589,False
ctx_block_2 & fc_north_Light & fc_west_Light,obs_heat_not_hot,0.012042818911685994,0.8350515463917526,1.2039778565982697,11,1.0,1.337155963302752,1.2584997301672962,0.07865623313545589,False
ctx_block_2 & fc_east_Light & fc_north_Light,obs_heat_not_hot,0.012934879571810883,0.8529411764705882,1.22977113675052,10,1.0,1.337155963302752,1.2584997301672962,0.07865623313545589,False
ctx_season_NE_monsoon & fc_east_Light & fc_north_Light,obs_heat_not_hot,0.021855486173059768,0.9671052631578947,1.3943729903536977,31,1.0,1.337155963302752,1.2584997301672962,0.07865623313545589,True
ctx_block_2 & fc_central_Light & fc_north_Light,obs_heat_not_hot,0.011150758251561105,0.9493670886075949,1.3687980788798892,11,1.0,1.337155963302752,1.2584997301672962,0.07865623313545589,False
ctx_block_2 & fc_central_Light,obs_heat_not_hot,0.012934879571810883,0.9354838709677419,1.3487812467586349,13,1.0,1.337155963302752,1.2584997301672962,0.07865623313545589,False
ctx_season_inter_1 & fc_west_Thundery,obs_rain_light,0.013826940231935772,0.32068965517241377,1.8388394038274978,45,0.28888888888888886,1.3366843033509699,2.4495798319327733,-1.1128955285818034,True
ctx_block_0 & ctx_season_inter_1 & fc_south_Fair,obs_rain_dry,0.03226286054118347,0.9730941704035876,1.2748405512533172,40,0.95,1.334578313253012,1.1931341805578477,0.14144413269516432,True
ctx_block_0 & fc_south_Fair,obs_heat_not_hot & obs_rain_dry,0.1320249776984835,0.6333808844507847,1.2660088644326828,116,0.6724137931034483,1.3288720046756282,1.2077212806026365,0.12115072407299166,True
ctx_block_2 & fc_central_Fair & fc_south_Fair,obs_heat_hot,0.04073743681236991,0.3682795698924731,1.2018672426476342,45,0.3333333333333333,1.3219954648526075,1.9737699731055212,-0.6517745082529136,True
fc_north_Thundery & fc_south_Fair & fc_west_Thundery,obs_heat_hot,0.017692536425810288,0.4006734006734007,1.3075833541626845,15,0.3333333333333333,1.3219954648526075,1.9737699731055212,-0.6517745082529136,False
ctx_block_2 & fc_south_Fair & fc_west_Thundery,obs_heat_hot,0.013975617008623252,0.43119266055045874,1.4071818703844665,15,0.3333333333333333,1.3219954648526075,1.9737699731055212,-0.6517745082529136,False
fc_south_Fair & fc_west_Thundery,obs_heat_hot,0.017989889979185252,0.4019933554817276,1.3118909796070353,15,0.3333333333333333,1.3219954648526075,1.9737699731055212,-0.6517745082529136,False
fc_north_Thundery & fc_south_Fair,obs_heat_not_hot & obs_rain_light,0.012934879571810883,0.1851063829787234,1.2875134766441505,33,0.24242424242424243,1.320872274143302,2.88455195162177,-1.5636796774784678,True
ctx_block_3 & ctx_season_NE_monsoon,obs_heat_not_hot & obs_rain_dry,0.045495093666369314,0.5795454545454546,1.1584019991895178,90,0.6666666666666666,1.3175141242937851,1.2077212806026365,0.10979284369114861,True
ctx_season_NE_monsoon & fc_west_Light,obs_heat_not_hot,0.025572405590246802,0.9247311827956989,1.3332780140372713,38,0.9736842105263158,1.3019676484789957,1.2584997301672962,0.043467918311699494,True
ctx_season_NE_monsoon & fc_south_Light,obs_heat_not_hot,0.025721082366934284,0.9505494505494505,1.370502809088018,36,0.9722222222222222,1.300012742099898,1.2584997301672962,0.04151301193260171,True
ctx_season_NE_monsoon & fc_central_Light,obs_heat_not_hot,0.022747546833184657,0.9683544303797469,1.3961740404574872,36,0.9722222222222222,1.300012742099898,1.2584997301672962,0.04151301193260171,True
ctx_season_NE_monsoon & fc_south_Light & fc_west_Light,obs_heat_not_hot,0.02512637526018436,0.949438202247191,1.3689006105711912,35,0.9714285714285714,1.298951507208388,1.2584997301672962,0.04045177704109171,True
ctx_season_NE_monsoon & fc_central_Light & fc_south_Light,obs_heat_not_hot,0.021706809396372286,0.9668874172185431,1.3940588999382466,34,0.9705882352941176,1.2978278467350242,1.2584997301672962,0.039328116567727944,True
ctx_season_NE_monsoon & fc_central_Light & fc_west_Light,obs_heat_not_hot,0.021558132619684804,0.9666666666666667,1.3937406216505894,34,0.9705882352941176,1.2978278467350242,1.2584997301672962,0.039328116567727944,True
ctx_season_NE_monsoon & fc_central_Light & fc_north_Light,obs_heat_not_hot,0.020814748736247397,0.9790209790209791,1.4115530771479325,33,0.9696969696969697,1.2966360856269112,1.2584997301672962,0.03813635545961502,True
ctx_season_NE_monsoon & fc_north_Light,obs_heat_not_hot,0.02230151650312221,0.9554140127388535,1.377516537981035,33,0.9696969696969697,1.2966360856269112,1.2584997301672962,0.03813635545961502,True
ctx_season_NE_monsoon,obs_heat_not_hot & obs_rain_wet,0.013232233125185846,0.042461832061068704,1.137841762720112,360,0.044444444444444446,1.2955555555555556,3.609047619047619,-2.3134920634920633,True
ctx_season_NE_monsoon & fc_north_Light & fc_west_Light,obs_heat_not_hot,0.020368718406184955,0.9513888888888888,1.3717131118256518,32,0.96875,1.2953698394495412,1.2584997301672962,0.03687010928224499,True
ctx_season_NE_monsoon & fc_north_Light & fc_south_Light,obs_heat_not_hot,0.01992268807612251,0.9781021897810219,1.410228366230901,31,0.967741935483871,1.2940218999704054,1.2584997301672962,0.03552216980310918,True
ctx_block_1 & fc_east_Fair,obs_heat_hot & obs_rain_dry,0.06036277133511746,0.34175084175084175,1.2993873157807583,124,0.2661290322580645,1.2929435483870966,2.0563178294573645,-0.763374281070268,True
ctx_season_inter_1 & fc_east_Thundery & fc_west_Thundery,obs_heat_hot,0.01575973832887303,0.43983402489626555,1.4353826547560804,40,0.325,1.2889455782312924,1.9737699731055212,-0.6848243948742287,True
ctx_season_inter_1 & fc_north_Thundery & fc_west_Thundery,obs_heat_hot,0.01873327386262266,0.4581818181818182,1.4952600238189757,40,0.325,1.2889455782312924,1.9737699731055212,-0.6848243948742287,True
ctx_season_inter_1 & fc_central_Thundery & fc_south_Thundery,obs_rain_light,0.010258697591436218,0.3333333333333333,1.9113384484228473,36,0.2777777777777778,1.285273368606702,2.4495798319327733,-1.1643064633260714,True
ctx_season_inter_1 & fc_central_Thundery & fc_west_Thundery,obs_rain_light,0.011150758251561105,0.3333333333333333,1.9113384484228473,36,0.2777777777777778,1.285273368606702,2.4495798319327733,-1.1643064633260714,True
fc_central_Fair & fc_north_Thundery,obs_heat_hot & obs_rain_dry,0.01694915254237288,0.3630573248407643,1.380397720112482,19,0.2631578947368421,1.2785087719298245,2.0563178294573645,-0.77780905752754,False
ctx_block_1 & ctx_season_NE_monsoon,obs_heat_not_hot & obs_rain_dry,0.051144811180493605,0.6539923954372624,1.3072073853524595,90,0.6444444444444445,1.2735969868173258,1.2077212806026365,0.0658757062146893,True
ctx_block_1 & fc_central_Fair,obs_heat_hot & obs_rain_dry,0.0648230746357419,0.3471337579617834,1.3198539604584258,123,0.2601626016260163,1.2639566395663957,2.0563178294573645,-0.7923611898909688,True
ctx_block_1 & fc_north_Fair,obs_heat_hot & obs_rain_dry,0.06006541778174249,0.3435374149659864,1.3061801317474417,123,0.2601626016260163,1.2639566395663957,2.0563178294573645,-0.7923611898909688,True
fc_central_Light & fc_east_Light,obs_heat_not_hot,0.03181683021112102,0.9224137931034481,1.3299368000887013,34,0.9411764705882353,1.2584997301672962,1.2584997301672962,0.0,True
fc_east_Light,obs_heat_not_hot,0.03746654772524532,0.863013698630137,1.2442937056776637,34,0.9411764705882353,1.2584997301672962,1.2584997301672962,0.0,True
fc_east_Light & fc_north_Light,obs_heat_not_hot,0.03479036574487065,0.8666666666666666,1.2495605573419077,33,0.9393939393939394,1.2561162079510704,1.2584997301672962,-0.002383522216225842,True
fc_east_Light & fc_south_Light,obs_heat_not_hot,0.03256021409455843,0.916317991631799,1.321147869606748,33,0.9393939393939394,1.2561162079510704,1.2584997301672962,-0.002383522216225842,True
fc_central_Light & fc_east_Light & fc_south_Light,obs_heat_not_hot,0.030776092774308653,0.9282511210762332,1.3383530633137715,33,0.9393939393939394,1.2561162079510704,1.2584997301672962,-0.002383522216225842,True
fc_central_Light & fc_east_Light & fc_north_Light,obs_heat_not_hot,0.03151947665774606,0.9217391304347825,1.3289640710191526,33,0.9393939393939394,1.2561162079510704,1.2584997301672962,-0.002383522216225842,True
fc_east_Light & fc_north_Light & fc_south_Light,obs_heat_not_hot,0.03047873922093369,0.9276018099547512,1.3374168861212554,32,0.9375,1.2535837155963303,1.2584997301672962,-0.00491601457096591,True
fc_central_Light & fc_east_Light & fc_west_Light,obs_heat_not_hot,0.030330062444246207,0.9272727272727272,1.3369424144986846,32,0.9375,1.2535837155963303,1.2584997301672962,-0.00491601457096591,True
fc_east_Light & fc_north_Light & fc_west_Light,obs_heat_not_hot,0.031222123104371096,0.9051724137931033,1.3050781683113424,32,0.9375,1.2535837155963303,1.2584997301672962,-0.00491601457096591,True
fc_east_Light & fc_south_Light & fc_west_Light,obs_heat_not_hot,0.03166815343443354,0.9141630901287554,1.318040931233871,32,0.9375,1.2535837155963303,1.2584997301672962,-0.00491601457096591,True
fc_east_Light & fc_west_Light,obs_heat_not_hot,0.03270889087124591,0.894308943089431,1.289415209264633,32,0.9375,1.2535837155963303,1.2584997301672962,-0.00491601457096591,True
ctx_block_0 & ctx_season_inter_1,obs_rain_dry,0.03612845673505798,0.9101123595505618,1.1923287359441135,54,0.8888888888888888,1.2487282463186078,1.1931341805578477,0.05559406576076009,True
ctx_block_1 & fc_west_Fair,obs_heat_hot & obs_rain_dry,0.0608088016651799,0.3528904227782571,1.3417416526888395,121,0.256198347107438,1.2446969696969696,2.0563178294573645,-0.8116208597603949,True
ctx_block_1 & fc_central_Thundery & fc_south_Thundery,obs_heat_not_hot,0.04192685102586976,0.8545454545454545,1.2320841859105522,14,0.9285714285714286,1.2416448230668413,1.2584997301672962,-0.016854907100454897,False
ctx_block_1 & fc_central_Thundery & fc_west_Thundery,obs_heat_not_hot,0.04341361879274457,0.8513119533527697,1.2274221218115173,14,0.9285714285714286,1.2416448230668413,1.2584997301672962,-0.016854907100454897,False
ctx_block_1 & fc_east_Thundery,obs_heat_not_hot,0.048914659530181384,0.8063725490196079,1.1626284597440262,14,0.9285714285714286,1.2416448230668413,1.2584997301672962,-0.016854907100454897,False
ctx_block_1 & fc_central_Thundery,obs_heat_not_hot,0.04475170978293191,0.8455056179775281,1.2190505437335164,14,0.9285714285714286,1.2416448230668413,1.2584997301672962,-0.016854907100454897,False
ctx_block_0 & fc_south_Thundery,obs_heat_not_hot,0.014272970561998216,0.8495575221238938,1.2248925817374725,14,0.9285714285714286,1.2416448230668413,1.2584997301672962,-0.016854907100454897,False
ctx_block_1 & fc_east_Thundery & fc_north_Thundery,obs_heat_not_hot,0.04846862920011894,0.806930693069307,1.1634331921938175,14,0.9285714285714286,1.2416448230668413,1.2584997301672962,-0.016854907100454897,False
ctx_block_1 & fc_north_Thundery,obs_heat_not_hot,0.05084745762711865,0.8009367681498829,1.1547911473903778,14,0.9285714285714286,1.2416448230668413,1.2584997301672962,-0.016854907100454897,False
fc_south_Fair & fc_west_Fair,obs_heat_hot & obs_rain_dry,0.22212310437109722,0.3127485869792757,1.1891164477233511,415,0.25542168674698795,1.2409236947791165,2.0563178294573645,-0.8153941346782481,True
ctx_block_2 & fc_central_Fair,obs_heat_hot,0.0440083258994945,0.37279596977329976,1.2166063525935051,48,0.3125,1.2393707482993197,1.9737699731055212,-0.7343992248062015,True
fc_west_Fair,obs_heat_hot & obs_rain_dry,0.2222717811477847,0.31236941078144587,1.187674763660828,417,0.2541966426858513,1.2349720223820941,2.0563178294573645,-0.8213458070752704,True
ctx_block_1 & fc_south_Fair,obs_heat_hot & obs_rain_dry,0.06437704430567945,0.3489121676067687,1.326615737322287,122,0.2540983606557377,1.2344945355191257,2.0563178294573645,-0.8218232939382388,True
ctx_block_1 & fc_central_Thundery & fc_north_Thundery,obs_heat_not_hot,0.0440083258994945,0.8457142857142858,1.219351401010565,13,0.9230769230769231,1.2342978122794637,1.2584997301672962,-0.024201917887832547,False
fc_central_Light,obs_heat_not_hot,0.03464168896818317,0.9066147859922179,1.3071577814755964,39,0.9230769230769231,1.2342978122794637,1.2584997301672962,-0.024201917887832547,True
ctx_block_1 & fc_east_Thundery & fc_west_Thundery,obs_heat_not_hot,0.047130538209931606,0.8212435233160622,1.1840694400479816,13,0.9230769230769231,1.2342978122794637,1.2584997301672962,-0.024201917887832547,False
ctx_block_1 & fc_north_Thundery & fc_west_Thundery,obs_heat_not_hot,0.04906333630686887,0.8148148148148148,1.1748005239966655,13,0.9230769230769231,1.2342978122794637,1.2584997301672962,-0.024201917887832547,False
ctx_block_1 & fc_central_Thundery & fc_east_Thundery,obs_heat_not_hot,0.04252155813261969,0.8486646884272997,1.2236052935395536,13,0.9230769230769231,1.2342978122794637,1.2584997301672962,-0.024201917887832547,False
ctx_block_1 & fc_north_Thundery & fc_south_Thundery,obs_heat_not_hot,0.041480820695807316,0.850609756097561,1.2264096933573836,13,0.9230769230769231,1.2342978122794637,1.2584997301672962,-0.024201917887832547,False
ctx_block_1 & fc_east_Thundery & fc_south_Thundery,obs_heat_not_hot,0.041629497472494795,0.8536585365853658,1.2308054270253312,13,0.9230769230769231,1.2342978122794637,1.2584997301672962,-0.024201917887832547,False
ctx_block_0 & fc_west_Thundery,obs_heat_not_hot,0.014421647338685697,0.8434782608695652,1.2161274989514888,13,0.9230769230769231,1.2342978122794637,1.2584997301672962,-0.024201917887832547,False
ctx_block_0 & fc_south_Thundery & fc_west_Thundery,obs_heat_not_hot,0.013826940231935772,0.8454545454545455,1.218976907337036,13,0.9230769230769231,1.2342978122794637,1.2584997301672962,-0.024201917887832547,False
ctx_block_2 & fc_south_Fair,obs_rain_light,0.026613143027059173,0.20317820658342792,1.1650269543735177,60,0.26666666666666666,1.233862433862434,2.4495798319327733,-1.2157173980703393,True
ctx_season_inter_1 & fc_west_Thundery,obs_heat_hot,0.02007136485280999,0.46551724137931033,1.5191989158259296,45,0.3111111111111111,1.2338624338624338,1.9737699731055212,-0.7399075392430874,True
ctx_block_0,obs_heat_hot & obs_rain_dry,0.07344632768361582,0.29794933655006034,1.1328475057296246,146,0.2534246575342466,1.2312214611872145,2.0563178294573645,-0.82509636827015,True
fc_central_Light & fc_west_Light,obs_heat_not_hot,0.03270889087124591,0.9128630705394192,1.3161665621539407,37,0.918918918918919,1.2287379122241509,1.2584997301672962,-0.029761817943145363,True
fc_north_Light,obs_heat_not_hot,0.03627713351174547,0.8299319727891158,1.1965964520856576,36,0.9166666666666666,1.2257262996941896,1.2584997301672962,-0.03277343047310666,True
fc_central_Light & fc_south_Light,obs_heat_not_hot,0.03345227475468332,0.9146341463414636,1.3187201003842837,36,0.9166666666666666,1.2257262996941896,1.2584997301672962,-0.03277343047310666,True
fc_central_Light & fc_north_Light,obs_heat_not_hot,0.03166815343443354,0.9141630901287554,1.318040931233871,36,0.9166666666666666,1.2257262996941896,1.2584997301672962,-0.03277343047310666,True
fc_north_Light & fc_west_Light,obs_heat_not_hot,0.03256021409455843,0.8588235294117645,1.2382523170039716,35,0.9142857142857143,1.2225425950196591,1.2584997301672962,-0.0359571351476371,True
fc_central_Light & fc_north_Light & fc_west_Light,obs_heat_not_hot,0.03047873922093369,0.9192825112107623,1.3254221158421409,35,0.9142857142857143,1.2225425950196591,1.2584997301672962,-0.0359571351476371,True
fc_central_Light & fc_south_Light & fc_west_Light,obs_heat_not_hot,0.03256021409455843,0.916317991631799,1.321147869606748,35,0.9142857142857143,1.2225425950196591,1.2584997301672962,-0.0359571351476371,True
ctx_season_inter_1 & fc_north_Thundery,obs_rain_light,0.014124293785310734,0.3054662379421222,1.7515480958215803,57,0.2631578947368421,1.217627401837928,2.4495798319327733,-1.2319524300948452,True
ctx_season_inter_1 & fc_east_Thundery,obs_rain_light,0.01263752601843592,0.3057553956834532,1.7532061307475757,57,0.2631578947368421,1.217627401837928,2.4495798319327733,-1.2319524300948452,True
ctx_season_inter_1 & fc_east_Thundery & fc_north_Thundery,obs_rain_light,0.01263752601843592,0.3079710144927536,1.7659105229993697,57,0.2631578947368421,1.217627401837928,2.4495798319327733,-1.2319524300948452,True
fc_north_Light & fc_south_Light,obs_heat_not_hot,0.03062741599762117,0.9237668161434978,1.3318875895779563,33,0.9090909090909091,1.2155963302752293,1.2584997301672962,-0.04290339989206693,True
ctx_block_0 & fc_central_Thundery & fc_west_Thundery,obs_heat_not_hot,0.01367826345524829,0.8846153846153846,1.275439030422953,11,0.9090909090909091,1.2155963302752293,1.2584997301672962,-0.04290339989206693,False
ctx_block_0 & fc_central_Thundery,obs_heat_not_hot,0.014124293785310734,0.8878504672897197,1.2801033747032486,11,0.9090909090909091,1.2155963302752293,1.2584997301672962,-0.04290339989206693,False
fc_north_Light & fc_south_Light & fc_west_Light,obs_heat_not_hot,0.03047873922093369,0.9234234234234233,1.3313924857333215,33,0.9090909090909091,1.2155963302752293,1.2584997301672962,-0.04290339989206693,True
fc_central_Light & fc_north_Light & fc_south_Light,obs_heat_not_hot,0.03047873922093369,0.9234234234234233,1.3313924857333215,33,0.9090909090909091,1.2155963302752293,1.2584997301672962,-0.04290339989206693,True
ctx_block_0 & fc_central_Thundery & fc_south_Thundery,obs_heat_not_hot,0.01367826345524829,0.8846153846153846,1.275439030422953,11,0.9090909090909091,1.2155963302752293,1.2584997301672962,-0.04290339989206693,False
ctx_block_2 & fc_central_Fair,obs_heat_hot & obs_rain_dry,0.03687184061849539,0.3123425692695214,1.187572708257095,48,0.25,1.2145833333333333,2.0563178294573645,-0.8417344961240312,True
ctx_season_NE_monsoon & fc_south_Thundery,obs_heat_not_hot,0.04222420457924472,0.8352941176470589,1.2043275959901645,65,0.9076923076923077,1.2137261820748058,1.2584997301672962,-0.044773548092490456,True
ctx_season_NE_monsoon & fc_south_Thundery & fc_west_Thundery,obs_heat_not_hot,0.04222420457924472,0.8352941176470589,1.2043275959901645,65,0.9076923076923077,1.2137261820748058,1.2584997301672962,-0.044773548092490456,True
fc_west_Light,obs_heat_not_hot,0.042818911685994644,0.8275862068965517,1.1932143253132275,43,0.9069767441860465,1.2127693620652868,1.2584997301672962,-0.04573036810200937,True
ctx_season_NE_monsoon & fc_central_Thundery & fc_south_Thundery,obs_heat_not_hot,0.04029140648230747,0.8495297805642633,1.224852583938957,64,0.90625,1.2117975917431192,1.2584997301672962,-0.04670213842417703,True
fc_south_Fair,obs_heat_hot & obs_rain_dry,0.23684210526315788,0.31137607505863957,1.183897954123465,433,0.24942263279445728,1.2117782909930717,2.0563178294573645,-0.8445395384642929,True
ctx_season_NE_monsoon & fc_north_Fair & fc_west_Fair,obs_rain_dry,0.1926851025869759,0.8840381991814461,1.1581692496483067,243,0.8600823045267489,1.2082602012990233,1.1931341805578477,0.015126020741175639,True
ctx_season_NE_monsoon,obs_heat_not_hot & obs_rain_dry,0.18123699078203984,0.5815839694656488,1.1624766058323786,360,0.6111111111111112,1.2077212806026365,1.2077212806026365,0.0,True
ctx_season_NE_monsoon & fc_central_Fair & fc_west_Fair,obs_rain_dry,0.19491525423728814,0.883423180592992,1.157363520192533,242,0.859504132231405,1.2074479737130341,1.1931341805578477,0.014313793155186438,True
ctx_season_NE_monsoon & fc_east_Fair & fc_west_Fair,obs_rain_dry,0.19223907225691347,0.8838004101161996,1.15785772466723,242,0.859504132231405,1.2074479737130341,1.1931341805578477,0.014313793155186438,True
fc_north_Fair & fc_west_Fair,obs_heat_not_hot & obs_rain_dry,0.3911685994647636,0.574830675114704,1.1489780448206535,398,0.6105527638190955,1.2066178349373988,1.2077212806026365,-0.001103445665237679,True
fc_east_Fair & fc_west_Fair,obs_heat_not_hot & obs_rain_dry,0.39012786202795124,0.574430823117338,1.1481788161329018,397,0.6095717884130982,1.2046791615079195,1.2077212806026365,-0.0030421190947169663,True
fc_north_Fair,obs_heat_not_hot & obs_rain_dry,0.4032114183764496,0.5687919463087249,1.1369077654895938,420,0.6095238095238096,1.2045843422114608,1.2077212806026365,-0.003136938391175681,True
ctx_season_NE_monsoon & fc_west_Fair,obs_rain_dry,0.19788878977103777,0.8785478547854786,1.1509764065615757,245,0.8571428571428571,1.204130808950086,1.1931341805578477,0.01099662839223825,True
ctx_block_0 & fc_north_Thundery & fc_south_Thundery,obs_heat_not_hot,0.01263752601843592,0.8762886597938144,1.2634335532204064,10,0.9,1.203440366972477,1.2584997301672962,-0.0550593631948193,False
ctx_block_3 & ctx_season_NE_monsoon,obs_heat_not_hot,0.06244424620874219,0.7954545454545454,1.146886875182695,90,0.9,1.203440366972477,1.2584997301672962,-0.0550593631948193,True
ctx_block_0 & fc_north_Thundery,obs_heat_not_hot,0.013232233125185846,0.8811881188118812,1.2704975963834324,10,0.9,1.203440366972477,1.2584997301672962,-0.0550593631948193,False
ctx_block_0 & fc_central_Thundery & fc_east_Thundery,obs_heat_not_hot,0.012786202795123401,0.8775510204081632,1.2652536255659819,10,0.9,1.203440366972477,1.2584997301672962,-0.0550593631948193,False
ctx_block_2 & ctx_season_NE_monsoon,obs_heat_not_hot,0.06289027653880463,0.7981132075471699,1.1507201358975914,90,0.9,1.203440366972477,1.2584997301672962,-0.0550593631948193,True
ctx_block_0 & ctx_season_NE_monsoon,obs_heat_not_hot,0.0608088016651799,0.7988281250000001,1.151750904340836,90,0.9,1.203440366972477,1.2584997301672962,-0.0550593631948193,True
ctx_season_NE_monsoon,obs_heat_not_hot,0.24873624739815642,0.7981870229007634,1.1508265629218724,360,0.9,1.203440366972477,1.2584997301672962,-0.0550593631948193,True
ctx_block_0 & fc_central_Thundery & fc_north_Thundery,obs_heat_not_hot,0.012934879571810883,0.8787878787878788,1.267036928773263,10,0.9,1.203440366972477,1.2584997301672962,-0.0550593631948193,False
ctx_block_0 & fc_east_Thundery & fc_west_Thundery,obs_heat_not_hot,0.012340172465060957,0.8736842105263158,1.25967845659164,10,0.9,1.203440366972477,1.2584997301672962,-0.0550593631948193,False
ctx_block_1 & ctx_season_NE_monsoon,obs_heat_not_hot,0.06259292298542968,0.8003802281368821,1.1539887276417298,90,0.9,1.203440366972477,1.2584997301672962,-0.0550593631948193,True
ctx_block_0 & fc_north_Thundery & fc_west_Thundery,obs_heat_not_hot,0.012786202795123401,0.8775510204081632,1.2652536255659819,10,0.9,1.203440366972477,1.2584997301672962,-0.0550593631948193,False
ctx_season_NE_monsoon & fc_central_Thundery,obs_heat_not_hot,0.044900386559619386,0.8365650969529086,1.2061600947706888,70,0.9,1.203440366972477,1.2584997301672962,-0.0550593631948193,True
fc_south_Light,obs_heat_not_hot,0.041480820695807316,0.871875,1.2570699356913182,40,0.9,1.203440366972477,1.2584997301672962,-0.0550593631948193,True
ctx_block_0 & fc_east_Thundery & fc_north_Thundery,obs_heat_not_hot,0.01263752601843592,0.8762886597938144,1.2634335532204064,10,0.9,1.203440366972477,1.2584997301672962,-0.0550593631948193,False
ctx_block_0 & fc_east_Thundery,obs_heat_not_hot,0.013380909901873328,0.8737864077669902,1.2598258046389659,10,0.9,1.203440366972477,1.2584997301672962,-0.0550593631948193,False
ctx_block_0 & fc_east_Thundery & fc_south_Thundery,obs_heat_not_hot,0.012786202795123401,0.8775510204081632,1.2652536255659819,10,0.9,1.203440366972477,1.2584997301672962,-0.0550593631948193,False
ctx_season_NE_monsoon & fc_south_Fair & fc_west_Fair,obs_rain_dry,0.1977401129943503,0.8790482485128883,1.1516319671791366,244,0.8565573770491803,1.2033083152281256,1.1931341805578477,0.010174134670277946,True
fc_east_Fair & fc_north_Fair,obs_heat_not_hot & obs_rain_dry,0.40127862027951233,0.5695294365899979,1.1383818693920729,419,0.6085918854415274,1.2027426074996965,1.2077212806026365,-0.004978673102939979,True
ctx_season_NE_monsoon & fc_north_Fair & fc_south_Fair,obs_rain_dry,0.19298245614035087,0.8847989093387867,1.1591658481131046,243,0.8559670781893004,1.2024790520105113,1.1931341805578477,0.009344871452663606,True
fc_central_Fair & fc_north_Fair,obs_heat_not_hot & obs_rain_dry,0.3983050847457627,0.5709718670076727,1.141265015599883,406,0.6083743842364532,1.202312766135092,1.2077212806026365,-0.005408514467544423,True
ctx_season_NE_monsoon & fc_central_Thundery & fc_west_Thundery,obs_heat_not_hot,0.04222420457924472,0.8502994011976048,1.2259622234630418,69,0.8985507246376812,1.2015024597792845,1.2584997301672962,-0.05699727038801172,True
ctx_block_1 & ctx_season_NE_monsoon & fc_west_Fair,obs_rain_dry,0.06303895331549211,0.909871244635193,1.1920128538013846,76,0.8552631578947368,1.2014901712111605,1.1931341805578477,0.008355990653312828,True
fc_south_Light & fc_west_Light,obs_heat_not_hot,0.0399940529289325,0.8705501618122977,1.2551597831403032,39,0.8974358974358975,1.2000117619383674,1.2584997301672962,-0.058487968228928766,True
fc_north_Fair & fc_south_Fair,obs_heat_not_hot & obs_rain_dry,0.3914659530181386,0.5751419833988641,1.1496002913345498,397,0.6070528967254408,1.1997011484438371,1.2077212806026365,-0.008020132158799376,True
ctx_season_NE_monsoon & fc_central_Fair & fc_north_Fair,obs_rain_dry,0.19714540588760035,0.8775645268034414,1.1496881588001455,246,0.8536585365853658,1.1992359682632971,1.1931341805578477,0.006101787705449446,True
ctx_season_NE_monsoon & fc_east_Thundery & fc_north_Thundery,obs_heat_not_hot,0.03895331549212013,0.8370607028753994,1.2068746597084536,58,0.896551724137931,1.1988294843403986,1.2584997301672962,-0.05967024582689762,True
ctx_season_NE_monsoon & fc_east_Thundery,obs_heat_not_hot,0.03910199226880761,0.8322784810126582,1.1999796491513695,58,0.896551724137931,1.1988294843403986,1.2584997301672962,-0.05967024582689762,True
ctx_block_1 & ctx_season_NE_monsoon & fc_north_Fair,obs_heat_not_hot,0.054861730597680645,0.7817796610169492,1.1271704180064308,77,0.8961038961038961,1.1982306684141546,1.2584997301672962,-0.06026906175314162,True
ctx_block_1 & ctx_season_NE_monsoon & fc_south_Fair,obs_heat_not_hot,0.054415700267618196,0.7803837953091683,1.1251578579312895,77,0.8961038961038961,1.1982306684141546,1.2584997301672962,-0.06026906175314162,True
ctx_block_1 & ctx_season_NE_monsoon & fc_central_Fair,obs_heat_not_hot,0.05471305382099316,0.7813163481953291,1.1265024132822687,77,0.8961038961038961,1.1982306684141546,1.2584997301672962,-0.06026906175314162,True
fc_central_Fair & fc_west_Fair,obs_heat_not_hot & obs_rain_dry,0.39458816532857566,0.5684300706789462,1.1361844443942324,406,0.6059113300492611,1.1974451031143023,1.2077212806026365,-0.010276177488334204,True
ctx_season_NE_monsoon & fc_north_Fair,obs_heat_not_hot,0.1798988997918525,0.7702100572883513,1.1104893559102789,258,0.8953488372093024,1.1972210369106038,1.2584997301672962,-0.06127869325669244,True
ctx_season_NE_monsoon & fc_east_Fair & fc_north_Fair,obs_heat_not_hot,0.17945286946179007,0.7707535121328225,1.111272909454526,257,0.8949416342412452,1.1966765430335915,1.2584997301672962,-0.061823187133704716,True
fc_north_Fair & fc_west_Fair,obs_rain_dry,0.6005055010407374,0.8824557570461,1.1560961086661607,398,0.8517587939698492,1.196567173215475,1.1931341805578477,0.0034329926576273095,True
fc_central_Fair & fc_east_Fair,obs_heat_not_hot & obs_rain_dry,0.39875111507582517,0.5659421818949145,1.1312116241976804,408,0.6053921568627451,1.1964190761050182,1.2077212806026365,-0.011302204497618318,True
ctx_season_NE_monsoon & fc_east_Thundery & fc_west_Thundery,obs_heat_not_hot,0.035385072851620576,0.8623188405797102,1.2432918588937043,57,0.8947368421052632,1.1964027040077256,1.2584997301672962,-0.06209702615957058,True
ctx_block_1 & ctx_season_NE_monsoon & fc_west_Fair,obs_heat_not_hot,0.05396966993755575,0.778969957081545,1.1231193850654817,76,0.8947368421052632,1.1964027040077256,1.2584997301672962,-0.06209702615957058,True
fc_east_Fair & fc_north_Fair & fc_west_Fair,obs_rain_dry,0.5993160868272376,0.8826363039194219,1.1563326412469872,397,0.8513853904282116,1.196042608722042,1.1931341805578477,0.0029084281641942322,True
fc_central_Fair & fc_east_Fair & fc_west_Fair,obs_rain_dry,0.5991674100505501,0.8826106000876041,1.1562989669242745,397,0.8513853904282116,1.196042608722042,1.1931341805578477,0.0029084281641942322,True
fc_east_Fair & fc_west_Fair,obs_rain_dry,0.5994647636039251,0.882661996497373,1.156366300826126,397,0.8513853904282116,1.196042608722042,1.1931341805578477,0.0029084281641942322,True
fc_central_Fair & fc_north_Fair & fc_west_Fair,obs_rain_dry,0.600059470710675,0.8823786620026235,1.1559951072515866,397,0.8513853904282116,1.196042608722042,1.1931341805578477,0.0029084281641942322,True
fc_east_Fair & fc_south_Fair & fc_west_Fair,obs_rain_dry,0.5991674100505501,0.882803943044907,1.1565522635216292,396,0.851010101010101,1.1955153949129853,1.1931341805578477,0.0023812143551376064,True
fc_north_Fair & fc_south_Fair & fc_west_Fair,obs_rain_dry,0.5997621171573,0.8829065441015539,1.1566866800987634,396,0.851010101010101,1.1955153949129853,1.1931341805578477,0.0023812143551376064,True
ctx_season_NE_monsoon & fc_central_Fair & fc_east_Fair,obs_rain_dry,0.19788878977103777,0.8756578947368421,1.1471902999610442,248,0.8508064516129032,1.1952293043140303,1.1931341805578477,0.002095123756182593,True
ctx_season_NE_monsoon & fc_central_Fair & fc_south_Fair,obs_rain_dry,0.19669937555753791,0.879654255319149,1.1524258903927924,247,0.8502024291497976,1.194380761914053,1.1931341805578477,0.0012465813562052563,True
ctx_season_NE_monsoon & fc_central_Thundery & fc_east_Thundery,obs_heat_not_hot,0.03731787094855783,0.845117845117845,1.2184914525750536,56,0.8928571428571429,1.193889252948886,1.2584997301672962,-0.06461047721841018,True
fc_central_Fair & fc_east_Fair & fc_north_Fair,obs_rain_dry,0.6101694915254238,0.8799313893653516,1.152788960824183,406,0.8497536945812808,1.1937503709418957,1.1931341805578477,0.0006161903840480321,True
fc_central_Fair & fc_north_Fair,obs_rain_dry,0.6128456735057984,0.8785166240409207,1.150935491487969,406,0.8497536945812808,1.1937503709418957,1.1931341805578477,0.0006161903840480321,True
fc_central_Fair & fc_west_Fair,obs_rain_dry,0.6115075825156111,0.8809166845148854,1.1540797857512892,406,0.8497536945812808,1.1937503709418957,1.1931341805578477,0.0006161903840480321,True
fc_central_Fair & fc_south_Fair & fc_west_Fair,obs_rain_dry,0.6112102289622361,0.8814322469982847,1.1547552187982983,405,0.8493827160493828,1.193229213148892,1.1931341805578477,9.503259104426398e-05,True
ctx_block_0,obs_rain_dry,0.21989295272078502,0.8920386007237636,1.1686504924947476,146,0.8493150684931506,1.1931341805578477,1.1931341805578477,0.0,True
ctx_season_NE_monsoon & fc_west_Thundery,obs_heat_not_hot,0.046089800773119236,0.8355795148247979,1.2047390818245638,74,0.8918918918918919,1.1925985618646169,1.2584997301672962,-0.06590116830267934,True
fc_west_Fair,obs_rain_dry,0.6232530478739221,0.875888006686168,1.1474917672324048,417,0.8489208633093526,1.1925803935165122,1.1931341805578477,-0.0005537870413354629,True
fc_north_Fair & fc_south_Fair,obs_rain_dry,0.6011002081474873,0.883136740934906,1.156988258575804,397,0.8488664987405542,1.1925040211222726,1.1931341805578477,-0.000630159435575095,True
fc_east_Fair & fc_north_Fair & fc_south_Fair,obs_rain_dry,0.6003568242640499,0.8830089656680515,1.15682086152772,397,0.8488664987405542,1.1925040211222726,1.1931341805578477,-0.000630159435575095,True
fc_central_Fair & fc_north_Fair & fc_south_Fair,obs_rain_dry,0.6011002081474873,0.883136740934906,1.156988258575804,397,0.8488664987405542,1.1925040211222726,1.1931341805578477,-0.000630159435575095,True
fc_south_Fair & fc_west_Fair,obs_rain_dry,0.6225096639904847,0.8764915218756542,1.1482824262048403,415,0.8481927710843373,1.191557555523298,1.1931341805578477,-0.0015766250345496946,True
fc_central_Fair & fc_east_Fair,obs_rain_dry,0.6168599464763604,0.8755011605824013,1.1469849641755419,408,0.8480392156862745,1.1913418379399954,1.1931341805578477,-0.0017923426178523272,True
ctx_season_NE_monsoon & fc_central_Fair,obs_rain_dry,0.20101100208147488,0.8722580645161291,1.1427362177513605,250,0.848,1.1912867469879518,1.1931341805578477,-0.0018474335698959177,True
ctx_season_NE_monsoon & fc_north_Thundery & fc_south_Thundery,obs_heat_not_hot,0.034939042521558134,0.8639705882352942,1.2456733497257424,55,0.8909090909090909,1.1912844036697245,1.2584997301672962,-0.06721532649757167,True
ctx_season_NE_monsoon & fc_east_Thundery & fc_south_Thundery,obs_heat_not_hot,0.03479036574487065,0.8602941176470588,1.2403726120673348,55,0.8909090909090909,1.1912844036697245,1.2584997301672962,-0.06721532649757167,True
ctx_season_NE_monsoon & fc_central_Fair & fc_north_Fair,obs_heat_not_hot,0.1729110912875409,0.7696889477167439,1.1097380197948166,246,0.8902439024390244,1.190394942940255,1.2584997301672962,-0.06810478722704127,True
fc_central_Fair & fc_east_Fair & fc_south_Fair,obs_rain_dry,0.6064525721082367,0.8794739111686072,1.1521896233969715,399,0.8471177944862155,1.190047407675816,1.1931341805578477,-0.00308677288203163,True
ctx_season_NE_monsoon & fc_west_Fair,obs_heat_not_hot,0.1735057983942908,0.7702970297029703,1.1106147527936072,245,0.889795918367347,1.1897959183673468,1.2584997301672962,-0.06870381179994944,True
ctx_season_NE_monsoon & fc_south_Fair & fc_west_Fair,obs_heat_not_hot,0.17320844484091585,0.7699933906146729,1.1101769657608338,244,0.889344262295082,1.189191983756956,1.2584997301672962,-0.06930774641034021,True
ctx_block_1 & ctx_season_NE_monsoon & fc_east_Fair,obs_rain_dry,0.06378233719892953,0.9050632911392406,1.1857140039350471,78,0.8461538461538461,1.188693234476367,1.1931341805578477,-0.004440946081480712,True
ctx_block_3 & ctx_season_NE_monsoon & fc_central_Fair,obs_heat_not_hot,0.05545643770443057,0.7836134453781513,1.1298143694776945,81,0.8888888888888888,1.1885830784913352,1.2584997301672962,-0.06991665167596106,True
ctx_season_NE_monsoon & fc_north_Fair & fc_south_Fair,obs_heat_not_hot,0.16815343443354147,0.7709611451942741,1.111572274936053,243,0.8888888888888888,1.1885830784913352,1.2584997301672962,-0.06991665167596106,True
ctx_block_3 & ctx_season_NE_monsoon & fc_west_Fair,obs_heat_not_hot,0.05530776092774309,0.783157894736842,1.1291575562700964,81,0.8888888888888888,1.1885830784913352,1.2584997301672962,-0.06991665167596106,True
ctx_block_3 & ctx_season_NE_monsoon & fc_south_Fair,obs_heat_not_hot,0.05545643770443057,0.7836134453781513,1.1298143694776945,81,0.8888888888888888,1.1885830784913352,1.2584997301672962,-0.06991665167596106,True
ctx_block_3 & ctx_season_NE_monsoon & fc_east_Fair,obs_heat_not_hot,0.05560511448111805,0.7840670859538784,1.1304684287515083,81,0.8888888888888888,1.1885830784913352,1.2584997301672962,-0.06991665167596106,True
ctx_block_3 & ctx_season_NE_monsoon & fc_north_Fair,obs_heat_not_hot,0.05560511448111805,0.7840670859538784,1.1304684287515083,81,0.8888888888888888,1.1885830784913352,1.2584997301672962,-0.06991665167596106,True
ctx_season_NE_monsoon & fc_north_Fair & fc_west_Fair,obs_heat_not_hot,0.16830211121022895,0.772169167803547,1.1133140027109663,243,0.8888888888888888,1.1885830784913352,1.2584997301672962,-0.06991665167596106,True
ctx_season_NE_monsoon & fc_central_Fair & fc_west_Fair,obs_heat_not_hot,0.17023490930716623,0.7715633423180593,1.1124405231363916,242,0.8884297520661157,1.1879691409507922,1.2584997301672962,-0.07053058921650401,True
ctx_season_NE_monsoon & fc_east_Fair & fc_west_Fair,obs_heat_not_hot,0.168004757656854,0.7723855092276145,1.113625923915313,242,0.8884297520661157,1.1879691409507922,1.2584997301672962,-0.07053058921650401,True
ctx_season_NE_monsoon & fc_central_Fair,obs_heat_not_hot,0.17707404103479035,0.7683870967741936,1.1078610102686444,250,0.888,1.187394495412844,1.2584997301672962,-0.0711052347544523,True
ctx_season_NE_monsoon & fc_north_Fair,obs_rain_dry,0.20190306274159978,0.864417568427753,1.132464465376912,258,0.8449612403100775,1.1870178387970487,1.1931341805578477,-0.0061163417607990045,True
ctx_season_inter_1 & fc_south_Thundery & fc_west_Thundery,obs_rain_light,0.010110020814748736,0.3148148148148148,1.8051529790660226,39,0.2564102564102564,1.1864061864061863,2.4495798319327733,-1.263173645526587,True
ctx_season_NE_monsoon & fc_east_Fair,obs_heat_not_hot,0.18302111210228963,0.7713032581453634,1.1120655336089418,266,0.8872180451127819,1.1863488997723666,1.2584997301672962,-0.07215083039492964,True
ctx_season_NE_monsoon & fc_central_Fair & fc_east_Fair,obs_heat_not_hot,0.17395182872435325,0.7697368421052632,1.109807073954984,248,0.8870967741935484,1.1861867416395382,1.2584997301672962,-0.07231298852775803,True
ctx_season_NE_monsoon & fc_east_Fair & fc_north_Fair,obs_rain_dry,0.20130835563484983,0.8646232439335888,1.132733918717826,257,0.8443579766536965,1.1861703623833857,1.1931341805578477,-0.006963818174462011,True
ctx_block_1 & ctx_season_NE_monsoon & fc_south_Fair,obs_rain_dry,0.0631876300921796,0.906183368869936,1.1871814061198267,77,0.8441558441558441,1.1858864027538727,1.1931341805578477,-0.0072477778039750085,True
ctx_block_1 & ctx_season_NE_monsoon & fc_central_Fair,obs_rain_dry,0.06333630686886708,0.9044585987261147,1.184921802694166,77,0.8441558441558441,1.1858864027538727,1.1931341805578477,-0.0072477778039750085,True
ctx_block_1 & ctx_season_NE_monsoon & fc_north_Fair,obs_rain_dry,0.06363366042224204,0.9067796610169491,1.1879626022594467,77,0.8441558441558441,1.1858864027538727,1.1931341805578477,-0.0072477778039750085,True
ctx_season_NE_monsoon & fc_central_Fair & fc_south_Fair,obs_heat_not_hot,0.172019030627416,0.769281914893617,1.1091511596086747,247,0.8866396761133604,1.1855755302158006,1.2584997301672962,-0.07292419995149557,True
ctx_season_NE_monsoon & fc_south_Fair,obs_heat_not_hot,0.17722271781147786,0.7690322580645161,1.1087912042319261,255,0.8862745098039215,1.1850872459075372,1.2584997301672962,-0.07341248425975899,True
fc_central_Fair & fc_west_Fair,obs_heat_hot & obs_rain_dry,0.2169194171870354,0.3124866138359392,1.1881203870325194,406,0.2438423645320197,1.184667487684729,2.0563178294573645,-0.8716503417726356,True
fc_north_Fair,obs_rain_dry,0.6192387749033601,0.8735318791946308,1.144405029112405,420,0.8428571428571429,1.1840619621342514,1.1931341805578477,-0.00907221842359629,True
ctx_season_NE_monsoon & fc_central_Thundery & fc_north_Thundery,obs_heat_not_hot,0.039250669045495096,0.8461538461538461,1.2199851595349986,61,0.8852459016393442,1.1837118363663708,1.2584997301672962,-0.07478789380092543,True
fc_east_Fair & fc_north_Fair,obs_rain_dry,0.6164139161462979,0.8748681156362101,1.1461556185759934,419,0.8424821002386634,1.1835350950340742,1.1931341805578477,-0.009599085523773532,True
ctx_block_1 & ctx_season_NE_monsoon & fc_east_Fair,obs_heat_not_hot,0.0551590841510556,0.7827004219409281,1.1284979716987529,78,0.8846153846153846,1.1828687367678192,1.2584997301672962,-0.07563099339947699,True
ctx_block_2 & ctx_season_NE_monsoon & fc_south_Thundery,obs_heat_not_hot,0.03226286054118347,0.8157894736842106,1.1762057877813505,52,0.8846153846153846,1.1828687367678192,1.2584997301672962,-0.07563099339947699,True
ctx_season_NE_monsoon & fc_east_Fair & fc_south_Fair,obs_heat_not_hot,0.1711269699672911,0.7714477211796247,1.112273820504642,251,0.8844621513944223,1.1826638400526335,1.2584997301672962,-0.07583589011466274,True
fc_south_Thundery & fc_west_Thundery,obs_heat_hot & obs_rain_light,0.010110020814748736,0.055692055692055695,1.8183726533241098,104,0.038461538461538464,1.1801619433198383,2.134553775743707,-0.9543918324238687,True
fc_central_Fair,obs_rain_dry,0.6489741302408564,0.8619668246445498,1.129253771437328,425,0.84,1.1800481927710844,1.1931341805578477,-0.013085987786763287,True
fc_central_Fair & fc_south_Fair,obs_heat_hot & obs_rain_dry,0.2295569432054713,0.3125506072874494,1.188363699612993,416,0.24278846153846154,1.1795472756410257,2.0563178294573645,-0.8767705538163388,True
fc_east_Fair,obs_heat_not_hot & obs_rain_dry,0.40692833779363663,0.5609756097560976,1.1212843837205089,429,0.5967365967365967,1.1793133420252062,1.2077212806026365,-0.02840793857743029,True
fc_central_Fair & fc_east_Fair,obs_heat_hot & obs_rain_dry,0.21810883140053525,0.30955897868748683,1.176989084596968,408,0.2426470588235294,1.178860294117647,2.0563178294573645,-0.8774575353397176,True
fc_central_Fair & fc_south_Fair,obs_rain_dry,0.6366339577757955,0.8668016194331983,1.1355877858020438,416,0.8389423076923077,1.178562326227989,1.1931341805578477,-0.014571854329858747,True
fc_central_Fair & fc_south_Fair,obs_heat_not_hot & obs_rain_dry,0.40707701457032414,0.554251012145749,1.1078431820779517,416,0.5961538461538461,1.1781616688396348,1.2077212806026365,-0.029559611763001703,True
fc_east_Fair & fc_south_Fair,obs_heat_not_hot & obs_rain_dry,0.39637228664882546,0.5671133801318868,1.1335526284597535,406,0.5960591133004927,1.177974451031143,1.2077212806026365,-0.02974682957149355,True
ctx_block_0,obs_heat_not_hot & obs_rain_dry,0.14644662503716918,0.5940892641737032,1.187472330113619,146,0.5958904109589042,1.1776410494543765,1.2077212806026365,-0.030080231148259973,True
fc_central_Fair,obs_heat_hot & obs_rain_dry,0.23490930716622063,0.31200631911532384,1.186294235370078,425,0.24235294117647058,1.1774313725490195,2.0563178294573645,-0.878886456908345,True
ctx_block_0 & ctx_season_NE_monsoon & fc_west_Fair,obs_heat_not_hot,0.05084745762711865,0.7737556561085973,1.1156014025694374,75,0.88,1.176697247706422,1.2584997301672962,-0.08180248246087429,True
ctx_season_NE_monsoon & fc_east_Fair & fc_south_Fair,obs_rain_dry,0.19506393101397562,0.8793565683646113,1.152035893809968,251,0.8366533864541833,1.175346805548889,1.1931341805578477,-0.017787375008958772,True
fc_west_Fair,obs_heat_not_hot & obs_rain_dry,0.4009812667261374,0.5635185959047221,1.1263673331516078,417,0.5947242206235012,1.175336341096614,1.2077212806026365,-0.0323849395060225,True
fc_north_Fair & fc_south_Fair,obs_heat_hot & obs_rain_dry,0.2096342551293488,0.30799475753604194,1.171041684108207,397,0.24181360201511334,1.1748110831234255,2.0563178294573645,-0.881506746333939,True
fc_east_Fair & fc_west_Fair,obs_heat_hot & obs_rain_dry,0.20933690157597384,0.30823117338003503,1.1719405721617386,397,0.24181360201511334,1.1748110831234255,2.0563178294573645,-0.881506746333939,True
ctx_block_0 & ctx_season_NE_monsoon & fc_south_Fair,obs_heat_not_hot,0.050996134403806126,0.7725225225225224,1.1138234697720226,74,0.8783783783783784,1.17452888668485,1.2584997301672962,-0.08397084348244621,True
ctx_block_0 & ctx_season_NE_monsoon & fc_north_Fair,obs_heat_not_hot,0.050104073743681234,0.7711670480549199,1.1118691458129455,74,0.8783783783783784,1.17452888668485,1.2584997301672962,-0.08397084348244621,True
ctx_season_inter_1 & fc_central_Fair & fc_north_Fair,obs_rain_dry,0.09887005649717515,0.8986486486486487,1.1773102475284012,152,0.8355263157894737,1.1737634749524413,1.1931341805578477,-0.019370705605406435,True
ctx_season_inter_1 & fc_central_Fair & fc_east_Fair,obs_rain_dry,0.10050550104073744,0.892998678996037,1.1699082810532422,152,0.8355263157894737,1.1737634749524413,1.1931341805578477,-0.019370705605406435,True
fc_east_Fair & fc_south_Fair,obs_rain_dry,0.6119536128456735,0.8755583918315252,1.1470599422397427,406,0.8349753694581281,1.1729894949255149,1.1931341805578477,-0.020144685632332848,True
ctx_block_2 & ctx_season_NE_monsoon & fc_central_Thundery,obs_heat_not_hot,0.034344335414808205,0.8162544169611308,1.176876143297013,57,0.8771929824561403,1.1729438274585544,1.2584997301672962,-0.0855559027087418,True
fc_central_Fair & fc_north_Fair,obs_heat_hot & obs_rain_dry,0.21454058876003568,0.3075447570332481,1.1693307155486865,406,0.2413793103448276,1.1727011494252875,2.0563178294573645,-0.883616680032077,True
ctx_block_1 & fc_west_Fair,obs_rain_dry,0.1528397264347309,0.8869715271786023,1.1620121721471133,121,0.8347107438016529,1.172617743702081,1.1931341805578477,-0.02051643685576665,True
ctx_block_1 & fc_south_Fair & fc_west_Fair,obs_rain_dry,0.15269104965804342,0.886873920552677,1.161884298721719,121,0.8347107438016529,1.172617743702081,1.1931341805578477,-0.02051643685576665,True
ctx_block_1 & fc_central_Fair & fc_west_Fair,obs_rain_dry,0.15105560511448113,0.8873362445414849,1.1624899845707104,121,0.8347107438016529,1.172617743702081,1.1931341805578477,-0.02051643685576665,True
ctx_season_NE_monsoon & fc_north_Thundery,obs_heat_not_hot,0.04222420457924472,0.8377581120943953,1.2078801847688967,65,0.8769230769230769,1.1725829216654904,1.2584997301672962,-0.08591680850180583,True
ctx_block_0 & ctx_season_NE_monsoon & fc_east_Fair,obs_heat_not_hot,0.05025275052036872,0.7716894977168951,1.112622414071562,73,0.8767123287671232,1.1723011185120018,1.2584997301672962,-0.08619861165529441,True
ctx_block_0 & ctx_season_NE_monsoon & fc_central_Fair,obs_heat_not_hot,0.05084745762711865,0.7720090293453725,1.1130831149789873,73,0.8767123287671232,1.1723011185120018,1.2584997301672962,-0.08619861165529441,True
fc_north_Fair & fc_west_Fair,obs_heat_hot & obs_rain_dry,0.20933690157597384,0.3076250819313961,1.1696361227080667,398,0.24120603015075376,1.171859296482412,2.0563178294573645,-0.8844585329749526,True
fc_south_Fair & fc_west_Fair,obs_heat_not_hot & obs_rain_dry,0.40038655961938746,0.5637429348963785,1.1268157444615279,415,0.5927710843373494,1.1714764141311005,1.2077212806026365,-0.03624486647153602,True
ctx_block_1 & fc_east_Fair & fc_west_Fair,obs_rain_dry,0.14897413024085637,0.8882978723404256,1.1637498031479747,120,0.8333333333333334,1.170682730923695,1.1931341805578477,-0.022451449634152798,True
ctx_block_1 & fc_north_Fair & fc_west_Fair,obs_rain_dry,0.14912280701754385,0.8883968113374667,1.1638794220989095,120,0.8333333333333334,1.170682730923695,1.1931341805578477,-0.022451449634152798,True
ctx_season_NE_monsoon & fc_north_Thundery & fc_west_Thundery,obs_heat_not_hot,0.03850728516205769,0.8633333333333333,1.244754555198285,64,0.875,1.1700114678899083,1.2584997301672962,-0.08848826227738793,True
fc_central_Thundery & fc_west_Thundery,obs_heat_hot & obs_rain_light,0.010258697591436218,0.05623471882640587,1.836090868089349,105,0.0380952380952381,1.1689223057644111,2.134553775743707,-0.9656314699792958,True
fc_south_Thundery,obs_heat_hot & obs_rain_light,0.010110020814748736,0.05551020408163265,1.8124351099663165,105,0.0380952380952381,1.1689223057644111,2.134553775743707,-0.9656314699792958,True
ctx_season_NE_monsoon & fc_south_Fair,obs_rain_dry,0.2008623253047874,0.8716129032258064,1.1418909986553905,255,0.8313725490196079,1.1679281833215216,1.1931341805578477,-0.025205997236326105,True
ctx_season_inter_1 & fc_east_Fair & fc_north_Fair,obs_rain_dry,0.09857270294380018,0.8959459459459459,1.1737694648290675,154,0.8311688311688312,1.1676419965576594,1.1931341805578477,-0.025492184000188267,True
ctx_season_inter_1 & fc_north_Fair,obs_rain_dry,0.09887005649717515,0.8950201884253028,1.1725566395303053,154,0.8311688311688312,1.1676419965576594,1.1931341805578477,-0.025492184000188267,True
ctx_season_inter_1 & fc_north_Thundery & fc_south_Thundery,obs_heat_hot,0.012042818911685994,0.39705882352941174,1.2957873105574105,34,0.29411764705882354,1.1664665866346537,1.9737699731055212,-0.8073033864708674,True
ctx_season_inter_1 & fc_east_Thundery & fc_south_Thundery,obs_heat_hot,0.011894142134998514,0.39215686274509803,1.279789936352998,34,0.29411764705882354,1.1664665866346537,1.9737699731055212,-0.8073033864708674,True
ctx_season_inter_1 & fc_north_Fair & fc_west_Fair,obs_rain_dry,0.09559916741005055,0.8980446927374302,1.176519011171008,147,0.8299319727891157,1.1659044340627818,1.1931341805578477,-0.027229746495065932,True
ctx_season_inter_1 & fc_east_Fair & fc_west_Fair,obs_rain_dry,0.09545049063336307,0.8979020979020979,1.1763321991604032,147,0.8299319727891157,1.1659044340627818,1.1931341805578477,-0.027229746495065932,True
fc_east_Fair,obs_rain_dry,0.628754088611359,0.8667759786841566,1.1355541941234197,429,0.8298368298368298,1.1657707754093296,1.1931341805578477,-0.027363405148518094,True
ctx_season_NE_monsoon,obs_heat_not_hot & obs_rain_light,0.049955396966993755,0.16030534351145037,1.1150090387363134,360,0.21388888888888888,1.1653946002076843,2.88455195162177,-1.7191573514140857,True
ctx_block_1 & fc_central_Fair,obs_rain_dry,0.16280107047279216,0.8718152866242038,1.1421561390405912,123,0.8292682926829268,1.1649720834557744,1.1931341805578477,-0.02816209710207329,True
ctx_season_inter_1 & fc_west_Fair,obs_rain_dry,0.10035682426404996,0.8940397350993378,1.1712721578258953,164,0.8292682926829268,1.1649720834557744,1.1931341805578477,-0.02816209710207329,True
ctx_season_inter_1 & fc_north_Fair & fc_south_Fair,obs_rain_dry,0.09619387451680048,0.8986111111111111,1.1772610699909103,146,0.8287671232876712,1.1642680310282225,1.1931341805578477,-0.028866149529625185,True
ctx_season_inter_1 & fc_south_Fair & fc_west_Fair,obs_rain_dry,0.10035682426404996,0.8940397350993378,1.1712721578258953,163,0.8282208588957055,1.1635006282799911,1.1931341805578477,-0.02963355227785658,True
ctx_block_1 & fc_central_Fair & fc_east_Fair,obs_rain_dry,0.15254237288135594,0.8791773778920309,1.1518011382356448,122,0.8278688524590164,1.163006122852064,1.1931341805578477,-0.03012805770578364,True
ctx_block_1 & fc_central_Fair & fc_north_Fair,obs_rain_dry,0.15328575676479334,0.8827054794520548,1.1564232673927777,122,0.8278688524590164,1.163006122852064,1.1931341805578477,-0.03012805770578364,True
ctx_block_1 & fc_central_Fair & fc_south_Fair,obs_rain_dry,0.15863812072554268,0.8789126853377265,1.151454367273383,122,0.8278688524590164,1.163006122852064,1.1931341805578477,-0.03012805770578364,True
ctx_block_1 & fc_south_Fair,obs_rain_dry,0.16176033303597978,0.8767123287671232,1.148571703016687,122,0.8278688524590164,1.163006122852064,1.1931341805578477,-0.03012805770578364,True
ctx_season_NE_monsoon & fc_east_Fair,obs_rain_dry,0.20383586083853703,0.8590225563909775,1.1253965162223831,266,0.8270676691729323,1.161880605127276,1.1931341805578477,-0.03125357543057161,True
ctx_block_2 & ctx_season_NE_monsoon & fc_west_Thundery,obs_heat_not_hot,0.0352363960749331,0.8144329896907218,1.1742500082872014,61,0.8688524590163934,1.1617912468040306,1.2584997301672962,-0.09670848336326565,True
ctx_season_inter_1 & fc_central_Fair & fc_west_Fair,obs_rain_dry,0.09797799583705025,0.8965986394557823,1.174624551807478,156,0.8269230769230769,1.1616774791473585,1.1931341805578477,-0.031456701410489174,True
fc_south_Fair,obs_rain_dry,0.6534344335414808,0.8590695856137608,1.125458128717989,433,0.8267898383371824,1.1614903030134396,1.1931341805578477,-0.03164387754440812,True
ctx_block_1 & fc_north_Fair & fc_south_Fair,obs_rain_dry,0.14927148379423133,0.8884955752212388,1.1640088116357719,121,0.8264462809917356,1.1610076670317635,1.1931341805578477,-0.0321265135260842,True
ctx_block_1 & fc_east_Fair & fc_south_Fair,obs_rain_dry,0.15090692833779365,0.882608695652174,1.156296471943226,121,0.8264462809917356,1.1610076670317635,1.1931341805578477,-0.0321265135260842,True
fc_east_Fair & fc_south_Fair,obs_heat_hot & obs_rain_dry,0.21558132619684806,0.3084450116996384,1.1727536171236674,406,0.23891625615763548,1.1607348111658458,2.0563178294573645,-0.8955830182915188,True
ctx_season_inter_1 & fc_east_Fair,obs_rain_dry,0.10199226880761225,0.8794871794871795,1.1522070060831262,155,0.8258064516129032,1.1601088223863194,1.1931341805578477,-0.033025358171528296,True
ctx_block_2 & ctx_season_NE_monsoon & fc_east_Thundery,obs_heat_not_hot,0.029438001784121322,0.8148148148148148,1.1748005239966655,45,0.8666666666666667,1.1588685015290519,1.2584997301672962,-0.09963122863824436,True
ctx_block_1 & fc_west_Thundery,obs_heat_not_hot,0.05144216473386857,0.812206572769953,1.1710399589390577,15,0.8666666666666667,1.1588685015290519,1.2584997301672962,-0.09963122863824436,False
ctx_block_1 & fc_south_Thundery & fc_west_Thundery,obs_heat_not_hot,0.043710972346119537,0.8448275862068966,1.2180729570905866,15,0.8666666666666667,1.1588685015290519,1.2584997301672962,-0.09963122863824436,False
ctx_block_1 & fc_south_Thundery,obs_heat_not_hot,0.043710972346119537,0.8448275862068966,1.2180729570905866,15,0.8666666666666667,1.1588685015290519,1.2584997301672962,-0.09963122863824436,False
ctx_season_inter_1 & fc_south_Thundery,obs_rain_light,0.010258697591436218,0.3179723502304147,1.823258335592301,40,0.25,1.1567460317460319,2.4495798319327733,-1.2928338001867414,True
ctx_block_2 & fc_central_Fair,obs_rain_light,0.023490930716622064,0.19899244332493704,1.1410257236176695,48,0.25,1.1567460317460319,2.4495798319327733,-1.2928338001867414,True
ctx_season_inter_1 & fc_central_Thundery,obs_rain_light,0.01159678858162355,0.3183673469387755,1.8255232527793723,44,0.25,1.1567460317460319,2.4495798319327733,-1.2928338001867414,True
ctx_block_3 & fc_central_Fair,obs_heat_not_hot & obs_rain_dry,0.132173654475171,0.5587680703959774,1.1168719291183786,135,0.5851851851851851,1.1564846202134336,1.2077212806026365,-0.05123666038920294,True
ctx_block_3 & fc_south_Fair,obs_heat_not_hot & obs_rain_dry,0.13247100802854594,0.5596733668341709,1.118681445862298,135,0.5851851851851851,1.1564846202134336,1.2077212806026365,-0.05123666038920294,True
ctx_block_3 & fc_west_Fair,obs_heat_not_hot & obs_rain_dry,0.13247100802854594,0.560377358490566,1.1200885923350807,135,0.5851851851851851,1.1564846202134336,1.2077212806026365,-0.05123666038920294,True
ctx_block_3 & fc_east_Fair,obs_heat_not_hot & obs_rain_dry,0.13247100802854594,0.5596733668341709,1.118681445862298,135,0.5851851851851851,1.1564846202134336,1.2077212806026365,-0.05123666038920294,True
ctx_block_3 & fc_north_Fair,obs_heat_not_hot & obs_rain_dry,0.13247100802854594,0.5600251414204902,1.1193845768779247,135,0.5851851851851851,1.1564846202134336,1.2077212806026365,-0.05123666038920294,True
ctx_season_inter_1 & fc_east_Fair & fc_south_Fair,obs_rain_dry,0.0991674100505501,0.8811096433289299,1.1543325790865568,147,0.8231292517006803,1.1563478403409557,1.1931341805578477,-0.03678634021689198,True
fc_south_Fair & fc_west_Fair,obs_heat_hot,0.24026167112696997,0.3382876282185472,1.103989610576394,415,0.29156626506024097,1.1563478403409557,1.9737699731055212,-0.8174221327645654,True
ctx_block_1 & fc_east_Fair,obs_rain_dry,0.15492120130835563,0.877104377104377,1.1490853214655319,124,0.8225806451612904,1.155577147298873,1.1931341805578477,-0.03755703325897475,True
ctx_block_0 & ctx_season_NE_monsoon,obs_rain_dry,0.06705322628605412,0.8808593750000001,1.1540047051519284,90,0.8222222222222222,1.1550736278447122,1.1931341805578477,-0.038060552713135465,True
fc_south_Fair,obs_heat_hot,0.26122509663990484,0.3434323690383112,1.1207792887684043,433,0.2909930715935335,1.1540745628505444,1.9737699731055212,-0.8196954102549767,True
ctx_block_1 & fc_east_Fair & fc_north_Fair,obs_rain_dry,0.15313707998810586,0.8848797250859106,1.1592717239828272,123,0.8211382113821138,1.1535507885199334,1.1931341805578477,-0.03958339203791428,True
ctx_block_1 & fc_north_Fair,obs_rain_dry,0.1543264942016057,0.8826530612244898,1.1563545948180598,123,0.8211382113821138,1.1535507885199334,1.1931341805578477,-0.03958339203791428,True
ctx_season_inter_1 & fc_central_Fair,obs_rain_dry,0.10645257210823669,0.8763769889840881,1.1481323778548844,167,0.8203592814371258,1.1524565327176972,1.1931341805578477,-0.04067764784015049,True
ctx_block_1 & fc_east_Fair,obs_heat_hot,0.06274159976211716,0.3552188552188552,1.159244066085405,124,0.2903225806451613,1.151415404871626,1.9737699731055212,-0.8223545682338951,True
fc_west_Fair,obs_heat_hot,0.24041034790365745,0.33786042624320933,1.102595452164884,417,0.290167865707434,1.1508018075335649,1.9737699731055212,-0.8229681655719563,True
ctx_block_0 & fc_north_Fair & fc_south_Fair,obs_heat_hot,0.0704727921498662,0.34248554913294804,1.1176893757730268,114,0.2894736842105263,1.148048693161475,1.9737699731055212,-0.8257212799440461,True
ctx_block_0 & fc_central_Fair & fc_south_Fair,obs_heat_hot,0.07091882247992863,0.34218077474892394,1.1166947554397197,114,0.2894736842105263,1.148048693161475,1.9737699731055212,-0.8257212799440461,True
ctx_block_0 & fc_central_Light,obs_heat_not_hot,0.013083556348498365,0.8979591836734694,1.294678128486121,14,0.8571428571428571,1.1461336828309303,1.2584997301672962,-0.1123660473363659,False
fc_central_Fair & fc_east_Thundery,obs_heat_hot & obs_rain_dry,0.014124293785310734,0.35185185185185186,1.3377928522077758,17,0.23529411764705882,1.1431372549019607,2.0563178294573645,-0.9131805745554038,False
ctx_season_inter_1 & fc_central_Fair & fc_south_Fair,obs_rain_dry,0.10362771335117454,0.8756281407035176,1.1471513195114647,161,0.8136645962732919,1.1430517099453716,1.1931341805578477,-0.05008247061247606,True
ctx_season_inter_1 & fc_south_Fair,obs_rain_dry,0.10734463276836158,0.8646706586826347,1.1327960362873786,170,0.8117647058823529,1.1403827072997874,1.1931341805578477,-0.05275147325806029,True
ctx_block_0 & fc_east_Fair & fc_west_Fair,obs_heat_hot,0.0703241153731787,0.34325108853410735,1.1201876863078146,115,0.28695652173913044,1.1380656610470274,1.9737699731055212,-0.8357043120584937,True
ctx_block_0 & fc_east_Fair & fc_south_Fair,obs_heat_hot,0.07077014570324115,0.34293948126801155,1.1191707671075426,115,0.28695652173913044,1.1380656610470274,1.9737699731055212,-0.8357043120584937,True
ctx_block_0 & fc_central_Fair & fc_west_Fair,obs_heat_hot,0.0704727921498662,0.34149855907780985,1.1144683689264188,115,0.28695652173913044,1.1380656610470274,1.9737699731055212,-0.8357043120584937,True
ctx_block_0 & fc_south_Fair & fc_west_Fair,obs_heat_hot,0.0704727921498662,0.34125269978401734,1.1136660158890346,115,0.28695652173913044,1.1380656610470274,1.9737699731055212,-0.8357043120584937,True
ctx_block_1 & fc_central_Fair & fc_east_Fair,obs_heat_hot,0.06199821587867975,0.35732647814910024,1.1661222183555788,122,0.28688524590163933,1.137782982045277,1.9737699731055212,-0.8359869910602442,True
ctx_block_1 & fc_central_Fair & fc_north_Fair,obs_heat_hot,0.06155218554861731,0.3544520547945205,1.1567416402464554,122,0.28688524590163933,1.137782982045277,1.9737699731055212,-0.8359869910602442,True
fc_east_Fair & fc_north_Fair,obs_heat_hot & obs_rain_dry,0.21513529586678562,0.30533867904621226,1.160942880307984,419,0.23389021479713604,1.1363166268894191,2.0563178294573645,-0.9200012025679454,True
fc_north_Fair,obs_heat_hot & obs_rain_dry,0.2160273565269105,0.30473993288590606,1.1586663587284365,420,0.23333333333333334,1.1336111111111111,2.0563178294573645,-0.9227067183462534,True
ctx_block_0 & fc_central_Fair & fc_north_Fair,obs_heat_hot,0.07195955991674101,0.34253361641896674,1.117846241646759,119,0.2857142857142857,1.1331389698736636,1.9737699731055212,-0.8406310032318576,True
ctx_block_0 & fc_central_Fair & fc_east_Fair,obs_heat_hot,0.07166220636336604,0.34281650071123754,1.1187694244462802,119,0.2857142857142857,1.1331389698736636,1.9737699731055212,-0.8406310032318576,True
ctx_block_0 & fc_central_Fair,obs_heat_hot,0.07240559024680344,0.34223471539002104,1.1168707887982927,119,0.2857142857142857,1.1331389698736636,1.9737699731055212,-0.8406310032318576,True
fc_east_Fair,obs_heat_hot & obs_rain_dry,0.22182575081772227,0.305800368928059,1.1626982936179338,429,0.2331002331002331,1.1324786324786325,2.0563178294573645,-0.9238391969787321,True
ctx_block_0 & fc_central_Light & fc_east_Light,obs_heat_not_hot,0.01263752601843592,0.9239130434782609,1.3320984202432544,13,0.8461538461538461,1.131439661256175,1.2584997301672962,-0.1270600689111212,False
ctx_block_0 & fc_east_Light,obs_heat_not_hot,0.014719000892060661,0.9,1.297620578778135,13,0.8461538461538461,1.131439661256175,1.2584997301672962,-0.1270600689111212,False
ctx_block_2 & ctx_season_NE_monsoon & fc_north_Thundery,obs_heat_not_hot,0.031965506987808506,0.8174904942965779,1.1786583203941656,52,0.8461538461538461,1.131439661256175,1.2584997301672962,-0.1270600689111212,True
ctx_block_0 & fc_north_Light,obs_heat_not_hot,0.013975617008623252,0.8867924528301888,1.2785779287751018,13,0.8461538461538461,1.131439661256175,1.2584997301672962,-0.1270600689111212,False
ctx_block_0 & fc_central_Light & fc_north_Light,obs_heat_not_hot,0.01263752601843592,0.9042553191489362,1.3037559006636108,13,0.8461538461538461,1.131439661256175,1.2584997301672962,-0.1270600689111212,False
ctx_block_1,obs_heat_hot & obs_rain_dry,0.07329765090692834,0.2924080664294188,1.1117787760340705,146,0.2328767123287671,1.1313926940639267,2.0563178294573645,-0.9249251353934378,True
ctx_block_1 & fc_central_Fair,obs_heat_hot,0.0672019030627416,0.35987261146496813,1.174431433630944,123,0.2845528455284553,1.1285327138985675,1.9737699731055212,-0.8452372592069537,True
ctx_block_1 & fc_north_Fair,obs_heat_hot,0.06184953910199227,0.35374149659863946,1.1544227589143372,123,0.2845528455284553,1.1285327138985675,1.9737699731055212,-0.8452372592069537,True
ctx_block_1 & fc_east_Fair & fc_north_Fair,obs_heat_hot,0.06155218554861731,0.3556701030927835,1.1607166974294332,123,0.2845528455284553,1.1285327138985675,1.9737699731055212,-0.8452372592069537,True
ctx_block_0 & fc_north_Fair & fc_west_Fair,obs_heat_hot,0.0704727921498662,0.341991341991342,1.116076548390959,116,0.28448275862068967,1.1282547501759324,1.9737699731055212,-0.8455152229295888,True
ctx_block_0 & fc_south_Fair,obs_heat_hot,0.07106749925661612,0.340941512125535,1.112650466063245,116,0.28448275862068967,1.1282547501759324,1.9737699731055212,-0.8455152229295888,True
ctx_block_0 & fc_east_Fair & fc_north_Fair,obs_heat_hot,0.07151352958667856,0.34210526315789475,1.1164483260553129,120,0.2833333333333333,1.1236961451247165,1.9737699731055212,-0.8500738279808047,True
ctx_block_1 & fc_north_Fair & fc_west_Fair,obs_heat_hot,0.05991674100505501,0.3569530558015943,1.164903567841593,120,0.2833333333333333,1.1236961451247165,1.9737699731055212,-0.8500738279808047,True
ctx_block_1 & fc_east_Fair & fc_west_Fair,obs_heat_hot,0.05991674100505501,0.35726950354609927,1.1659362837705305,120,0.2833333333333333,1.1236961451247165,1.9737699731055212,-0.8500738279808047,True
fc_central_Thundery & fc_south_Thundery,obs_heat_not_hot,0.13856675587273268,0.797945205479452,1.150477910408316,100,0.84,1.1232110091743117,1.2584997301672962,-0.1352887209929845,True
fc_central_Thundery & fc_south_Thundery & fc_west_Thundery,obs_heat_not_hot,0.13812072554267024,0.7974248927038626,1.149727723113865,100,0.84,1.1232110091743117,1.2584997301672962,-0.1352887209929845,True
fc_central_Thundery & fc_west_Thundery,obs_heat_not_hot,0.14421647338685697,0.7905460472697636,1.139809799343286,105,0.8380952380952381,1.1206640454346877,1.2584997301672962,-0.13783568473260854,True
fc_south_Thundery,obs_heat_not_hot,0.1431757359500446,0.7861224489795918,1.1334318524837588,105,0.8380952380952381,1.1206640454346877,1.2584997301672962,-0.13783568473260854,True
ctx_block_0 & fc_west_Fair,obs_heat_hot,0.07062146892655367,0.34001431639226914,1.1096245958536644,117,0.28205128205128205,1.1186115471829756,1.9737699731055212,-0.8551584259225455,True
ctx_season_inter_1 & fc_south_Thundery & fc_west_Thundery,obs_heat_hot,0.013232233125185846,0.41203703703703703,1.3446681761820043,39,0.28205128205128205,1.1186115471829756,1.9737699731055212,-0.8551584259225455,True
fc_south_Thundery & fc_west_Thundery,obs_heat_not_hot,0.14258102884329468,0.7854217854217854,1.1324216353155259,104,0.8365384615384616,1.1185823923782638,1.2584997301672962,-0.13991733778903237,True
ctx_block_1 & ctx_season_inter_1 & fc_central_Fair,obs_rain_dry,0.02631578947368421,0.8894472361809045,1.1652555727605696,44,0.7954545454545454,1.1174698795180722,1.1931341805578477,-0.0756643010397755,True
fc_central_Fair & fc_south_Fair,obs_heat_hot,0.25156110615521854,0.3425101214574899,1.1177695666778635,416,0.28125,1.1154336734693877,1.9737699731055212,-0.8583362996361334,True
ctx_block_1 & fc_north_Fair & fc_south_Fair,obs_heat_hot,0.05991674100505501,0.3566371681415929,1.1638726797284589,121,0.2809917355371901,1.1144094001236857,1.9737699731055212,-0.8593605729818354,True
ctx_block_0 & fc_east_Fair,obs_heat_hot,0.07210823669342849,0.3425141242937853,1.1177826297913633,121,0.2809917355371901,1.1144094001236857,1.9737699731055212,-0.8593605729818354,True
ctx_block_1 & fc_central_Fair & fc_west_Fair,obs_heat_hot,0.06155218554861731,0.3615720524017467,1.1799774985221485,121,0.2809917355371901,1.1144094001236857,1.9737699731055212,-0.8593605729818354,True
ctx_block_1 & fc_west_Fair,obs_heat_hot,0.062295569432054713,0.361518550474547,1.1798028968907341,121,0.2809917355371901,1.1144094001236857,1.9737699731055212,-0.8593605729818354,True
ctx_block_1 & fc_south_Fair & fc_west_Fair,obs_heat_hot,0.062295569432054713,0.36183074265975823,1.1808217249536797,121,0.2809917355371901,1.1144094001236857,1.9737699731055212,-0.8593605729818354,True
ctx_block_0 & fc_north_Fair,obs_heat_hot,0.07210823669342849,0.34178999295278367,1.1154194529841934,121,0.2809917355371901,1.1144094001236857,1.9737699731055212,-0.8593605729818354,True
ctx_block_1 & fc_east_Fair & fc_south_Fair,obs_heat_hot,0.0608088016651799,0.3556521739130435,1.1606581861907475,121,0.2809917355371901,1.1144094001236857,1.9737699731055212,-0.8593605729818354,True
ctx_block_0 & fc_east_Light & fc_north_Light,obs_heat_not_hot,0.013380909901873328,0.9183673469387755,1.3241026314062603,12,0.8333333333333334,1.1142966360856268,1.2584997301672962,-0.14420309408166943,False
ctx_block_0 & fc_north_Light & fc_west_Light,obs_heat_not_hot,0.012340172465060957,0.8829787234042553,1.2730792912362316,12,0.8333333333333334,1.1142966360856268,1.2584997301672962,-0.14420309408166943,False
ctx_block_0 & fc_east_Light & fc_south_Light,obs_heat_not_hot,0.012786202795123401,0.8958333333333334,1.2916130760986066,12,0.8333333333333334,1.1142966360856268,1.2584997301672962,-0.14420309408166943,False
ctx_block_0 & fc_central_Light & fc_south_Light,obs_heat_not_hot,0.012488849241748439,0.9032258064516129,1.302271548594544,12,0.8333333333333334,1.1142966360856268,1.2584997301672962,-0.14420309408166943,False
ctx_block_0 & fc_central_Light & fc_west_Light,obs_heat_not_hot,0.012191495688373476,0.9010989010989011,1.2992049750892194,12,0.8333333333333334,1.1142966360856268,1.2584997301672962,-0.14420309408166943,False
ctx_block_2 & ctx_season_inter_1,obs_rain_light,0.011002081474873625,0.2730627306273063,1.5657458876379045,54,0.24074074074074073,1.1139035861258084,2.4495798319327733,-1.3356762458069649,True
ctx_block_1 & ctx_season_inter_1 & fc_south_Fair,obs_rain_dry,0.025869759143621766,0.883248730964467,1.157134975548696,43,0.7906976744186046,1.110787335388064,1.1931341805578477,-0.08234684516978374,True
ctx_block_1 & ctx_season_inter_1 & fc_west_Fair,obs_rain_dry,0.023788284269997028,0.898876404494382,1.1776086280929516,43,0.7906976744186046,1.110787335388064,1.1931341805578477,-0.08234684516978374,True
fc_central_Fair,obs_heat_hot,0.2584002378828427,0.3432069510268563,1.1200436451269458,425,0.28,1.1104761904761906,1.9737699731055212,-0.8632937826293305,True
fc_central_Fair & fc_south_Fair & fc_west_Fair,obs_heat_hot,0.23386856972940825,0.33726415094339623,1.1006495289884923,405,0.27901234567901234,1.106559166876627,1.9737699731055212,-0.8672108062288941,True
ctx_block_1 & fc_central_Fair & fc_south_Fair,obs_heat_hot,0.06526910496580435,0.36161449752883035,1.1801160166806952,122,0.2786885245901639,1.1052748968439834,1.9737699731055212,-0.8684950762615378,True
ctx_block_1 & fc_south_Fair,obs_heat_hot,0.06645851917930419,0.36019339242546333,1.1754782908557333,122,0.2786885245901639,1.1052748968439834,1.9737699731055212,-0.8684950762615378,True
ctx_block_3,obs_heat_not_hot & obs_rain_dry,0.13886410942610763,0.5520094562647754,1.1033627348698005,145,0.5586206896551724,1.1039859731151374,1.2077212806026365,-0.10373530748749915,True
ctx_season_inter_1 & fc_central_Thundery & fc_east_Thundery,obs_rain_light,0.010110020814748736,0.3063063063063063,1.7563650607128867,42,0.23809523809523808,1.101662887377173,2.4495798319327733,-1.3479169445556003,True
ctx_season_inter_1 & fc_central_Thundery & fc_north_Thundery,obs_rain_light,0.011150758251561105,0.31120331950207475,1.7844446095234054,42,0.23809523809523808,1.101662887377173,2.4495798319327733,-1.3479169445556003,True
ctx_season_inter_1 & fc_central_Thundery & fc_south_Thundery,obs_heat_hot,0.012191495688373476,0.3961352657004831,1.292773312518898,36,0.2777777777777778,1.101662887377173,1.9737699731055212,-0.8721070857283482,True
ctx_season_inter_1 & fc_central_Thundery & fc_west_Thundery,obs_heat_hot,0.013380909901873328,0.4,1.3053857350800582,36,0.2777777777777778,1.101662887377173,1.9737699731055212,-0.8721070857283482,True
fc_east_Thundery & fc_north_Thundery & fc_south_Thundery,obs_heat_not_hot,0.13098424026167113,0.7987307343608341,1.151610486454656,89,0.8202247191011236,1.0967683743943923,1.2584997301672962,-0.16173135577290387,False
fc_central_Thundery & fc_north_Thundery & fc_south_Thundery,obs_heat_not_hot,0.1312815938150461,0.7990950226244344,1.1521357175073839,89,0.8202247191011236,1.0967683743943923,1.2584997301672962,-0.16173135577290387,False
fc_central_Thundery & fc_east_Thundery & fc_west_Thundery,obs_heat_not_hot,0.13083556348498365,0.7985480943738656,1.1513471560039914,89,0.8202247191011236,1.0967683743943923,1.2584997301672962,-0.16173135577290387,False
fc_north_Thundery & fc_south_Thundery & fc_west_Thundery,obs_heat_not_hot,0.13172762414510852,0.7967625899280575,1.148772814545791,89,0.8202247191011236,1.0967683743943923,1.2584997301672962,-0.16173135577290387,False
fc_east_Thundery & fc_south_Thundery,obs_heat_not_hot,0.1320249776984835,0.7985611510791368,1.151365981170048,89,0.8202247191011236,1.0967683743943923,1.2584997301672962,-0.16173135577290387,False
fc_east_Thundery & fc_south_Thundery & fc_west_Thundery,obs_heat_not_hot,0.13143027059173357,0.7978339350180506,1.1503174805855108,89,0.8202247191011236,1.0967683743943923,1.2584997301672962,-0.16173135577290387,False
fc_central_Thundery & fc_east_Thundery & fc_south_Thundery,obs_heat_not_hot,0.1312815938150461,0.7990950226244344,1.1521357175073839,89,0.8202247191011236,1.0967683743943923,1.2584997301672962,-0.16173135577290387,False
fc_north_Thundery & fc_south_Thundery,obs_heat_not_hot,0.1320249776984835,0.7971274685816877,1.1492988968232436,89,0.8202247191011236,1.0967683743943923,1.2584997301672962,-0.16173135577290387,False
fc_central_Thundery & fc_north_Thundery & fc_west_Thundery,obs_heat_not_hot,0.13693131132917039,0.7912371134020618,1.1408061789372492,94,0.8191489361702128,1.0953298848331054,1.2584997301672962,-0.16316984533419077,False
ctx_block_0 & fc_north_Light & fc_south_Light,obs_heat_not_hot,0.012042818911685994,0.9101123595505618,1.3122005852812602,11,0.8181818181818182,1.0940366972477065,1.2584997301672962,-0.16446303291958975,False
ctx_block_0 & fc_east_Light & fc_west_Light,obs_heat_not_hot,0.012340172465060957,0.8924731182795699,1.2867683158731804,11,0.8181818181818182,1.0940366972477065,1.2584997301672962,-0.16446303291958975,False
ctx_season_inter_1 & fc_south_Thundery,obs_heat_hot,0.013232233125185846,0.4101382488479262,1.338471548641995,40,0.275,1.0906462585034014,1.9737699731055212,-0.8831237146021198,False
ctx_block_1 & ctx_season_inter_1 & fc_north_Fair,obs_rain_dry,0.024829021706809395,0.907608695652174,1.1890487119120612,44,0.7727272727272727,1.0855421686746989,1.1931341805578477,-0.10759201188314882,False
ctx_block_1 & ctx_season_inter_1 & fc_east_Fair,obs_rain_dry,0.025423728813559324,0.9047619047619048,1.1853191607768936,44,0.7727272727272727,1.0855421686746989,1.1931341805578477,-0.10759201188314882,False
ctx_block_3 & ctx_season_inter_1 & fc_east_Fair,obs_rain_dry,0.03256021409455843,0.8423076923076922,1.1034985466422942,52,0.7692307692307693,1.0806302131603338,1.1931341805578477,-0.1125039673975139,False
ctx_block_3 & ctx_season_inter_1 & fc_central_Fair,obs_rain_dry,0.03256021409455843,0.8423076923076922,1.1034985466422942,52,0.7692307692307693,1.0806302131603338,1.1931341805578477,-0.1125039673975139,False
ctx_block_3 & ctx_season_inter_1 & fc_south_Fair,obs_rain_dry,0.03270889087124591,0.842911877394636,1.1042900832404212,52,0.7692307692307693,1.0806302131603338,1.1931341805578477,-0.1125039673975139,False
ctx_block_3 & ctx_season_inter_1 & fc_north_Fair,obs_rain_dry,0.03241153731787095,0.8416988416988417,1.1027008977924444,52,0.7692307692307693,1.0806302131603338,1.1931341805578477,-0.1125039673975139,False
ctx_block_3 & ctx_season_inter_1 & fc_west_Fair,obs_rain_dry,0.03256021409455843,0.8423076923076922,1.1034985466422942,52,0.7692307692307693,1.0806302131603338,1.1931341805578477,-0.1125039673975139,False
ctx_block_3 & ctx_season_NE_monsoon,obs_rain_light,0.01694915254237288,0.2159090909090909,1.238026040455708,90,0.23333333333333334,1.0796296296296297,2.4495798319327733,-1.3699502023031436,False
fc_east_Thundery & fc_west_Thundery,obs_heat_not_hot,0.14867677668748142,0.7692307692307693,1.1090774177590899,97,0.8041237113402062,1.0752388158516977,1.2584997301672962,-0.18326091431559854,False
fc_east_Thundery & fc_north_Thundery & fc_west_Thundery,obs_heat_not_hot,0.147933392804044,0.7695282289249806,1.1095062953374961,97,0.8041237113402062,1.0752388158516977,1.2584997301672962,-0.18326091431559854,False
ctx_block_0 & fc_west_Light,obs_heat_not_hot,0.015313707998810586,0.865546218487395,1.2479450944364885,15,0.8,1.0697247706422017,1.2584997301672962,-0.1887749595250945,False
ctx_block_0 & fc_south_Light,obs_heat_not_hot,0.015165031222123104,0.8793103448275861,1.267790220645304,14,0.7857142857142857,1.0506225425950195,1.2584997301672962,-0.2078771875722767,False
ctx_block_1 & ctx_season_NE_monsoon,obs_rain_dry,0.06630984240261671,0.8479087452471483,1.1108364278403429,90,0.7444444444444445,1.045809906291834,1.1931341805578477,-0.1473242742660137,False
fc_central_Thundery,obs_heat_not_hot,0.15417781742491823,0.7767790262172285,1.1199604995363512,114,0.7807017543859649,1.0439200064381136,1.2584997301672962,-0.21457972372918266,False
fc_central_Fair & fc_west_Thundery,obs_heat_hot & obs_rain_dry,0.01367826345524829,0.31186440677966104,1.1857546636517806,14,0.21428571428571427,1.0410714285714284,2.0563178294573645,-1.015246400885936,False
ctx_block_3 & ctx_season_NE_monsoon,obs_heat_not_hot & obs_rain_light,0.014272970561998216,0.18181818181818182,1.2646422863589357,90,0.18888888888888888,1.0291796469366563,2.88455195162177,-1.8553723046851136,False
ctx_block_0 & fc_south_Light & fc_west_Light,obs_heat_not_hot,0.014272970561998216,0.8807339449541285,1.2698427682232514,13,0.7692307692307693,1.0285815102328864,1.2584997301672962,-0.22991821993440986,False
fc_central_Thundery & fc_north_Thundery,obs_heat_not_hot,0.14674397859054417,0.7765538945712038,1.1196359045843336,103,0.7572815533980582,1.0126035450253852,1.2584997301672962,-0.24589618514191103,False
fc_central_Thundery & fc_east_Thundery & fc_north_Thundery,obs_heat_not_hot,0.14049955396966993,0.7822847682119204,1.1278986818849681,98,0.7551020408163265,1.009689196779629,1.2584997301672962,-0.24881053338766712,False
fc_central_Thundery & fc_east_Thundery,obs_heat_not_hot,0.1407969075230449,0.7826446280991737,1.1284175281018312,98,0.7551020408163265,1.009689196779629,1.2584997301672962,-0.24881053338766712,False
ctx_block_3 & ctx_season_SW_monsoon,obs_heat_not_hot & obs_rain_dry,0.05396966993755575,0.6080402010050251,1.2153576201960767,2,0.5,0.9881355932203388,1.2077212806026365,-0.21958568738229767,False
ctx_season_SW_monsoon & fc_east_Fair,obs_heat_not_hot & obs_rain_dry,0.14347308950341955,0.5693215339233038,1.1379663111940983,8,0.5,0.9881355932203388,1.2077212806026365,-0.21958568738229767,False
ctx_block_0 & ctx_season_SW_monsoon,obs_heat_not_hot & obs_rain_dry,0.05530776092774309,0.6283783783783784,1.2560097988032608,2,0.5,0.9881355932203388,1.2077212806026365,-0.21958568738229767,False
ctx_season_SW_monsoon & fc_central_Fair,obs_heat_not_hot & obs_rain_dry,0.15165031222123104,0.551948051948052,1.1032399992281121,8,0.5,0.9881355932203388,1.2077212806026365,-0.21958568738229767,False
ctx_season_SW_monsoon & fc_south_Fair,obs_heat_not_hot & obs_rain_dry,0.15402914064823076,0.5528281750266808,1.1049991991766581,8,0.5,0.9881355932203388,1.2077212806026365,-0.21958568738229767,False
ctx_season_SW_monsoon & fc_north_Fair,obs_heat_not_hot & obs_rain_dry,0.14228367528991973,0.5789473684210527,1.1572065378900445,8,0.5,0.9881355932203388,1.2077212806026365,-0.21958568738229767,False
ctx_season_SW_monsoon & fc_west_Fair,obs_heat_not_hot & obs_rain_dry,0.14436515016354445,0.5728613569321533,1.145041749398414,8,0.5,0.9881355932203388,1.2077212806026365,-0.21958568738229767,False
fc_east_Fair & fc_west_Thundery,obs_heat_hot,0.012340172465060957,0.3789954337899544,1.2368380823247127,22,0.13636363636363635,0.5408163265306122,1.9737699731055212,-1.432953646574909,False
ctx_block_2 & ctx_season_SW_monsoon & fc_south_Fair,obs_rain_light,0.014719000892060661,0.24146341463414633,1.3845549248331357,2,0.0,0.0,2.4495798319327733,-2.4495798319327733,False
ctx_block_2 & ctx_season_SW_monsoon & fc_central_Fair,obs_rain_light,0.01352958667856081,0.24396782841823056,1.3989152719019766,2,0.0,0.0,2.4495798319327733,-2.4495798319327733,False
ctx_block_2 & ctx_season_SW_monsoon,obs_rain_light,0.023788284269997028,0.26936026936026936,1.5445159179174524,2,0.0,0.0,2.4495798319327733,-2.4495798319327733,False
ctx_block_1 & ctx_season_SW_monsoon,obs_rain_light,0.018287243532560213,0.20603015075376882,1.1813800460101014,2,0.0,0.0,2.4495798319327733,-2.4495798319327733,False
ctx_block_1 & ctx_season_SW_monsoon,obs_heat_not_hot & obs_rain_light,0.017246506095747845,0.19430485762144056,1.3514937666616433,2,0.0,0.0,2.88455195162177,-2.88455195162177,False
ctx_block_2 & ctx_season_SW_monsoon,obs_heat_not_hot & obs_rain_light,0.020814748736247397,0.2356902356902357,1.6393511119467685,2,0.0,0.0,2.88455195162177,-2.88455195162177,False
ctx_season_inter_2 & fc_north_Fair,obs_rain_dry,0.1048171275646744,0.8801498127340824,1.153075115007682,0,,,1.1931341805578477,,False
ctx_season_SW_monsoon & fc_north_Thundery,obs_rain_light,0.028991971454058876,0.3056426332288401,1.752559549102454,0,,,2.4495798319327733,,False
ctx_season_SW_monsoon & fc_north_Thundery,obs_rain_wet,0.01144811180493607,0.1206896551724138,2.6185761957730813,0,,,3.569387755102041,,False
ctx_season_SW_monsoon & fc_north_Thundery,obs_heat_not_hot,0.0735950044603033,0.7758620689655172,1.118638429981151,0,,,1.2584997301672962,,False
ctx_season_inter_2 & fc_north_Thundery,obs_rain_light,0.015611061552185548,0.35,2.0069053708439895,0,,,2.4495798319327733,,False
ctx_season_inter_2 & fc_south_Fair,obs_rain_dry,0.10942610764198632,0.8588098016336058,1.125117788427665,0,,,1.1931341805578477,,False
ctx_season_inter_2 & fc_south_Fair,obs_heat_hot,0.04296758846268213,0.3372228704784131,1.1005148116631762,0,,,1.9737699731055212,,False
ctx_season_SW_monsoon & fc_south_Thundery,obs_rain_light,0.021260779066309844,0.3325581395348837,1.9068934752869802,0,,,2.4495798319327733,,False
ctx_season_SW_monsoon & fc_south_Thundery,obs_heat_not_hot,0.05396966993755575,0.8441860465116279,1.2171479847453823,0,,,1.2584997301672962,,False
ctx_season_inter_2 & fc_south_Thundery,obs_rain_light,0.012934879571810883,0.36554621848739494,2.0960476262116097,0,,,2.4495798319327733,,False
ctx_season_inter_2 & fc_south_Thundery,obs_heat_not_hot,0.027951234017246505,0.7899159663865546,1.1389013483206787,0,,,1.2584997301672962,,False
ctx_season_inter_2 & fc_east_Fair,obs_rain_dry,0.10526315789473684,0.8762376237623762,1.1479497969274919,0,,,1.1931341805578477,,False
ctx_season_SW_monsoon & fc_east_Thundery,obs_rain_light,0.027207850133809098,0.30756302521008405,1.7635711061918373,0,,,2.4495798319327733,,False
ctx_season_SW_monsoon & fc_east_Thundery,obs_rain_wet,0.01055605114481118,0.11932773109243698,2.5890268365410685,0,,,3.569387755102041,,False
ctx_season_SW_monsoon & fc_east_Thundery,obs_heat_not_hot,0.07002676181980375,0.7915966386554621,1.1413245426788077,0,,,1.2584997301672962,,False
ctx_season_inter_2 & fc_east_Thundery,obs_rain_light,0.015313707998810586,0.3515358361774744,2.0157118790534465,0,,,2.4495798319327733,,False
ctx_season_inter_2 & fc_west_Fair,obs_rain_dry,0.10585786500148676,0.8672350791717418,1.136155656896988,0,,,1.1931341805578477,,False
ctx_season_SW_monsoon & fc_west_Thundery,obs_rain_light,0.027802557240559026,0.31534569983136596,1.8081970818974997,0,,,2.4495798319327733,,False
ctx_season_SW_monsoon & fc_west_Thundery,obs_rain_wet,0.011002081474873625,0.12478920741989882,2.707523255181418,0,,,3.569387755102041,,False
ctx_season_SW_monsoon & fc_west_Thundery,obs_heat_not_hot,0.06987808504311627,0.7925801011804384,1.1427424995797704,0,,,1.2584997301672962,,False
ctx_season_inter_2 & fc_west_Thundery,obs_rain_light,0.013975617008623252,0.34686346863468637,1.9889204518643653,0,,,2.4495798319327733,,False
ctx_season_inter_2 & fc_west_Thundery,obs_heat_not_hot,0.030776092774308653,0.7638376383763837,1.1013015982249854,0,,,1.2584997301672962,,False
ctx_season_inter_2 & fc_central_Fair,obs_rain_dry,0.11002081474873625,0.8716136631330976,1.1418919942020287,0,,,1.1931341805578477,,False
ctx_season_inter_2 & fc_central_Fair,obs_heat_hot,0.04341361879274457,0.3439340400471142,1.1224164742148908,0,,,1.9737699731055212,,False
ctx_season_SW_monsoon & fc_central_Thundery,obs_rain_light,0.021855486173059768,0.31410256410256415,1.8010689225522987,0,,,2.4495798319327733,,False
ctx_season_SW_monsoon & fc_central_Thundery,obs_heat_not_hot,0.05738923580136782,0.8247863247863249,1.1891774534861352,0,,,1.2584997301672962,,False
ctx_season_inter_2 & fc_central_Thundery,obs_rain_light,0.014421647338685697,0.3716475095785441,2.131032522954209,0,,,2.4495798319327733,,False
ctx_season_inter_2 & fc_central_Thundery,obs_heat_not_hot,0.030924769550996135,0.7969348659003831,1.1490212021534782,0,,,1.2584997301672962,,False
ctx_block_0 & ctx_season_inter_2,obs_rain_dry,0.037020517395182875,0.8675958188153311,1.1366282581519123,0,,,1.1931341805578477,,False
ctx_block_2 & ctx_season_inter_2,obs_rain_light,0.012191495688373476,0.27796610169491526,1.59386189258312,0,,,2.4495798319327733,,False
ctx_season_inter_2 & fc_north_Fair & fc_south_Fair,obs_rain_dry,0.1008028545941124,0.8793774319066148,1.15206322691934,0,,,1.1931341805578477,,False
ctx_season_inter_2 & fc_east_Fair & fc_north_Fair,obs_rain_dry,0.10362771335117454,0.8789407313997478,1.1514911101275231,0,,,1.1931341805578477,,False
ctx_season_inter_2 & fc_north_Fair & fc_west_Fair,obs_rain_dry,0.10124888492417485,0.8798449612403101,1.1526757322365262,0,,,1.1931341805578477,,False
ctx_season_inter_2 & fc_central_Fair & fc_north_Fair,obs_rain_dry,0.104073743681237,0.8805031446540881,1.1535380114809888,0,,,1.1931341805578477,,False
ctx_block_0 & ctx_season_inter_2 & fc_north_Fair,obs_rain_dry,0.033154921201308356,0.9780701754385965,1.281359563693027,0,,,1.1931341805578477,,False
ctx_block_0 & ctx_season_inter_2 & fc_north_Fair,obs_heat_hot,0.012340172465060957,0.36403508771929827,1.188015526443474,0,,,1.9737699731055212,,False
ctx_block_1 & ctx_season_inter_2 & fc_north_Fair,obs_rain_dry,0.02705917335712162,0.8708133971291866,1.1408435740340688,0,,,1.1931341805578477,,False
ctx_block_2 & ctx_season_inter_2 & fc_north_Fair,obs_rain_dry,0.011745465358311032,0.8494623655913979,1.1128718096937558,0,,,1.1931341805578477,,False
ctx_season_inter_2 & fc_north_Fair,obs_heat_hot & obs_rain_dry,0.03627713351174547,0.3046192259675406,1.158207413147359,0,,,2.0563178294573645,,False
ctx_season_inter_2 & fc_north_Fair,obs_heat_not_hot & obs_rain_dry,0.06853999405292893,0.5755305867665418,1.1503770361342525,0,,,1.2077212806026365,,False
ctx_season_SW_monsoon & fc_north_Thundery & fc_south_Fair,obs_heat_hot,0.012191495688373476,0.36444444444444446,1.1893514475173863,0,,,1.9737699731055212,,False
ctx_season_SW_monsoon & fc_north_Thundery & fc_south_Thundery,obs_rain_light,0.020368718406184955,0.3325242718446602,1.90669927743153,0,,,2.4495798319327733,,False
ctx_season_SW_monsoon & fc_north_Thundery & fc_south_Thundery,obs_heat_not_hot,0.052185548617305975,0.8519417475728155,1.2283301595229918,0,,,1.2584997301672962,,False
ctx_season_inter_2 & fc_north_Thundery & fc_south_Thundery,obs_rain_light,0.012786202795123401,0.3805309734513274,2.1819704411198875,0,,,2.4495798319327733,,False
ctx_season_inter_2 & fc_north_Thundery & fc_south_Thundery,obs_heat_not_hot,0.026613143027059173,0.7920353982300885,1.1419571465156646,0,,,1.2584997301672962,,False
ctx_season_SW_monsoon & fc_east_Thundery & fc_north_Thundery,obs_rain_light,0.026910496580434137,0.3062605752961083,1.7561028383986566,0,,,2.4495798319327733,,False
ctx_season_SW_monsoon & fc_east_Thundery & fc_north_Thundery,obs_rain_wet,0.01055605114481118,0.12013536379018612,2.606549860815458,0,,,3.569387755102041,,False
ctx_season_SW_monsoon & fc_east_Thundery & fc_north_Thundery,obs_heat_not_hot,0.06943205471305382,0.7901861252115059,1.139290863488229,0,,,1.2584997301672962,,False
ctx_season_inter_2 & fc_east_Thundery & fc_north_Thundery,obs_rain_light,0.015313707998810586,0.356401384083045,2.0436110054071275,0,,,2.4495798319327733,,False
ctx_season_SW_monsoon & fc_north_Thundery & fc_west_Thundery,obs_rain_light,0.026910496580434137,0.3142361111111111,1.8018346831486216,0,,,2.4495798319327733,,False
ctx_season_SW_monsoon & fc_north_Thundery & fc_west_Thundery,obs_rain_wet,0.010853404698186143,0.1267361111111111,2.7497647849462368,0,,,3.569387755102041,,False
ctx_season_SW_monsoon & fc_north_Thundery & fc_west_Thundery,obs_heat_not_hot,0.06824264049955397,0.7968750000000001,1.148934887459807,0,,,1.2584997301672962,,False
ctx_season_inter_2 & fc_north_Thundery & fc_west_Thundery,obs_rain_light,0.013826940231935772,0.3576923076923077,2.0510131811922094,0,,,2.4495798319327733,,False
ctx_season_inter_2 & fc_north_Thundery & fc_west_Thundery,obs_heat_not_hot,0.0295866785608088,0.7653846153846153,1.1035320306702943,0,,,1.2584997301672962,,False
ctx_season_SW_monsoon & fc_central_Thundery & fc_north_Thundery,obs_rain_light,0.021706809396372286,0.31601731601731603,1.8120481394138683,0,,,2.4495798319327733,,False
ctx_season_SW_monsoon & fc_central_Thundery & fc_north_Thundery,obs_heat_not_hot,0.056645851917930416,0.8246753246753247,1.1890174134547125,0,,,1.2584997301672962,,False
ctx_season_inter_2 & fc_central_Thundery & fc_north_Thundery,obs_rain_light,0.014421647338685697,0.37890625000000006,2.172654251918159,0,,,2.4495798319327733,,False
ctx_season_inter_2 & fc_central_Thundery & fc_north_Thundery,obs_heat_not_hot,0.03018138566755873,0.7929687500000001,1.1433028536977492,0,,,1.2584997301672962,,False
ctx_block_1 & ctx_season_SW_monsoon & fc_north_Thundery,obs_rain_light,0.011002081474873625,0.2813688212927757,1.6133731389728978,0,,,2.4495798319327733,,False
ctx_block_1 & ctx_season_SW_monsoon & fc_north_Thundery,obs_heat_not_hot,0.03270889087124591,0.8365019011406845,1.2060689790079835,0,,,1.2584997301672962,,False
ctx_block_2 & ctx_season_SW_monsoon & fc_north_Thundery,obs_rain_light,0.01590841510556051,0.3203592814371257,1.8369450357596824,0,,,2.4495798319327733,,False
ctx_block_2 & ctx_season_inter_2 & fc_north_Thundery,obs_rain_light,0.010407374368123699,0.36649214659685864,2.1014715925067953,0,,,2.4495798319327733,,False
ctx_season_SW_monsoon & fc_north_Thundery,obs_heat_not_hot & obs_rain_light,0.02601843592030925,0.274294670846395,1.9078655182139115,0,,,2.88455195162177,,False
ctx_season_SW_monsoon & fc_north_Thundery,obs_heat_not_hot & obs_rain_wet,0.010110020814748736,0.10658307210031348,2.856086625285691,0,,,3.609047619047619,,False
ctx_season_inter_2 & fc_north_Thundery,obs_heat_not_hot & obs_rain_light,0.012786202795123401,0.2866666666666667,1.9939193381592555,0,,,2.88455195162177,,False
ctx_season_inter_2 & fc_east_Fair & fc_south_Fair,obs_rain_dry,0.10214094558429973,0.8773946360153256,1.149465586645711,0,,,1.1931341805578477,,False
ctx_season_inter_2 & fc_south_Fair & fc_west_Fair,obs_rain_dry,0.10541183467142433,0.8667481662591687,1.1355177573547273,0,,,1.1931341805578477,,False
ctx_season_inter_2 & fc_central_Fair & fc_south_Fair,obs_rain_dry,0.10674992566161165,0.8713592233009708,1.1415586552244508,0,,,1.1931341805578477,,False
ctx_season_inter_2 & fc_central_Fair & fc_south_Fair,obs_heat_hot,0.04177817424918228,0.34101941747572817,1.1129047073953167,0,,,1.9737699731055212,,False
ctx_block_0 & ctx_season_inter_2 & fc_south_Fair,obs_rain_dry,0.03151947665774606,0.9769585253456219,1.2799032024687678,0,,,1.1931341805578477,,False
ctx_block_0 & ctx_season_inter_2 & fc_south_Fair,obs_heat_hot,0.01144811180493607,0.3548387096774193,1.1580034746677934,0,,,1.9737699731055212,,False
ctx_block_1 & ctx_season_inter_2 & fc_south_Fair,obs_rain_dry,0.026910496580434137,0.8578199052132701,1.1238209354235402,0,,,1.1931341805578477,,False
ctx_block_1 & ctx_season_inter_2 & fc_south_Fair,obs_heat_hot,0.011002081474873625,0.35071090047393366,1.1445325165393876,0,,,1.9737699731055212,,False
ctx_season_inter_2 & fc_south_Fair,obs_heat_hot & obs_rain_dry,0.039399345822182574,0.309218203033839,1.1756934050907863,0,,,2.0563178294573645,,False
ctx_season_SW_monsoon & fc_east_Thundery & fc_south_Thundery,obs_rain_light,0.020220041629497473,0.33251833740831294,1.906665249282449,0,,,2.4495798319327733,,False
ctx_season_SW_monsoon & fc_east_Thundery & fc_south_Thundery,obs_heat_not_hot,0.0520368718406185,0.8557457212713936,1.233814731247887,0,,,1.2584997301672962,,False
ctx_season_inter_2 & fc_east_Thundery & fc_south_Thundery,obs_rain_light,0.01263752601843592,0.3744493392070484,2.147098257038881,0,,,2.4495798319327733,,False
ctx_season_inter_2 & fc_east_Thundery & fc_south_Thundery,obs_heat_not_hot,0.026761819803746655,0.7929515418502202,1.1432780429763303,0,,,1.2584997301672962,,False
ctx_season_SW_monsoon & fc_south_Thundery & fc_west_Thundery,obs_rain_light,0.02111210228962236,0.3317757009345795,1.9024069603461051,0,,,2.4495798319327733,,False
ctx_season_SW_monsoon & fc_south_Thundery & fc_west_Thundery,obs_heat_not_hot,0.05367231638418079,0.8434579439252338,1.2160982059680863,0,,,1.2584997301672962,,False
ctx_season_inter_2 & fc_south_Thundery & fc_west_Thundery,obs_rain_light,0.012934879571810883,0.36708860759493667,2.104891709022629,0,,,2.4495798319327733,,False
ctx_season_inter_2 & fc_south_Thundery & fc_west_Thundery,obs_heat_not_hot,0.027802557240559026,0.7890295358649788,1.137623292224619,0,,,1.2584997301672962,,False
ctx_season_SW_monsoon & fc_central_Thundery & fc_south_Thundery,obs_rain_light,0.02007136485280999,0.3276699029126214,1.8788642514836242,0,,,2.4495798319327733,,False
ctx_season_SW_monsoon & fc_central_Thundery & fc_south_Thundery,obs_heat_not_hot,0.05233422539399346,0.8543689320388349,1.2318296756469889,0,,,1.2584997301672962,,False
ctx_season_inter_2 & fc_central_Thundery & fc_south_Thundery,obs_rain_light,0.01263752601843592,0.3695652173913043,2.1190926275992434,0,,,2.4495798319327733,,False
ctx_season_inter_2 & fc_central_Thundery & fc_south_Thundery,obs_heat_not_hot,0.02735652691049658,0.8,1.1534405144694533,0,,,1.2584997301672962,,False
ctx_block_1 & ctx_season_SW_monsoon & fc_south_Thundery,obs_heat_not_hot,0.02705917335712162,0.8792270531400966,1.267670130636718,0,,,1.2584997301672962,,False
ctx_block_2 & ctx_season_SW_monsoon & fc_south_Thundery,obs_heat_not_hot,0.020666071959559915,0.7942857142857143,1.1452016536518144,0,,,1.2584997301672962,,False
ctx_season_SW_monsoon & fc_south_Thundery,obs_heat_not_hot & obs_rain_light,0.02007136485280999,0.313953488372093,2.1837137153988597,0,,,2.88455195162177,,False
ctx_season_inter_2 & fc_south_Thundery,obs_heat_not_hot & obs_rain_light,0.01055605114481118,0.29831932773109243,2.0749698017780016,0,,,2.88455195162177,,False
ctx_season_inter_2 & fc_east_Fair & fc_west_Fair,obs_rain_dry,0.10065417781742492,0.8792207792207792,1.15185799786501,0,,,1.1931341805578477,,False
ctx_season_inter_2 & fc_central_Fair & fc_east_Fair,obs_rain_dry,0.10377639012786202,0.8779874213836478,1.1502421885910432,0,,,1.1931341805578477,,False
ctx_block_0 & ctx_season_inter_2 & fc_east_Fair,obs_rain_dry,0.03300624442462088,0.9779735682819384,1.281232999661924,0,,,1.1931341805578477,,False
ctx_block_0 & ctx_season_inter_2 & fc_east_Fair,obs_heat_hot,0.012191495688373476,0.36123348017621143,1.1788725801383784,0,,,1.9737699731055212,,False
ctx_block_1 & ctx_season_inter_2 & fc_east_Fair,obs_rain_dry,0.026910496580434137,0.8578199052132701,1.1238209354235402,0,,,1.1931341805578477,,False
ctx_block_2 & ctx_season_inter_2 & fc_east_Fair,obs_rain_dry,0.012488849241748439,0.8484848484848485,1.111591174699862,0,,,1.1931341805578477,,False
ctx_season_inter_2 & fc_east_Fair,obs_heat_hot & obs_rain_dry,0.03642581028843295,0.3032178217821782,1.152879066877858,0,,,2.0563178294573645,,False
ctx_season_inter_2 & fc_east_Fair,obs_heat_not_hot & obs_rain_dry,0.06883734760630389,0.573019801980198,1.145358451149721,0,,,1.2077212806026365,,False
ctx_season_SW_monsoon & fc_east_Thundery & fc_west_Thundery,obs_rain_light,0.02512637526018436,0.3170731707317073,1.8181024265485621,0,,,2.4495798319327733,,False
ctx_season_SW_monsoon & fc_east_Thundery & fc_west_Thundery,obs_heat_not_hot,0.06452572108236694,0.8142589118198875,1.1739990227010852,0,,,1.2584997301672962,,False
ctx_season_inter_2 & fc_east_Thundery & fc_west_Thundery,obs_rain_light,0.01352958667856081,0.364,2.087181585677749,0,,,2.4495798319327733,,False
ctx_season_inter_2 & fc_east_Thundery & fc_west_Thundery,obs_heat_not_hot,0.02869461790068391,0.772,1.1130700964630225,0,,,1.2584997301672962,,False
ctx_season_SW_monsoon & fc_central_Thundery & fc_east_Thundery,obs_rain_light,0.02111210228962236,0.3219954648526077,1.84632693657173,0,,,2.4495798319327733,,False
ctx_season_SW_monsoon & fc_central_Thundery & fc_east_Thundery,obs_heat_not_hot,0.055010407374368124,0.8390022675736961,1.2096740089390525,0,,,1.2584997301672962,,False
ctx_season_inter_2 & fc_central_Thundery & fc_east_Thundery,obs_rain_light,0.014272970561998216,0.384,2.20186189258312,0,,,2.4495798319327733,,False
ctx_season_inter_2 & fc_central_Thundery & fc_east_Thundery,obs_heat_not_hot,0.029438001784121322,0.792,1.1419061093247589,0,,,1.2584997301672962,,False
ctx_block_1 & ctx_season_SW_monsoon & fc_east_Thundery,obs_rain_light,0.01055605114481118,0.27952755905511806,1.6028153130475056,0,,,2.4495798319327733,,False
ctx_block_1 & ctx_season_SW_monsoon & fc_east_Thundery,obs_heat_not_hot,0.03166815343443354,0.8385826771653543,1.209069043218472,0,,,1.2584997301672962,,False
ctx_block_2 & ctx_season_SW_monsoon & fc_east_Thundery,obs_rain_light,0.014421647338685697,0.32441471571906355,1.8601989581640421,0,,,2.4495798319327733,,False
ctx_block_2 & ctx_season_inter_2 & fc_east_Thundery,obs_rain_light,0.010258697591436218,0.3709677419354839,2.127134724857685,0,,,2.4495798319327733,,False
ctx_season_SW_monsoon & fc_east_Thundery,obs_heat_not_hot & obs_rain_light,0.024382991376746953,0.27563025210084036,1.9171551971357312,0,,,2.88455195162177,,False
ctx_season_inter_2 & fc_east_Thundery,obs_heat_not_hot & obs_rain_light,0.012786202795123401,0.2935153583617747,2.0415556363405343,0,,,2.88455195162177,,False
ctx_season_inter_2 & fc_central_Fair & fc_west_Fair,obs_rain_dry,0.10377639012786202,0.8790931989924433,1.1516908563348605,0,,,1.1931341805578477,,False
ctx_block_0 & ctx_season_inter_2 & fc_west_Fair,obs_rain_dry,0.03137079988105858,0.9768518518518519,1.279763450634117,0,,,1.1931341805578477,,False
ctx_block_0 & ctx_season_inter_2 & fc_west_Fair,obs_heat_hot,0.01144811180493607,0.35648148148148145,1.1633646018653294,0,,,1.9737699731055212,,False
ctx_block_1 & ctx_season_inter_2 & fc_west_Fair,obs_rain_dry,0.02616711269699673,0.8669950738916257,1.1358412284758619,0,,,1.1931341805578477,,False
ctx_block_1 & ctx_season_inter_2 & fc_west_Fair,obs_heat_hot,0.01055605114481118,0.3497536945812808,1.1414087092448784,0,,,1.9737699731055212,,False
ctx_season_inter_2 & fc_west_Fair,obs_heat_hot & obs_rain_dry,0.0376152245019328,0.3081607795371498,1.1716729243453192,0,,,2.0563178294573645,,False
ctx_season_inter_2 & fc_west_Fair,obs_heat_not_hot & obs_rain_dry,0.06824264049955397,0.559074299634592,1.117484023578682,0,,,1.2077212806026365,,False
ctx_season_SW_monsoon & fc_central_Thundery & fc_west_Thundery,obs_rain_light,0.020666071959559915,0.32175925925925924,1.8449725300748316,0,,,2.4495798319327733,,False
ctx_season_SW_monsoon & fc_central_Thundery & fc_west_Thundery,obs_heat_not_hot,0.053820993160868275,0.8379629629629629,1.2081755388829343,0,,,1.2584997301672962,,False
ctx_season_inter_2 & fc_central_Thundery & fc_west_Thundery,obs_rain_light,0.012786202795123401,0.3644067796610169,2.0895140664961636,0,,,2.4495798319327733,,False
ctx_season_inter_2 & fc_central_Thundery & fc_west_Thundery,obs_heat_not_hot,0.028099910793933987,0.8008474576271186,1.1546623794212219,0,,,1.2584997301672962,,False
ctx_block_1 & ctx_season_SW_monsoon & fc_west_Thundery,obs_rain_light,0.011299435028248588,0.29571984435797666,1.695662125449063,0,,,2.4495798319327733,,False
ctx_block_1 & ctx_season_SW_monsoon & fc_west_Thundery,obs_heat_not_hot,0.03241153731787095,0.8482490272373541,1.2230059929685837,0,,,1.2584997301672962,,False
ctx_block_2 & ctx_season_SW_monsoon & fc_west_Thundery,obs_rain_light,0.013975617008623252,0.32525951557093424,1.865043053478349,0,,,2.4495798319327733,,False
ctx_season_SW_monsoon & fc_west_Thundery,obs_heat_not_hot & obs_rain_light,0.02527505203687184,0.2866779089376054,1.9939975341409866,0,,,2.88455195162177,,False
ctx_season_inter_2 & fc_west_Thundery,obs_heat_not_hot & obs_rain_light,0.011299435028248588,0.28044280442804426,1.9506290616163655,0,,,2.88455195162177,,False
ctx_block_0 & ctx_season_inter_2 & fc_central_Fair,obs_rain_dry,0.03285756764793339,0.9778761061946902,1.2811053155951475,0,,,1.1931341805578477,,False
ctx_block_0 & ctx_season_inter_2 & fc_central_Fair,obs_heat_hot,0.012191495688373476,0.36283185840707965,1.184088830492973,0,,,1.9737699731055212,,False
ctx_block_1 & ctx_season_inter_2 & fc_central_Fair,obs_rain_dry,0.02824858757062147,0.8597285067873304,1.126321374493881,0,,,1.1931341805578477,,False
ctx_block_1 & ctx_season_inter_2 & fc_central_Fair,obs_heat_hot,0.011745465358311032,0.3574660633484163,1.1665777496756176,0,,,1.9737699731055212,,False
ctx_season_inter_2 & fc_central_Fair,obs_heat_hot & obs_rain_dry,0.03984537615224502,0.3156654888103651,1.2002069404966171,0,,,2.0563178294573645,,False
ctx_season_inter_2 & fc_central_Fair,obs_heat_not_hot & obs_rain_dry,0.07017543859649122,0.5559481743227326,1.1112354890028824,0,,,1.2077212806026365,,False
ctx_block_1 & ctx_season_SW_monsoon & fc_central_Thundery,obs_heat_not_hot,0.027505203687184062,0.8726415094339623,1.2581750894861372,0,,,1.2584997301672962,,False
ctx_block_2 & ctx_season_SW_monsoon & fc_central_Thundery,obs_rain_light,0.010110020814748736,0.3192488262910798,1.8305776689120228,0,,,2.4495798319327733,,False
ctx_season_SW_monsoon & fc_central_Thundery,obs_heat_not_hot & obs_rain_light,0.020368718406184955,0.29273504273504275,2.0361281255800385,0,,,2.88455195162177,,False
ctx_season_inter_2 & fc_central_Thundery,obs_heat_not_hot & obs_rain_light,0.011894142134998514,0.3065134099616858,2.1319640076549105,0,,,2.88455195162177,,False
ctx_block_0 & ctx_season_inter_2,obs_heat_hot & obs_rain_dry,0.01263752601843592,0.2961672473867596,1.126071738792168,0,,,2.0563178294573645,,False
ctx_block_0 & ctx_season_inter_2,obs_heat_not_hot & obs_rain_dry,0.024382991376746953,0.5714285714285714,1.14217788155381,0,,,1.2077212806026365,,False
