date,pooled_rank,fc_tier,rain_mm,tmax,outlook_temp_ahead,f_react,f_preempt,f_window,label
2020-01-01,1.5,Thundery,,,,False,False,False,NONE
2020-01-02,,,,,,False,False,False,
2020-01-03,,,,,,False,False,False,
2020-01-04,,,,,,False,False,False,
2020-01-05,,,,,,False,False,False,
2020-01-06,,,,,,False,False,False,
2020-01-07,,,,,,False,False,False,
2020-01-08,,,,,,False,False,False,
2020-01-09,,,,,,False,False,False,
2020-01-10,,,,,,False,False,False,
2020-01-11,,,,,,False,False,False,
2020-01-12,,,,,,False,False,False,
2020-01-13,,,,,,False,False,False,
2020-01-14,,,,,,False,False,False,
2020-01-15,,,,,,False,False,False,
2020-01-16,,,,,,False,False,False,
2020-01-17,,,,,,False,False,False,
2020-01-18,,,,,,False,False,False,
2020-01-19,,,,,,False,False,False,
2020-01-20,,,,,,False,False,False,
2020-01-21,,,,,,False,False,False,
2020-01-22,,,,,,False,False,False,
2020-01-23,,,,,,False,False,False,
2020-01-24,,,,,,False,False,False,
2020-01-25,,,,,,False,False,False,
2020-01-26,,,,,,False,False,False,
2020-01-27,,,,,,False,False,False,
2020-01-28,,,,,,False,False,False,
2020-01-29,,,,,,False,False,False,
2020-01-30,,,,,,False,False,False,
2020-01-31,,,,,,False,False,False,
2020-02-01,0.25,Fair,0.0,31.0,28.875,False,False,False,NONE
2020-02-02,0.5,Fair,0.0,30.3,28.875,False,False,False,NONE
2020-02-03,0.0,Fair,0.0,32.2,29.0,False,False,True,WINDOW
2020-02-04,0.25,Fair,0.0,31.6,29.0,False,False,False,NONE
2020-02-05,0.1,Fair,0.0,32.1,28.75,False,False,True,WINDOW
2020-02-06,0.15,Fair,0.0,31.8,28.5,False,False,False,NONE
2020-02-07,0.0,Fair,0.0,31.7,28.375,False,False,True,WINDOW
2020-02-08,0.0,Fair,0.0,31.3,28.5,False,False,True,WINDOW
2020-02-09,1.0,Light,31.200000000000003,29.0,29.0,False,False,False,NONE
2020-02-10,2.0,Thundery,8.0,31.4,29.0,False,False,False,NONE
2020-02-11,0.3,Fair,18.4,28.7,29.25,False,False,False,NONE
2020-02-12,0.35,Fair,3.2,31.4,28.75,False,False,False,NONE
2020-02-13,0.15,Fair,0.0,32.2,28.5,False,False,False,NONE
2020-02-14,0.1,Fair,0.0,32.1,28.75,False,False,True,WINDOW
2020-02-15,0.0,Fair,0.0,33.5,28.5,False,False,True,WINDOW
2020-02-16,0.0,Fair,4.6,33.1,28.5,False,False,True,WINDOW
2020-02-17,0.05,Fair,3.0,32.8,28.375,False,False,True,WINDOW
2020-02-18,0.75,Light,1.0,28.9,28.75,False,False,False,NONE
2020-02-19,0.0,Fair,0.0,31.8,28.375,False,False,True,WINDOW
2020-02-20,0.25,Fair,1.0,31.4,28.75,False,False,False,NONE
2020-02-21,0.5,Fair,4.8,28.9,29.375,False,False,False,NONE
2020-02-22,0.5,Fair,0.0,31.0,29.5,False,False,False,NONE
2020-02-23,0.5,Fair,0.0,30.6,29.25,False,False,False,NONE
2020-02-24,0.5,Fair,0.2,29.1,29.375,False,False,False,NONE
2020-02-25,0.1,Fair,0.0,31.8,29.25,False,False,True,WINDOW
2020-02-26,0.0,Fair,0.0,32.9,29.0,False,False,True,WINDOW
2020-02-27,0.0,Fair,0.0,32.7,29.0,False,False,True,WINDOW
2020-02-28,0.0,Fair,0.0,32.0,29.25,False,False,True,WINDOW
2020-02-29,0.0,Fair,0.0,32.5,29.25,False,False,True,WINDOW
2020-03-01,0.0,Fair,0.0,32.8,29.125,False,True,True,PREEMPT
2020-03-02,0.0,Fair,0.0,32.4,29.0,False,False,True,WINDOW
2020-03-03,0.0,Fair,0.0,33.5,29.0,False,False,True,WINDOW
2020-03-04,0.0,Fair,0.6,32.8,28.75,False,False,True,WINDOW
2020-03-05,0.5,Fair,1.6,29.7,28.875,False,False,False,NONE
2020-03-06,0.5,Fair,0.0,31.0,28.875,False,False,False,NONE
2020-03-07,0.5,Fair,5.2,33.2,28.625,False,False,False,NONE
2020-03-08,0.5,Fair,16.4,32.8,29.0,False,False,False,NONE
2020-03-09,0.2,Fair,0.2,35.0,29.0,False,False,False,NONE
2020-03-10,0.1,Fair,0.0,34.3,29.25,False,True,True,PREEMPT
2020-03-11,0.0,Fair,16.0,33.4,29.25,False,True,True,PREEMPT
2020-03-12,0.0,Fair,0.0,32.8,29.25,False,True,True,PREEMPT
2020-03-13,0.2,Fair,0.0,34.6,28.875,False,False,False,NONE
2020-03-14,0.15,Fair,0.0,33.6,28.5,False,False,False,NONE
2020-03-15,0.5,Fair,0.0,33.1,28.5,False,False,False,NONE
2020-03-16,0.7,Light,0.0,32.9,29.375,False,True,False,PREEMPT
2020-03-17,0.0,Fair,0.0,32.4,29.375,False,False,True,WINDOW
2020-03-18,0.2,Fair,5.4,32.7,29.25,False,True,False,PREEMPT
2020-03-19,0.0,Fair,0.0,33.2,29.5,False,True,True,PREEMPT
2020-03-20,0.5,Fair,0.0,32.0,29.375,False,False,False,NONE
2020-03-21,0.5,Fair,45.2,32.5,29.5,False,False,False,NONE
2020-03-22,0.5,Fair,26.8,32.8,29.5,False,True,False,PREEMPT
2020-03-23,0.5,Fair,19.4,30.3,29.5,False,False,False,NONE
2020-03-24,0.3,Fair,0.2,32.7,29.5,False,True,False,PREEMPT
2020-03-25,0.5,Fair,0.0,33.1,29.25,False,True,False,PREEMPT
2020-03-26,0.5,Fair,0.0,33.4,29.25,False,True,False,PREEMPT
2020-03-27,0.5,Fair,30.6,34.8,29.25,False,True,False,PREEMPT
2020-03-28,0.0,Fair,14.2,34.1,29.25,False,True,True,PREEMPT
2020-03-29,0.0,Fair,0.0,33.7,29.25,False,True,True,PREEMPT
2020-03-30,0.0,Fair,0.2,34.4,29.125,False,True,True,PREEMPT
2020-03-31,0.0,Fair,0.0,33.8,29.0,False,False,True,WINDOW
2020-04-01,0.1,Fair,0.4,34.4,29.0,False,False,True,WINDOW
2020-04-02,0.5,Fair,5.0,34.8,29.0,False,False,False,NONE
2020-04-03,0.5,Fair,8.600000000000001,33.0,29.0,False,False,False,NONE
2020-04-04,0.5,Fair,0.0,33.0,29.0,False,False,False,NONE
2020-04-05,0.5,Fair,0.0,33.3,29.0,False,False,False,NONE
2020-04-06,0.6,Light,0.0,32.1,29.25,False,False,False,NONE
2020-04-07,1.0,Light,30.0,31.5,29.875,False,False,False,NONE
2020-04-08,0.3,Fair,33.6,33.6,29.875,False,True,False,PREEMPT
2020-04-09,0.1,Fair,0.2,33.9,29.25,False,True,True,PREEMPT
2020-04-10,0.0,Fair,0.0,33.7,29.25,False,True,True,PREEMPT
2020-04-11,0.3,Fair,0.4,32.4,29.25,False,False,False,NONE
2020-04-12,0.5,Fair,0.0,33.8,29.375,False,True,False,PREEMPT
2020-04-13,0.5,Fair,27.6,32.9,29.375,False,True,False,PREEMPT
2020-04-14,0.1,Fair,0.0,33.1,29.375,False,True,True,PREEMPT
2020-04-15,0.0,Fair,0.0,32.5,29.75,False,False,True,WINDOW
2020-04-16,0.1,Fair,0.0,33.7,29.75,False,True,True,PREEMPT
2020-04-17,0.0,Fair,0.0,33.5,29.625,False,True,True,PREEMPT
2020-04-18,0.0,Fair,0.0,34.1,29.5,False,True,True,PREEMPT
2020-04-19,0.5,Fair,0.0,35.0,29.5,False,True,False,PREEMPT
2020-04-20,0.2,Fair,0.0,34.2,29.375,False,True,False,PREEMPT
2020-04-21,0.3,Fair,63.2,33.1,29.25,False,True,False,PREEMPT
2020-04-22,0.75,Light,1.0,33.8,29.25,True,True,False,REACT
2020-04-23,0.5,Fair,12.6,31.2,28.625,False,False,False,NONE
2020-04-24,0.5,Fair,4.0,34.0,28.75,False,False,False,NONE
2020-04-25,0.95,Light,2.4000000000000004,31.8,28.75,False,False,False,NONE
2020-04-26,0.5,Fair,2.2,32.5,28.75,False,False,False,NONE
2020-04-27,0.5,Fair,0.0,30.4,29.0,False,False,False,NONE
2020-04-28,0.5,Fair,0.0,31.3,28.75,False,False,False,NONE
2020-04-29,0.3,Fair,5.4,33.4,28.625,False,False,False,NONE
2020-04-30,1.0,Light,8.8,32.4,29.125,False,False,False,NONE
2020-05-01,0.75,Light,9.0,30.9,29.5,False,False,False,NONE
2020-05-02,0.4,Fair,0.0,31.4,29.125,False,False,False,NONE
2020-05-03,0.3,Fair,6.0,33.3,29.0,False,False,False,NONE
2020-05-04,1.05,Light,0.2,30.7,28.75,False,False,False,NONE
2020-05-05,0.6,Light,3.0,34.1,28.5,False,False,False,NONE
2020-05-06,1.5,Thundery,0.2,31.2,28.5,False,False,False,NONE
2020-05-07,0.6,Light,0.0,34.0,28.375,False,False,False,NONE
2020-05-08,2.0,Thundery,8.4,32.1,29.0,False,False,False,NONE
2020-05-09,0.4,Fair,1.5999999999999999,34.1,29.0,False,False,False,NONE
2020-05-10,0.6,Light,0.2,32.4,28.875,False,False,False,NONE
2020-05-11,0.6,Light,1.2,32.1,30.0,False,False,False,NONE
2020-05-12,0.6,Light,0.0,33.7,29.5,False,True,False,PREEMPT
2020-05-13,2.0,Thundery,2.4,29.9,29.625,False,False,False,NONE
2020-05-14,1.0,Light,0.0,33.3,28.5,False,False,False,NONE
2020-05-15,0.2,Fair,0.0,33.1,28.625,False,False,False,NONE
2020-05-16,0.3,Fair,10.799999999999999,33.3,29.625,False,True,False,PREEMPT
2020-05-17,1.0,Light,46.0,32.5,30.0,False,False,False,NONE
2020-05-18,0.2,Fair,0.0,33.6,29.5,False,True,False,PREEMPT
2020-05-19,0.2,Fair,0.0,33.6,29.5,False,True,False,PREEMPT
2020-05-20,0.5,Fair,0.0,31.0,30.0,False,False,False,NONE
2020-05-21,0.3,Fair,0.2,34.7,29.625,False,True,False,PREEMPT
2020-05-22,0.3,Fair,40.0,32.1,29.25,False,False,False,NONE
2020-05-23,0.3,Fair,0.2,30.5,29.75,False,False,False,NONE
2020-05-24,0.4,Fair,0.0,33.6,29.875,False,True,False,PREEMPT
2020-05-25,0.2,Fair,13.6,33.5,29.125,False,True,False,PREEMPT
2020-05-26,0.6,Light,2.1999999999999997,32.7,29.25,False,True,False,PREEMPT
2020-05-27,1.15,Light,1.8,30.5,29.125,False,False,False,NONE
2020-05-28,0.2,Fair,0.6000000000000001,33.5,29.125,False,True,False,PREEMPT
2020-05-29,0.6,Light,3.8,31.9,29.625,False,False,False,NONE
2020-05-30,0.6,Light,6.0,34.4,29.5,False,True,False,PREEMPT
2020-05-31,0.4,Fair,0.0,33.5,29.5,False,True,False,PREEMPT
2020-06-01,0.2,Fair,10.0,28.3,29.5,False,False,False,NONE
2020-06-02,0.3,Fair,19.4,34.9,28.625,False,False,False,NONE
2020-06-03,0.6,Light,0.0,32.2,28.875,False,False,False,NONE
2020-06-04,0.5,Fair,13.8,33.8,29.125,False,True,False,PREEMPT
2020-06-05,1.25,Light,9.8,30.8,30.0,False,False,False,NONE
2020-06-06,0.25,Fair,3.2,29.5,29.375,False,False,False,NONE
2020-06-07,0.4,Fair,0.0,33.3,29.5,False,True,False,PREEMPT
2020-06-08,0.4,Fair,,32.0,29.5,False,False,False,NONE
2020-06-09,0.4,Fair,,,29.375,False,False,False,NONE
2020-06-10,0.2,Fair,,,29.25,False,False,False,NONE
2020-06-11,0.3,Fair,,30.5,29.25,False,False,False,NONE
2020-06-12,0.35,Fair,1.6,30.4,28.875,False,False,False,NONE
2020-06-13,0.5,Fair,7.4,27.2,28.875,False,False,False,NONE
2020-06-14,0.2,Fair,1.2,32.1,29.0,False,False,False,NONE
2020-06-15,0.5,Fair,0.404,32.7,29.125,False,True,False,PREEMPT
2020-06-16,0.6,Light,1.9024999999999999,30.6,28.75,False,False,False,NONE
2020-06-17,0.5,Fair,16.1525,29.3,28.875,False,False,False,NONE
2020-06-18,0.5,Fair,1.50625,30.0,28.875,False,False,False,NONE
2020-06-19,0.3,Fair,1.90875,31.1,28.125,False,False,False,NONE
2020-06-20,3.5,Severe,12.81525,28.4,28.625,False,False,False,NONE
2020-06-21,1.25,Light,0.351,27.8,28.25,False,False,False,NONE
2020-06-22,1.25,Light,0.15100000000000002,28.4,28.25,False,False,False,NONE
2020-06-23,0.5,Fair,29.9315,28.3,29.5,False,False,False,NONE
2020-06-24,0.0,Fair,9.76525,27.4,29.5,False,False,True,WINDOW
2020-06-25,0.0,Fair,0.0,31.8,29.25,False,False,True,WINDOW
2020-06-26,0.0,Fair,0.0,32.0,28.625,False,False,True,WINDOW
2020-06-27,1.0,Light,1.9049999999999998,30.9,29.25,False,False,False,NONE
2020-06-28,0.6,Light,0.15100000000000002,32.6,29.125,False,True,False,PREEMPT
2020-06-29,0.5,Fair,1.4067500000000002,32.2,29.375,False,False,False,NONE
2020-06-30,0.6,Light,4.101,32.7,29.0,False,False,False,NONE
2020-07-01,0.6,Light,,30.2,29.625,False,False,False,NONE
2020-07-02,0.6,Light,,29.2,29.25,False,False,False,NONE
2020-07-03,0.1,Fair,0.0,32.4,29.375,False,False,True,WINDOW
2020-07-04,0.3,Fair,2.89175,31.7,29.375,False,False,False,NONE
2020-07-05,0.3,Fair,6.171500000000001,32.3,29.25,False,False,False,NONE
2020-07-06,0.3,Fair,3.498666666666667,31.5,29.25,False,False,False,NONE
2020-07-07,1.05,Light,8.154333333333332,30.8,28.625,False,False,False,NONE
2020-07-08,1.15,Light,2.4686666666666666,29.7,28.875,False,False,False,NONE
2020-07-09,0.5,Fair,9.387083333333333,27.4,28.25,False,False,False,NONE
2020-07-10,0.3,Fair,0.101,31.5,28.75,False,False,False,NONE
2020-07-11,1.1,Light,0.40075000000000005,31.0,28.5,False,False,False,NONE
2020-07-12,0.75,Light,4.616,30.5,28.25,False,False,False,NONE
2020-07-13,1.0,Light,28.113,28.2,28.5,False,False,False,NONE
2020-07-14,0.3,Fair,0.15025,29.4,29.0,False,False,False,NONE
2020-07-15,0.2,Fair,12.153500000000001,30.7,28.75,False,False,False,NONE
2020-07-16,0.3,Fair,7.7805,32.3,28.5,False,False,False,NONE
2020-07-17,0.3,Fair,0.05075,32.5,28.5,False,False,False,NONE
2020-07-18,0.3,Fair,6.8155,30.5,28.75,False,False,False,NONE
2020-07-19,1.0,Light,0.0,31.9,28.625,False,False,False,NONE
2020-07-20,0.3,Fair,0.0,32.6,28.5,False,False,False,NONE
2020-07-21,0.6,Light,0.0,33.1,28.0,False,False,False,NONE
2020-07-22,0.6,Light,16.8655,30.4,28.25,False,False,False,NONE
2020-07-23,0.7,Light,3.01725,29.8,28.5,False,False,False,NONE
2020-07-24,0.3,Fair,10.2095,29.8,28.0,False,False,False,NONE
2020-07-25,1.0,Light,5.07475,30.4,27.625,False,False,False,NONE
2020-07-26,1.8,Thundery,13.139500000000002,29.8,28.25,False,False,False,NONE
2020-07-27,1.0,Light,31.32575,29.6,28.875,False,False,False,NONE
2020-07-28,1.0,Light,0.05,30.7,27.75,False,False,False,NONE
2020-07-29,1.0,Light,,27.9,28.125,False,False,False,NONE
2020-07-30,0.95,Light,,31.6,28.5,False,False,False,NONE
2020-07-31,0.6666666666666666,Light,,30.6,28.5,False,False,False,NONE
2020-08-01,0.3,Fair,,31.2,28.5,False,False,False,NONE
2020-08-02,0.0,Fair,,31.8,28.25,False,False,True,WINDOW
2020-08-03,0.0,Fair,,32.7,28.5,False,False,True,WINDOW
2020-08-04,0.5,Fair,,29.4,28.75,False,False,False,NONE
2020-08-05,0.0,Fair,,32.4,29.0,False,False,True,WINDOW
2020-08-06,0.0,Fair,,32.4,28.125,False,False,True,WINDOW
2020-08-07,0.0,Fair,,33.5,28.125,False,False,True,WINDOW
2020-08-08,0.0,Fair,0.0,33.3,28.5,False,False,True,WINDOW
2020-08-09,0.1,Fair,0.0,34.6,28.625,False,False,True,WINDOW
2020-08-10,0.2,Fair,0.0,33.6,28.75,False,False,False,NONE
2020-08-11,0.1,Fair,0.0,33.1,28.625,False,False,True,WINDOW
2020-08-12,0.6,Light,12.22375,29.2,29.5,False,False,False,NONE
2020-08-13,1.0,Light,22.3895,31.9,28.75,False,False,False,NONE
2020-08-14,0.2,Fair,13.48275,28.4,28.125,False,False,False,NONE
2020-08-15,0.6,Light,24.468999999999998,32.5,28.125,False,False,False,NONE
2020-08-16,0.3,Fair,0.2515,31.0,28.75,False,False,False,NONE
2020-08-17,1.0,Light,2.10425,31.7,29.5,False,False,False,NONE
2020-08-18,1.0,Light,1.00225,28.7,29.375,False,False,False,NONE
2020-08-19,1.0,Light,0.9069999999999999,31.7,29.125,False,False,False,NONE
2020-08-20,0.85,Light,0.10075,31.8,29.5,False,False,False,NONE
2020-08-21,0.0,Fair,0.0,32.7,29.125,False,True,True,PREEMPT
2020-08-22,0.1,Fair,12.378333333333334,32.8,28.5,False,False,True,WINDOW
2020-08-23,0.5,Fair,22.407166666666665,26.9,28.5,False,False,False,NONE
2020-08-24,0.4,Fair,0.05,32.3,28.5,False,False,False,NONE
2020-08-25,1.0,Light,0.0,30.7,29.0,False,False,False,NONE
2020-08-26,1.0,Light,0.50075,31.6,28.75,False,False,False,NONE
2020-08-27,1.0,Light,0.0,30.7,28.75,False,False,False,NONE
2020-08-28,0.1,Fair,0.0,30.9,28.625,False,False,True,WINDOW
2020-08-29,1.0,Light,0.8676666666666667,29.6,28.5,False,False,False,NONE
2020-08-30,1.0,Light,0.0,32.9,28.75,False,False,False,NONE
2020-08-31,1.0,Light,0.0,32.8,28.75,False,False,False,NONE
2020-09-01,0.6,Light,1.30025,32.4,29.25,False,False,False,NONE
2020-09-02,0.5,Fair,3.11975,30.3,29.125,False,False,False,NONE
2020-09-03,0.5,Fair,6.440999999999999,29.6,29.0,False,False,False,NONE
2020-09-04,1.0,Light,4.8155,29.6,29.25,False,False,False,NONE
2020-09-05,1.0,Light,20.03925,25.8,29.125,False,False,False,NONE
2020-09-06,1.0,Light,15.327250000000001,30.7,29.25,False,False,False,NONE
2020-09-07,0.3,Fair,0.9105,32.0,28.625,False,False,False,NONE
2020-09-08,0.5,Fair,0.10075,31.1,28.25,False,False,False,NONE
2020-09-09,1.0,Light,0.15075,32.7,28.0,False,False,False,NONE
2020-09-10,1.0,Light,0.35025,28.7,28.75,False,False,False,NONE
2020-09-11,0.45,Fair,3.8662500000000004,31.6,28.25,False,False,False,NONE
2020-09-12,0.5,Fair,8.99325,28.0,28.625,False,False,False,NONE
2020-09-13,1.0,Light,26.05825,27.1,29.0,False,False,False,NONE
2020-09-14,1.0,Light,23.905750000000005,29.3,28.25,False,False,False,NONE
2020-09-15,1.0,Light,0.0,31.3,28.375,False,False,False,NONE
2020-09-16,1.0,Light,13.498249999999999,29.5,28.625,False,False,False,NONE
2020-09-17,0.4,Fair,0.0,32.6,28.75,False,False,False,NONE
2020-09-18,0.0,Fair,0.0,32.5,28.5,False,False,True,WINDOW
2020-09-19,0.2,Fair,35.76375,33.6,28.625,False,False,False,NONE
2020-09-20,1.25,Light,0.7525,31.9,28.0,False,False,False,NONE
2020-09-21,0.2,Fair,1.9100000000000001,29.0,28.625,False,False,False,NONE
2020-09-22,0.3,Fair,0.201,31.6,28.375,False,False,False,NONE
2020-09-23,0.1,Fair,0.0,33.4,28.25,False,False,True,WINDOW
2020-09-24,1.0,Light,3.6694999999999993,32.0,27.875,False,False,False,NONE
2020-09-25,1.0,Light,17.27725,33.7,28.25,False,False,False,NONE
2020-09-26,1.0,Light,51.99575,28.5,28.375,False,False,False,NONE
2020-09-27,0.75,Light,8.64025,29.0,27.625,True,False,False,REACT
2020-09-28,0.0,Fair,0.0,32.3,28.625,False,False,True,WINDOW
2020-09-29,1.0,Light,1.6002499999999997,29.5,28.75,False,False,False,NONE
2020-09-30,0.5,Fair,33.069,32.6,28.375,False,False,False,NONE
2020-10-01,1.1,Light,23.484,28.2,28.0,False,False,False,NONE
2020-10-02,1.25,Light,0.303,31.9,28.5,False,False,False,NONE
2020-10-03,0.85,Light,9.85925,32.3,28.375,False,False,False,NONE
2020-10-04,0.3,Fair,0.0,31.2,28.125,False,False,False,NONE
2020-10-05,0.4,Fair,0.0,32.9,27.25,False,False,False,NONE
2020-10-06,1.0,Light,0.0,32.9,27.75,False,False,False,NONE
2020-10-07,1.0,Light,11.677249999999999,31.5,28.125,False,False,False,NONE
2020-10-08,0.1,Fair,17.41825,30.8,28.125,False,False,True,WINDOW
2020-10-09,0.0,Fair,0.0,30.0,28.0,False,False,True,WINDOW
2020-10-10,2.0,Thundery,5.5215,29.6,28.0,False,False,False,NONE
2020-10-11,2.0,Thundery,7.9555,30.9,28.125,False,False,False,NONE
2020-10-12,0.25,Fair,0.0,30.4,28.25,False,False,False,NONE
2020-10-13,0.0,Fair,0.0,31.7,28.0,False,False,True,WINDOW
2020-10-14,1.25,Light,5.09025,31.3,28.0,False,False,False,NONE
2020-10-15,0.25,Fair,15.514,32.2,28.375,False,False,False,NONE
2020-10-16,0.5,Fair,0.70075,33.1,28.625,False,False,False,NONE
2020-10-17,0.5,Fair,0.0,33.1,28.625,False,False,False,NONE
2020-10-18,0.0,Fair,14.864583333333334,32.7,28.5,False,False,True,WINDOW
2020-10-19,0.45,Fair,0.0,33.1,28.375,False,False,False,NONE
2020-10-20,0.3,Fair,3.8177499999999998,29.7,28.25,False,False,False,NONE
2020-10-21,0.8,Light,4.736,33.1,28.625,False,False,False,NONE
2020-10-22,0.25,Fair,7.198583333333334,29.5,28.5,False,False,False,NONE
2020-10-23,0.2,Fair,0.0,31.7,27.625,False,False,False,NONE
2020-10-24,0.75,Light,0.26833333333333337,30.5,28.25,False,False,False,NONE
2020-10-25,1.0,Light,1.477,32.2,28.0,False,False,False,NONE
2020-10-26,3.0,Moderate,1.6776666666666664,29.6,28.0,False,False,False,NONE
2020-10-27,0.65,Light,0.0,32.6,27.75,False,False,False,NONE
2020-10-28,0.5,Fair,4.3812500000000005,29.5,28.125,False,False,False,NONE
2020-10-29,0.5,Fair,0.0,31.7,28.75,False,False,False,NONE
2020-10-30,0.5,Fair,0.1015,33.3,29.0,False,False,False,NONE
2020-10-31,0.5,Fair,47.09475,32.9,28.25,False,False,False,NONE
2020-11-01,0.6,Light,0.1,31.2,27.75,False,False,False,NONE
2020-11-02,0.6666666666666666,Light,9.831750000000001,33.2,27.75,False,False,False,NONE
2020-11-03,0.8,Light,2.3655,30.9,27.875,False,False,False,NONE
2020-11-04,1.0,Light,21.488999999999997,26.8,28.0,False,False,False,NONE
2020-11-05,0.8,Light,0.0,32.8,28.0,False,False,False,NONE
2020-11-06,0.2,Fair,0.0,33.3,28.125,False,False,False,NONE
2020-11-07,1.0,Light,48.463,28.2,28.5,False,False,False,NONE
2020-11-08,1.0,Light,20.714750000000002,27.9,29.0,False,False,False,NONE
2020-11-09,0.1,Fair,0.5075,30.4,29.125,False,False,True,WINDOW
2020-11-10,0.5,Fair,1.2582499999999999,30.0,28.625,False,False,False,NONE
2020-11-11,0.6,Light,0.0,32.5,28.75,False,False,False,NONE
2020-11-12,0.0,Fair,0.0,33.4,28.375,False,False,True,WINDOW
2020-11-13,0.2,Fair,0.0,33.0,28.5,False,False,False,NONE
2020-11-14,0.3,Fair,35.5135,31.3,28.625,False,False,False,NONE
2020-11-15,0.6,Light,81.03,31.2,28.875,False,False,False,NONE
2020-11-16,0.75,Light,3.81525,31.7,28.5,True,False,False,REACT
2020-11-17,0.5,Fair,13.09425,31.8,28.375,False,False,False,NONE
2020-11-18,0.3,Fair,0.0,32.9,27.875,False,False,False,NONE
2020-11-19,0.75,Light,8.666500000000001,31.5,28.0,False,False,False,NONE
2020-11-20,1.0,Light,6.15475,32.9,27.875,False,False,False,NONE
2020-11-21,1.0,Light,34.892,33.4,28.125,False,False,False,NONE
2020-11-22,1.0,Light,38.473,32.0,28.375,False,False,False,NONE
2020-11-23,1.0,Light,3.9999999999999996,29.6,28.875,False,False,False,NONE
2020-11-24,1.0,Light,0.0,27.5,28.875,False,False,False,NONE
2020-11-25,0.3,Fair,0.6055,29.7,28.5,False,False,False,NONE
2020-11-26,0.6,Light,1.7087500000000002,28.2,27.875,False,False,False,NONE
2020-11-27,0.9,Light,0.0,31.5,28.375,False,False,False,NONE
2020-11-28,0.5,Fair,3.26525,29.0,28.125,False,False,False,NONE
2020-11-29,0.0,Fair,0.0,30.4,28.5,False,False,True,WINDOW
2020-11-30,0.3,Fair,2.98725,31.1,28.375,False,False,False,NONE
2020-12-01,0.3,Fair,0.0,32.0,28.25,False,False,False,NONE
2020-12-02,1.0,Light,0.0,31.4,28.125,False,False,False,NONE
2020-12-03,0.5,Fair,11.01125,32.6,28.25,False,False,False,NONE
2020-12-04,1.0,Light,6.69825,30.5,28.75,False,False,False,NONE
2020-12-05,,,,31.0,,False,False,False,
2020-12-06,0.0,Fair,0.0,31.8,28.75,False,False,True,WINDOW
2020-12-07,0.25,Fair,0.0,32.2,28.75,False,False,False,NONE
2020-12-08,0.5,Fair,0.0,32.5,29.0,False,False,False,NONE
2020-12-09,0.5,Fair,7.04575,32.2,29.0,False,False,False,NONE
2020-12-10,0.5,Fair,5.054,32.7,29.0,False,False,False,NONE
2020-12-11,0.5,Fair,0.0,31.8,29.0,False,False,False,NONE
2020-12-12,0.75,Light,16.393749999999997,31.8,29.0,False,False,False,NONE
2020-12-13,0.65,Light,0.553,30.3,29.25,False,False,False,NONE
2020-12-14,0.5,Fair,20.30625,32.0,28.75,False,False,False,NONE
2020-12-15,0.5,Fair,6.277500000000001,31.2,29.0,False,False,False,NONE
2020-12-16,0.75,Light,6.62325,29.8,28.875,False,False,False,NONE
2020-12-17,0.5,Fair,2.75,31.5,28.875,False,False,False,NONE
2020-12-18,0.6666666666666666,Light,6.73975,26.5,28.5,False,False,False,NONE
2020-12-19,0.3333333333333333,Fair,0.0,29.0,27.875,False,False,False,NONE
2020-12-20,0.5,Fair,1.308,30.5,27.875,False,False,False,NONE
2020-12-21,0.5,Fair,0.0,30.1,28.625,False,False,False,NONE
2020-12-22,0.3,Fair,0.75,31.7,28.5,False,False,False,NONE
2020-12-23,0.3,Fair,0.0,32.6,28.5,False,False,False,NONE
2020-12-24,1.0666666666666667,Light,0.2,29.3,,False,False,False,NONE
2020-12-25,0.6,Light,0.0,34.6,,False,False,False,NONE
2020-12-26,0.3,Fair,42.81875,31.2,,False,False,False,NONE
2020-12-27,1.0,Light,43.580999999999996,31.7,29.0,False,False,False,NONE
2020-12-28,0.2,Fair,0.7582500000000001,31.0,28.875,False,False,False,NONE
2020-12-29,0.3,Fair,16.9265,30.3,28.375,False,False,False,NONE
2020-12-30,0.2,Fair,0.0,31.2,27.875,False,False,False,NONE
2020-12-31,0.25,Fair,2.5775,31.3,27.5,False,False,False,NONE
2021-01-01,2.0,Thundery,,25.8,27.75,False,False,False,NONE
2021-01-02,,,,,,False,False,False,
2021-01-03,,,,,,False,False,False,
2021-01-04,,,,,,False,False,False,
2021-01-05,0.0,Fair,,,27.75,False,False,True,WINDOW
2021-01-06,0.5,Fair,0.0,29.4,26.875,False,False,False,NONE
2021-01-07,0.3,Fair,2.3655,25.4,25.875,False,False,False,NONE
2021-01-08,1.0,Light,9.177,27.0,24.875,False,False,False,NONE
2021-01-09,3.25,Moderate,30.359,26.6,25.25,False,False,False,NONE
2021-01-10,4.0,Severe,114.3165,24.1,25.5,False,False,False,NONE
2021-01-11,3.25,Moderate,2.262,28.6,,True,False,False,REACT
2021-01-12,1.5,Thundery,9.75,27.6,,False,False,False,NONE
2021-01-13,1.0,Light,0.701,27.2,28.0,False,False,False,NONE
2021-01-14,0.0,Fair,0.0,28.8,28.5,False,False,True,WINDOW
2021-01-15,0.0,Fair,0.0,30.3,28.625,False,False,True,WINDOW
2021-01-16,0.2,Fair,0.0,30.9,28.5,False,False,False,NONE
2021-01-17,0.1,Fair,0.0,30.2,28.625,False,False,True,WINDOW
2021-01-18,0.0,Fair,0.0,28.9,28.75,False,False,True,WINDOW
2021-01-19,0.0,Fair,0.0,28.8,28.75,False,False,True,WINDOW
2021-01-20,0.0,Fair,0.0,29.5,29.0,False,False,True,WINDOW
2021-01-21,0.2,Fair,25.41375,30.5,29.0,False,False,False,NONE
2021-01-22,0.5,Fair,0.1,31.0,29.0,False,False,False,NONE
2021-01-23,0.5,Fair,30.886000000000003,30.6,29.0,False,False,False,NONE
2021-01-24,0.2,Fair,0.8592500000000001,31.1,28.375,False,False,False,NONE
2021-01-25,0.3,Fair,9.697000000000001,31.1,28.25,False,False,False,NONE
2021-01-26,0.5,Fair,0.0,30.5,27.5,False,False,False,NONE
2021-01-27,0.3,Fair,0.8037500000000001,30.6,27.0,False,False,False,NONE
2021-01-28,0.3,Fair,5.86175,30.1,26.625,False,False,False,NONE
2021-01-29,0.25,Fair,0.0,31.0,27.0,False,False,False,NONE
2021-01-30,0.0,Fair,0.05075,30.2,27.875,False,False,True,WINDOW
2021-01-31,0.25,Fair,0.25,29.3,28.125,False,False,False,NONE
2021-02-01,0.3333333333333333,Fair,0.0,30.1,28.375,False,False,False,NONE
2021-02-02,0.0,Fair,0.0,30.1,28.5,False,False,True,WINDOW
2021-02-03,0.0,Fair,0.0,30.8,28.375,False,False,True,WINDOW
2021-02-04,0.0,Fair,0.0,31.1,28.375,False,False,True,WINDOW
2021-02-05,0.2,Fair,0.0,31.6,28.5,False,False,False,NONE
2021-02-06,0.0,Fair,0.0,31.6,28.625,False,False,True,WINDOW
2021-02-07,0.0,Fair,0.0,32.6,28.875,False,False,True,WINDOW
2021-02-08,0.15,Fair,0.15225,31.8,29.0,False,False,False,NONE
2021-02-09,0.2,Fair,0.0,31.7,29.0,False,False,False,NONE
2021-02-10,0.6,Light,0.0,30.9,29.0,False,False,False,NONE
2021-02-11,1.0,Light,28.418000000000003,32.3,29.0,False,False,False,NONE
2021-02-12,0.3,Fair,12.920250000000001,31.6,29.0,False,False,False,NONE
2021-02-13,0.3,Fair,0.101,31.3,29.0,False,False,False,NONE
2021-02-14,0.3,Fair,0.05,30.1,29.125,False,False,False,NONE
2021-02-15,0.0,Fair,0.0,30.5,28.75,False,False,True,WINDOW
2021-02-16,0.0,Fair,0.0,30.9,28.625,False,False,True,WINDOW
2021-02-17,0.0,Fair,0.0,30.4,28.125,False,False,True,WINDOW
2021-02-18,0.0,Fair,0.0,31.0,28.125,False,False,True,WINDOW
2021-02-19,0.0,Fair,0.0,30.5,28.25,False,False,True,WINDOW
2021-02-20,0.0,Fair,0.0,29.9,28.25,False,False,True,WINDOW
2021-02-21,0.0,Fair,0.05,30.9,28.5,False,False,True,WINDOW
2021-02-22,0.0,Fair,0.0,32.3,29.0,False,False,True,WINDOW
2021-02-23,0.0,Fair,0.0,31.9,28.875,False,False,True,WINDOW
2021-02-24,0.0,Fair,3.20125,30.1,29.0,False,False,True,WINDOW
2021-02-25,,,,33.4,29.0,False,False,False,
2021-02-26,,,,33.6,29.0,False,False,False,
2021-02-27,,,,33.4,29.0,False,False,False,
2021-02-28,,,,34.0,29.125,False,True,False,
2021-03-01,,,,33.2,29.0,False,False,False,
2021-03-02,0.0,Fair,0.0,32.8,29.0,False,False,True,WINDOW
2021-03-03,0.2,Fair,0.0,33.4,28.75,False,False,False,NONE
2021-03-04,0.2,Fair,0.0,32.8,28.625,False,False,False,NONE
2021-03-05,0.1,Fair,0.0,33.0,28.5,False,False,True,WINDOW
2021-03-06,0.2,Fair,7.7242500000000005,33.1,28.75,False,False,False,NONE
2021-03-07,0.5,Fair,74.84625000000001,31.1,28.875,False,False,False,NONE
2021-03-08,0.1,Fair,0.0,32.8,28.75,True,False,True,REACT
2021-03-09,0.0,Fair,0.0,31.6,28.625,False,False,True,WINDOW
2021-03-10,0.0,Fair,0.0,32.5,28.5,False,False,True,WINDOW
2021-03-11,0.3,Fair,0.0,31.6,28.5,False,False,False,NONE
2021-03-12,0.5,Fair,50.775,30.1,28.5,False,False,False,NONE
2021-03-13,0.5,Fair,28.608333333333334,32.5,28.75,True,False,False,REACT
2021-03-14,0.5,Fair,3.3,32.2,28.875,False,False,False,NONE
2021-03-15,0.5,Fair,10.099333333333334,31.8,28.5,False,False,False,NONE
2021-03-16,0.5,Fair,10.058,31.8,28.875,False,False,False,NONE
2021-03-17,0.5,Fair,17.130333333333336,32.5,29.0,False,False,False,NONE
2021-03-18,0.5,Fair,35.93233333333333,32.7,29.0,False,False,False,NONE
2021-03-19,0.5,Fair,0.7582499999999999,33.4,29.0,False,False,False,NONE
2021-03-20,1.0,Light,0.90125,32.7,29.0,False,False,False,NONE
2021-03-21,0.5,Fair,0.05075,33.2,28.625,False,False,False,NONE
2021-03-22,0.3,Fair,0.0,32.7,28.75,False,False,False,NONE
2021-03-23,1.4,Light,14.60625,32.3,28.5,False,False,False,NONE
2021-03-24,0.5,Fair,15.822,28.6,28.5,False,False,False,NONE
2021-03-25,0.65,Light,0.05,28.5,28.5,False,False,False,NONE
2021-03-26,0.3,Fair,0.0,32.1,28.375,False,False,False,NONE
2021-03-27,0.6,Light,4.921,29.5,28.5,False,False,False,NONE
2021-03-28,0.2,Fair,5.27975,31.9,28.125,False,False,False,NONE
2021-03-29,0.5,Fair,46.626999999999995,30.2,28.125,False,False,False,NONE
2021-03-30,0.2,Fair,0.05,33.5,28.875,False,False,False,NONE
2021-03-31,0.75,Light,3.0635000000000003,32.5,28.625,False,False,False,NONE
2021-04-01,0.0,Fair,0.0,32.8,28.625,False,False,True,WINDOW
2021-04-02,1.0,Light,58.82125,35.1,28.5,False,False,False,NONE
2021-04-03,1.0,Light,1.9005,33.7,28.875,True,False,False,REACT
2021-04-04,1.3,Light,5.2147499999999996,31.7,29.0,False,False,False,NONE
2021-04-05,1.0,Light,28.94375,31.6,29.0,False,False,False,NONE
2021-04-06,0.75,Light,12.2385,32.5,29.0,False,False,False,NONE
2021-04-07,1.0,Light,0.35300000000000004,33.2,29.0,False,False,False,NONE
2021-04-08,1.5,Thundery,3.76325,34.1,29.0,False,False,False,NONE
2021-04-09,2.0,Thundery,5.93975,32.4,29.0,False,False,False,NONE
2021-04-10,0.2,Fair,0.0,32.8,,False,False,False,NONE
2021-04-11,0.2,Fair,0.0,33.4,,False,False,False,NONE
2021-04-12,0.0,Fair,0.45300000000000007,32.8,,False,False,True,WINDOW
2021-04-13,0.3,Fair,5.45075,30.4,28.5,False,False,False,NONE
2021-04-14,0.45,Fair,0.3,33.4,28.5,False,False,False,NONE
2021-04-15,0.5,Fair,27.882749999999998,30.7,28.125,False,False,False,NONE
2021-04-16,1.0,Light,0.0,31.0,28.0,False,False,False,NONE
2021-04-17,1.0,Light,78.70875,30.5,28.0,False,False,False,NONE
2021-04-18,0.2,Fair,10.615500000000003,32.9,28.0,True,False,False,REACT
2021-04-19,0.3,Fair,10.2795,31.1,28.0,False,False,False,NONE
2021-04-20,1.0,Light,0.0,33.3,27.875,False,False,False,NONE
2021-04-21,0.3,Fair,0.0,33.5,28.0,False,False,False,NONE
2021-04-22,0.6,Light,18.65025,29.0,28.0,False,False,False,NONE
2021-04-23,1.0,Light,0.05075,30.8,28.125,False,False,False,NONE
2021-04-24,0.5,Fair,8.94775,28.6,28.5,False,False,False,NONE
2021-04-25,0.3,Fair,0.0,33.9,28.75,False,False,False,NONE
2021-04-26,0.5,Fair,28.554250000000003,30.9,29.0,False,False,False,NONE
2021-04-27,0.5,Fair,4.10375,31.0,29.0,False,False,False,NONE
2021-04-28,0.5,Fair,8.88575,31.6,29.0,False,False,False,NONE
2021-04-29,1.0,Light,24.64225,32.6,29.0,False,False,False,NONE
2021-04-30,0.5,Fair,7.15975,32.4,29.0,False,False,False,NONE
2021-05-01,0.2,Fair,0.65575,31.9,29.25,False,False,False,NONE
2021-05-02,0.3,Fair,0.0,33.2,29.0,False,False,False,NONE
2021-05-03,0.2,Fair,0.0,32.8,29.0,False,False,False,NONE
2021-05-04,0.75,Light,0.0,33.5,28.875,False,False,False,NONE
2021-05-05,0.5,Fair,11.36475,32.8,28.875,False,False,False,NONE
2021-05-06,0.5,Fair,5.363,30.1,28.5,False,False,False,NONE
2021-05-07,0.5,Fair,8.45875,32.3,28.75,False,False,False,NONE
2021-05-08,0.95,Light,12.20075,31.6,28.375,False,False,False,NONE
2021-05-09,0.6,Light,4.05225,33.0,28.25,False,False,False,NONE
2021-05-10,0.6,Light,0.0,34.2,27.75,False,False,False,NONE
2021-05-11,0.2,Fair,0.10075,34.1,28.0,False,False,False,NONE
2021-05-12,0.75,Light,11.94025,30.7,28.0,False,False,False,NONE
2021-05-13,0.2,Fair,8.344249999999999,32.8,28.0,False,False,False,NONE
2021-05-14,1.0,Light,1.8627500000000001,30.5,28.0,False,False,False,NONE
2021-05-15,0.5,Fair,0.30100000000000005,30.9,27.5,False,False,False,NONE
2021-05-16,1.0,Light,0.0,34.9,28.25,False,False,False,NONE
2021-05-17,1.0,Light,1.21025,30.0,28.625,False,False,False,NONE
2021-05-18,0.5,Fair,9.5395,28.2,28.5,False,False,False,NONE
2021-05-19,0.3,Fair,0.05,30.1,29.25,False,False,False,NONE
2021-05-20,0.2,Fair,0.0,32.6,29.125,False,True,False,PREEMPT
2021-05-21,0.6,Light,6.9182500000000005,31.0,29.125,False,False,False,NONE
2021-05-22,1.0,Light,0.15100000000000002,29.0,29.25,False,False,False,NONE
2021-05-23,0.0,Fair,0.0,33.7,29.0,False,False,True,WINDOW
2021-05-24,0.0,Fair,0.0,33.6,29.0,False,False,True,WINDOW
2021-05-25,0.2,Fair,0.0,33.4,28.625,False,False,False,NONE
2021-05-26,0.3,Fair,4.5646666666666675,33.0,29.0,False,False,False,NONE
2021-05-27,0.2,Fair,12.425333333333336,30.2,28.875,False,False,False,NONE
2021-05-28,0.6,Light,2.010666666666667,33.1,28.625,False,False,False,NONE
2021-05-29,0.6,Light,0.06766666666666667,31.4,28.75,False,False,False,NONE
2021-05-30,0.6,Light,0.0,33.3,28.75,False,False,False,NONE
2021-05-31,0.6,Light,20.977666666666664,31.8,28.5,False,False,False,NONE
2021-06-01,0.6,Light,7.183,31.8,28.75,False,False,False,NONE
2021-06-02,0.6,Light,30.241666666666664,31.7,29.5,False,False,False,NONE
2021-06-03,0.6,Light,1.0716666666666665,32.8,29.375,False,True,False,PREEMPT
2021-06-04,0.6,Light,4.79975,33.6,29.5,False,True,False,PREEMPT
2021-06-05,0.3,Fair,6.865,32.1,29.625,False,False,False,NONE
2021-06-06,0.0,Fair,0.0,33.6,29.25,False,True,True,PREEMPT
2021-06-07,0.6,Light,8.419249999999998,31.4,29.0,False,False,False,NONE
2021-06-08,1.0,Light,0.0,32.7,28.875,False,False,False,NONE
2021-06-09,1.0,Light,0.0,31.5,28.75,False,False,False,NONE
2021-06-10,0.6,Light,13.93275,33.5,29.125,False,True,False,PREEMPT
2021-06-11,0.55,Light,0.05,32.1,29.25,False,False,False,NONE
2021-06-12,0.5,Fair,7.26325,33.5,29.125,False,True,False,PREEMPT
2021-06-13,1.15,Light,1.452,32.7,29.125,False,True,False,PREEMPT
2021-06-14,0.6,Light,22.67825,32.3,29.0,False,False,False,NONE
2021-06-15,0.3,Fair,70.794,33.0,29.25,False,True,False,PREEMPT
2021-06-16,0.5,Fair,0.05025,30.4,29.625,True,False,False,REACT
2021-06-17,0.3,Fair,2.60325,33.0,29.5,False,True,False,PREEMPT
2021-06-18,1.0,Light,10.159,29.4,29.5,False,False,False,NONE
2021-06-19,0.2,Fair,6.5545,32.3,29.125,False,False,False,NONE
2021-06-20,0.3,Fair,17.482750000000003,32.8,29.0,False,False,False,NONE
2021-06-21,0.25,Fair,0.05075,32.6,28.75,False,False,False,NONE
2021-06-22,1.0,Light,5.51375,31.4,28.625,False,False,False,NONE
2021-06-23,0.0,Fair,0.0,32.0,28.75,False,False,True,WINDOW
2021-06-24,0.3,Fair,3.10525,33.5,28.25,False,False,False,NONE
2021-06-25,0.6,Light,6.0195,32.6,28.0,False,False,False,NONE
2021-06-26,1.0,Light,10.5935,31.2,28.0,False,False,False,NONE
2021-06-27,0.6,Light,2.07425,29.1,28.75,False,False,False,NONE
2021-06-28,1.0,Light,0.15100000000000002,32.7,29.125,False,True,False,PREEMPT
2021-06-29,0.5,Fair,17.281000000000002,29.2,29.125,False,False,False,NONE
2021-06-30,0.0,Fair,0.0,32.4,29.0,False,False,True,WINDOW
2021-07-01,0.4,Fair,0.757,31.8,28.625,False,False,False,NONE
2021-07-02,0.0,Fair,10.850999999999999,31.7,28.5,False,False,True,WINDOW
2021-07-03,1.0,Light,0.05,32.4,28.75,False,False,False,NONE
2021-07-04,0.95,Light,14.312249999999999,28.7,29.0,False,False,False,NONE
2021-07-05,1.0,Light,17.0745,30.3,28.625,False,False,False,NONE
2021-07-06,0.5,Fair,2.25475,30.1,29.25,False,False,False,NONE
2021-07-07,0.6,Light,0.15225,31.1,28.75,False,False,False,NONE
2021-07-08,0.3,Fair,0.85375,33.0,28.5,False,False,False,NONE
2021-07-09,0.2,Fair,6.278,32.6,28.25,False,False,False,NONE
2021-07-10,0.5,Fair,16.528,26.6,28.0,False,False,False,NONE
2021-07-11,0.5,Fair,26.71075,29.2,28.625,False,False,False,NONE
2021-07-12,1.0,Light,27.0305,32.2,29.375,False,False,False,NONE
2021-07-13,0.5,Fair,57.59325,25.7,29.875,False,False,False,NONE
2021-07-14,0.25,Fair,0.30175,28.8,29.625,True,False,False,REACT
2021-07-15,0.0,Fair,0.0,32.0,29.25,False,False,True,WINDOW
2021-07-16,0.0,Fair,0.0,32.4,29.75,False,False,True,WINDOW
2021-07-17,0.0,Fair,0.0,33.0,29.625,False,True,True,PREEMPT
2021-07-18,0.1,Fair,0.0,32.0,29.5,False,False,True,WINDOW
2021-07-19,0.1,Fair,2.10075,30.8,29.0,False,False,True,WINDOW
2021-07-20,0.0,Fair,0.0,32.9,29.75,False,True,True,PREEMPT
2021-07-21,0.0,Fair,0.0,32.8,29.75,False,True,True,PREEMPT
2021-07-22,0.0,Fair,0.0,33.4,29.875,False,True,True,PREEMPT
2021-07-23,0.3,Fair,0.752,33.0,30.0,False,True,False,PREEMPT
2021-07-24,0.0,Fair,0.0,33.2,30.0,False,True,True,PREEMPT
2021-07-25,0.0,Fair,0.0,33.4,29.875,False,True,True,PREEMPT
2021-07-26,0.0,Fair,0.0,32.0,30.0,False,False,True,WINDOW
2021-07-27,0.0,Fair,0.5555,32.5,29.75,False,False,True,WINDOW
2021-07-28,0.0,Fair,0.0,31.9,29.0,False,False,True,WINDOW
2021-07-29,0.0,Fair,0.0,32.8,29.0,False,False,True,WINDOW
2021-07-30,0.2,Fair,0.0,33.1,28.875,False,False,False,NONE
2021-07-31,0.5,Fair,1.61425,29.9,28.75,False,False,False,NONE
2021-08-01,1.0,Light,23.9905,30.1,28.375,False,False,False,NONE
2021-08-02,0.0,Fair,2.87475,31.4,28.375,False,False,True,WINDOW
2021-08-03,1.0,Light,9.897499999999999,33.1,29.0,False,False,False,NONE
2021-08-04,2.0,Thundery,5.03075,28.7,28.75,False,False,False,NONE
2021-08-05,0.0,Fair,0.0,32.2,28.625,False,False,True,WINDOW
2021-08-06,1.0,Light,0.0,31.4,28.5,False,False,False,NONE
2021-08-07,0.6,Light,30.19375,32.4,28.625,False,False,False,NONE
2021-08-08,1.0,Light,20.5425,32.5,29.5,False,False,False,NONE
2021-08-09,0.5,Fair,0.0,32.8,29.75,False,True,False,PREEMPT
2021-08-10,0.6,Light,1.71025,32.4,29.25,False,False,False,NONE
2021-08-11,1.0,Light,2.9667499999999998,31.0,29.0,False,False,False,NONE
2021-08-12,0.4,Fair,28.31475,30.5,29.375,False,False,False,NONE
2021-08-13,0.5,Fair,4.693,30.3,28.625,False,False,False,NONE
2021-08-14,0.5,Fair,15.06625,30.2,28.625,False,False,False,NONE
2021-08-15,0.5,Fair,1.2585,31.7,28.25,False,False,False,NONE
2021-08-16,0.5,Fair,15.49225,31.3,28.0,False,False,False,NONE
2021-08-17,1.0,Light,4.3790000000000004,28.1,28.5,False,False,False,NONE
2021-08-18,1.25,Light,2.9775,26.6,29.0,False,False,False,NONE
2021-08-19,0.25,Fair,12.70125,29.6,28.5,False,False,False,NONE
2021-08-20,0.25,Fair,66.35249999999999,27.2,28.25,False,False,False,NONE
2021-08-21,0.7,Light,0.15175,30.4,28.375,True,False,False,REACT
2021-08-22,1.0,Light,3.47475,30.6,28.5,False,False,False,NONE
2021-08-23,1.0,Light,0.0,31.9,28.5,False,False,False,NONE
2021-08-24,0.5,Fair,116.92825,27.5,28.25,False,False,False,NONE
2021-08-25,0.5,Fair,16.94275,27.8,28.375,True,False,False,REACT
2021-08-26,1.25,Light,2.1187500000000004,31.6,28.5,False,False,False,NONE
2021-08-27,0.6,Light,0.0,31.7,28.0,False,False,False,NONE
2021-08-28,0.6,Light,0.0,33.0,27.5,False,False,False,NONE
2021-08-29,0.6,Light,23.71725,29.6,28.625,False,False,False,NONE
2021-08-30,0.9,Light,20.776249999999997,28.2,28.375,False,False,False,NONE
2021-08-31,1.0,Light,11.338000000000001,29.6,28.5,False,False,False,NONE
2021-09-01,0.5,Fair,1.3535,30.9,28.125,False,False,False,NONE
2021-09-02,1.0,Light,61.07875,27.6,29.0,False,False,False,NONE
2021-09-03,0.2,Fair,0.55425,31.3,29.0,True,False,False,REACT
2021-09-04,0.0,Fair,38.54125,32.3,28.875,False,False,True,WINDOW
2021-09-05,0.3,Fair,0.05,31.9,28.625,False,False,False,NONE
2021-09-06,0.3,Fair,1.115,32.8,28.375,False,False,False,NONE
2021-09-07,0.5,Fair,0.0,30.8,28.0,False,False,False,NONE
2021-09-08,0.5,Fair,0.2015,31.2,28.125,False,False,False,NONE
2021-09-09,0.5,Fair,0.0,32.1,28.25,False,False,False,NONE
2021-09-10,0.5,Fair,10.8175,29.5,28.0,False,False,False,NONE
2021-09-11,0.3,Fair,0.0,32.2,28.0,False,False,False,NONE
2021-09-12,1.5,Thundery,0.0,31.6,29.0,False,False,False,NONE
2021-09-13,0.75,Light,6.90075,27.6,29.25,False,False,False,NONE
2021-09-14,0.0,Fair,0.0,31.4,29.375,False,False,True,WINDOW
2021-09-15,0.1,Fair,0.0,33.0,29.0,False,False,True,WINDOW
2021-09-16,0.2,Fair,0.3015,33.1,29.25,False,True,False,PREEMPT
2021-09-17,0.3,Fair,0.0,33.5,28.75,False,False,False,NONE
2021-09-18,0.3,Fair,0.0,32.9,28.5,False,False,False,NONE
2021-09-19,1.0,Light,65.854,27.6,28.375,False,False,False,NONE
2021-09-20,0.0,Fair,0.06733333333333334,31.7,28.75,True,False,True,REACT
2021-09-21,0.3,Fair,8.091333333333333,30.3,29.125,False,False,False,NONE
2021-09-22,1.25,Light,2.6286666666666667,31.8,29.0,False,False,False,NONE
2021-09-23,0.5,Fair,0.067,30.7,28.75,False,False,False,NONE
2021-09-24,0.3,Fair,33.36666666666667,33.2,28.75,False,False,False,NONE
2021-09-25,0.3,Fair,2.423,33.4,28.75,False,False,False,NONE
2021-09-26,1.0,Light,1.4820000000000002,31.8,28.5,False,False,False,NONE
2021-09-27,0.7,Light,30.471249999999998,30.6,28.625,False,False,False,NONE
2021-09-28,0.5,Fair,6.85575,31.3,28.25,False,False,False,NONE
2021-09-29,1.0,Light,6.8965,31.4,28.375,False,False,False,NONE
2021-09-30,1.0,Light,43.574999999999996,27.6,28.875,False,False,False,NONE
2021-10-01,0.6,Light,39.0495,31.0,,False,False,False,NONE
2021-10-02,,,,29.6,,False,False,False,
2021-10-03,,,,33.0,,False,False,False,
2021-10-04,,,,32.7,,False,False,False,
2021-10-05,0.0,Fair,1.30425,28.5,28.0,False,False,True,WINDOW
2021-10-06,0.0,Fair,0.0,32.2,28.125,False,False,True,WINDOW
2021-10-07,0.5,Fair,0.0,31.7,28.25,False,False,False,NONE
2021-10-08,0.0,Fair,0.0,33.2,29.0,False,False,True,WINDOW
2021-10-09,0.5,Fair,0.0,33.2,29.375,False,True,False,PREEMPT
2021-10-10,0.3,Fair,12.341,30.0,28.75,False,False,False,NONE
2021-10-11,0.1,Fair,0.0,33.4,28.25,False,False,True,WINDOW
2021-10-12,0.0,Fair,0.0,33.1,28.375,False,False,True,WINDOW
2021-10-13,0.3,Fair,0.0,33.5,28.375,False,False,False,NONE
2021-10-14,1.0,Light,0.0,32.8,28.5,False,False,False,NONE
2021-10-15,0.3,Fair,0.25125,33.7,28.625,False,False,False,NONE
2021-10-16,0.4,Fair,0.0,33.1,28.375,False,False,False,NONE
2021-10-17,1.0,Light,7.865500000000001,29.8,28.375,False,False,False,NONE
2021-10-18,0.5,Fair,8.7415,30.5,28.875,False,False,False,NONE
2021-10-19,0.3,Fair,0.05075,32.7,28.625,False,False,False,NONE
2021-10-20,1.0,Light,49.616749999999996,30.7,28.625,False,False,False,NONE
2021-10-21,0.3,Fair,1.7625000000000002,31.1,28.5,False,False,False,NONE
2021-10-22,0.5,Fair,0.1015,31.1,28.625,False,False,False,NONE
2021-10-23,0.3,Fair,1.1595,32.4,28.5,False,False,False,NONE
2021-10-24,0.75,Light,0.0,33.0,28.25,False,False,False,NONE
2021-10-25,,,,30.1,,False,False,False,
2021-10-26,1.0,Light,0.0,32.3,28.625,False,False,False,NONE
2021-10-27,1.0,Light,0.7035,33.6,28.625,False,False,False,NONE
2021-10-28,1.0,Light,39.40025,29.3,28.75,False,False,False,NONE
2021-10-29,0.6,Light,0.0,32.8,28.75,False,False,False,NONE
2021-10-30,0.4,Fair,6.36775,32.8,28.625,False,False,False,NONE
2021-10-31,0.5,Fair,30.52175,31.5,28.75,False,False,False,NONE
2021-11-01,0.75,Light,9.21875,30.5,28.375,False,False,False,NONE
2021-11-02,0.5,Fair,50.354749999999996,30.3,28.5,False,False,False,NONE
2021-11-03,0.75,Light,2.45875,30.1,28.375,True,False,False,REACT
2021-11-04,0.6,Light,39.37775,32.5,28.25,False,False,False,NONE
2021-11-05,1.0,Light,27.140500000000003,31.2,28.0,False,False,False,NONE
2021-11-06,0.3,Fair,0.0,33.1,28.25,False,False,False,NONE
2021-11-07,0.5,Fair,6.7170000000000005,29.0,28.25,False,False,False,NONE
2021-11-08,1.0,Light,0.2015,29.0,27.875,False,False,False,NONE
2021-11-09,0.8,Light,24.26275,32.5,28.375,False,False,False,NONE
2021-11-10,1.25,Light,14.309000000000001,28.5,28.25,False,False,False,NONE
2021-11-11,0.45,Fair,0.6045,30.7,28.875,False,False,False,NONE
2021-11-12,0.5,Fair,2.065,30.8,29.0,False,False,False,NONE
2021-11-13,0.5,Fair,1.86725,29.2,29.0,False,False,False,NONE
2021-11-14,0.1,Fair,0.6559999999999999,32.9,29.25,False,True,True,PREEMPT
2021-11-15,0.1,Fair,0.0,30.9,29.125,False,False,True,WINDOW
2021-11-16,0.15,Fair,5.2865,33.0,28.75,False,False,False,NONE
2021-11-17,0.3,Fair,0.0,31.5,28.875,False,False,False,NONE
2021-11-18,1.0,Light,10.80275,29.5,28.875,False,False,False,NONE
2021-11-19,0.3,Fair,0.0,30.9,28.75,False,False,False,NONE
2021-11-20,0.5,Fair,3.17225,29.1,28.625,False,False,False,NONE
2021-11-21,0.5,Fair,1.1575,34.0,28.5,False,False,False,NONE
2021-11-22,0.5,Fair,0.0,32.1,28.75,False,False,False,NONE
2021-11-23,0.3,Fair,11.83625,29.6,28.375,False,False,False,NONE
2021-11-24,0.5,Fair,3.52825,26.2,28.0,False,False,False,NONE
2021-11-25,0.3,Fair,0.0,32.4,28.625,False,False,False,NONE
2021-11-26,0.5,Fair,0.0,31.0,28.5,False,False,False,NONE
2021-11-27,0.3,Fair,1.8207499999999999,32.6,29.0,False,False,False,NONE
2021-11-28,0.15,Fair,0.0,30.5,29.0,False,False,False,NONE
2021-11-29,0.0,Fair,0.0,32.2,28.875,False,False,True,WINDOW
2021-11-30,0.2,Fair,0.0,32.9,28.75,False,False,False,NONE
2021-12-01,0.3,Fair,0.0,34.3,28.625,False,False,False,NONE
2021-12-02,0.5,Fair,11.091249999999999,28.7,28.5,False,False,False,NONE
2021-12-03,0.5,Fair,0.0,30.5,28.625,False,False,False,NONE
2021-12-04,0.25,Fair,0.0,30.1,28.5,False,False,False,NONE
2021-12-05,0.25,Fair,0.0,30.1,28.625,False,False,False,NONE
2021-12-06,0.25,Fair,0.0,30.6,28.375,False,False,False,NONE
2021-12-07,0.25,Fair,0.0,31.9,28.25,False,False,False,NONE
2021-12-08,0.25,Fair,0.0,30.7,27.875,False,False,False,NONE
2021-12-09,0.25,Fair,0.0,31.8,27.5,False,False,False,NONE
2021-12-10,0.5,Fair,24.3565,31.2,27.375,False,False,False,NONE
2021-12-11,0.75,Light,14.408,29.5,27.25,False,False,False,NONE
2021-12-12,1.0,Light,0.0,28.5,27.875,False,False,False,NONE
2021-12-13,0.25,Fair,0.05025,29.9,28.125,False,False,False,NONE
2021-12-14,0.25,Fair,0.0,32.1,28.125,False,False,False,NONE
2021-12-15,0.5,Fair,0.35525,30.6,28.125,False,False,False,NONE
2021-12-16,0.3,Fair,0.0,31.4,28.125,False,False,False,NONE
2021-12-17,0.25,Fair,36.061499999999995,30.4,28.125,False,False,False,NONE
2021-12-18,0.25,Fair,17.592250000000003,31.3,28.625,False,False,False,NONE
2021-12-19,1.75,Thundery,14.55825,30.2,29.125,False,False,False,NONE
2021-12-20,0.2,Fair,0.0,31.2,28.75,False,False,False,NONE
2021-12-21,0.2,Fair,0.0,33.5,28.625,False,False,False,NONE
2021-12-22,0.6,Light,0.2515,32.2,,False,False,False,NONE
2021-12-23,0.4,Fair,2.26275,30.3,,False,False,False,NONE
2021-12-24,1.0,Light,15.8265,31.8,,False,False,False,NONE
2021-12-25,0.3,Fair,12.168000000000001,30.6,,False,False,False,NONE
2021-12-26,0.2,Fair,0.0,30.5,,False,False,False,NONE
2021-12-27,0.3,Fair,0.0,33.2,,False,False,False,NONE
2021-12-28,0.0,Fair,0.0,32.7,,False,False,True,WINDOW
2021-12-29,0.1,Fair,0.65675,29.8,,False,False,True,WINDOW
2021-12-30,1.0,Light,14.045,30.6,,False,False,False,NONE
2021-12-31,1.75,Thundery,45.891,26.4,,False,False,False,NONE
2022-01-01,0.0,Fair,21.332,30.4,,False,False,True,WINDOW
2022-01-02,1.5,Thundery,50.64325,24.7,,False,False,False,NONE
2022-01-03,0.3,Fair,0.8067500000000001,29.4,28.375,True,False,False,REACT
2022-01-04,0.75,Light,25.577250000000003,29.7,28.875,False,False,False,NONE
2022-01-05,0.25,Fair,3.50575,32.1,28.875,False,False,False,NONE
2022-01-06,0.25,Fair,0.0,32.1,29.0,False,False,False,NONE
2022-01-07,0.3,Fair,36.4385,32.2,28.875,False,False,False,NONE
2022-01-08,0.3,Fair,1.30625,29.9,28.5,False,False,False,NONE
2022-01-09,0.25,Fair,0.0,31.2,28.75,False,False,False,NONE
2022-01-10,0.0,Fair,0.0,31.2,28.75,False,False,True,WINDOW
2022-01-11,0.0,Fair,0.0,30.9,28.625,False,False,True,WINDOW
2022-01-12,0.0,Fair,0.0,32.1,28.5,False,False,True,WINDOW
2022-01-13,0.0,Fair,0.0,31.9,28.5,False,False,True,WINDOW
2022-01-14,0.0,Fair,0.0,30.9,28.5,False,False,True,WINDOW
2022-01-15,0.0,Fair,0.0,31.2,28.5,False,False,True,WINDOW
2022-01-16,0.25,Fair,0.0,30.6,28.5,False,False,False,NONE
2022-01-17,0.35,Fair,1.6624999999999999,30.2,28.5,False,False,False,NONE
2022-01-18,0.25,Fair,0.0,31.7,28.625,False,False,False,NONE
2022-01-19,0.6,Light,3.33025,31.0,28.75,False,False,False,NONE
2022-01-20,,,,31.4,,False,False,False,
2022-01-21,,,,32.2,,False,False,False,
2022-01-22,,,,33.4,,False,False,False,
2022-01-23,,,,32.8,,False,False,False,
2022-01-24,,,,32.0,,False,False,False,
2022-01-25,,,,32.1,,False,False,False,
2022-01-26,,,,31.3,,False,False,False,
2022-01-27,,,,32.0,,False,False,False,
2022-01-28,0.0,Fair,0.0,32.9,,False,False,True,WINDOW
2022-01-29,0.0,Fair,0.0,32.6,29.0,False,False,True,WINDOW
2022-01-30,0.1,Fair,14.9435,32.0,29.0,False,False,True,WINDOW
2022-01-31,0.1,Fair,0.0,32.2,28.75,False,False,True,WINDOW
2022-02-01,0.1,Fair,0.0,31.2,28.25,False,False,True,WINDOW
2022-02-02,0.1,Fair,0.0,31.8,28.5,False,False,True,WINDOW
2022-02-03,0.3,Fair,0.0,31.5,28.25,False,False,False,NONE
2022-02-04,0.55,Light,0.0,31.1,28.375,False,False,False,NONE
2022-02-05,0.3,Fair,2.2664999999999997,30.2,28.25,False,False,False,NONE
2022-02-06,0.6,Light,25.95475,28.7,28.125,False,False,False,NONE
2022-02-07,0.5,Fair,2.015,28.8,28.0,False,False,False,NONE
2022-02-08,1.25,Light,1.15975,29.5,28.125,False,False,False,NONE
2022-02-09,1.0,Light,49.16925,30.0,28.5,False,False,False,NONE
2022-02-10,1.75,Thundery,16.616249999999997,25.7,28.5,False,False,False,NONE
2022-02-11,0.26666666666666666,Fair,1.56425,29.3,28.5,False,False,False,NONE
2022-02-12,0.3,Fair,1.2594999999999998,32.6,28.75,False,False,False,NONE
2022-02-13,0.3,Fair,31.496,31.9,28.75,False,False,False,NONE
2022-02-14,0.2,Fair,0.10075,32.2,28.75,False,False,False,NONE
2022-02-15,0.2,Fair,3.32375,32.3,28.5,False,False,False,NONE
2022-02-16,0.5,Fair,6.209,27.2,28.625,False,False,False,NONE
2022-02-17,0.2,Fair,0.15175,32.3,28.625,False,False,False,NONE
2022-02-18,0.3,Fair,0.15225,31.7,29.0,False,False,False,NONE
2022-02-19,0.5,Fair,0.1515,31.1,29.0,False,False,False,NONE
2022-02-20,0.5,Fair,7.363500000000001,33.5,28.625,False,False,False,NONE
2022-02-21,0.15,Fair,0.55525,33.1,28.625,False,False,False,NONE
2022-02-22,0.0,Fair,0.0,32.8,28.5,False,False,True,WINDOW
2022-02-23,0.5,Fair,0.0,31.2,28.875,False,False,False,NONE
2022-02-24,0.5,Fair,18.6895,26.5,28.75,False,False,False,NONE
2022-02-25,0.2,Fair,12.4495,32.1,29.0,False,False,False,NONE
2022-02-26,0.3,Fair,0.0,29.5,29.0,False,False,False,NONE
2022-02-27,0.6,Light,30.5235,28.4,29.0,False,False,False,NONE
2022-02-28,0.2,Fair,0.15225,31.2,29.0,False,False,False,NONE
2022-03-01,0.3,Fair,14.020999999999999,30.7,29.0,False,False,False,NONE
2022-03-02,0.5,Fair,62.54125,32.3,29.0,False,False,False,NONE
2022-03-03,0.5,Fair,16.269000000000002,31.6,29.0,True,False,False,REACT
2022-03-04,0.55,Light,0.05025,31.1,29.0,False,False,False,NONE
2022-03-05,0.5,Fair,40.30075,32.9,29.0,False,False,False,NONE
2022-03-06,0.5,Fair,0.05025,31.3,29.0,False,False,False,NONE
2022-03-07,0.5,Fair,46.01525,32.2,29.0,False,False,False,NONE
2022-03-08,0.6,Light,2.27075,30.9,29.0,False,False,False,NONE
2022-03-09,0.3,Fair,1.0630000000000002,31.6,28.875,False,False,False,NONE
2022-03-10,0.6,Light,0.0,31.7,29.0,False,False,False,NONE
2022-03-11,0.1,Fair,10.9165,32.8,28.875,False,False,True,WINDOW
2022-03-12,0.15,Fair,1.67375,32.9,28.625,False,False,False,NONE
2022-03-13,0.0,Fair,21.22625,34.5,28.5,False,False,True,WINDOW
2022-03-14,0.3,Fair,0.8065,33.0,28.5,False,False,False,NONE
2022-03-15,0.3,Fair,14.17175,29.3,28.5,False,False,False,NONE
2022-03-16,0.6,Light,0.0505,32.3,28.25,False,False,False,NONE
2022-03-17,0.6666666666666666,Light,1.05375,31.6,28.125,False,False,False,NONE
2022-03-18,0.4,Fair,0.0,32.3,28.125,False,False,False,NONE
2022-03-19,0.2,Fair,0.0,34.4,28.125,False,False,False,NONE
2022-03-20,1.5,Thundery,0.30075,33.1,28.375,False,False,False,NONE
2022-03-21,0.75,Light,2.772,31.7,28.75,False,False,False,NONE
2022-03-22,0.2,Fair,4.8957500000000005,30.0,29.0,False,False,False,NONE
2022-03-23,0.5,Fair,14.5365,32.3,29.0,False,False,False,NONE
2022-03-24,0.5,Fair,7.7585,33.8,29.0,False,False,False,NONE
2022-03-25,0.5,Fair,0.35325,34.6,29.125,False,True,False,PREEMPT
2022-03-26,0.5,Fair,28.006500000000003,34.5,29.125,False,True,False,PREEMPT
2022-03-27,0.3,Fair,0.0,33.6,29.125,False,True,False,PREEMPT
2022-03-28,1.0,Light,27.429499999999997,33.0,28.875,False,False,False,NONE
2022-03-29,0.5,Fair,14.5275,33.7,29.0,False,False,False,NONE
2022-03-30,1.0,Light,3.12925,34.5,28.625,False,False,False,NONE
2022-03-31,0.5,Fair,10.62725,30.1,29.0,False,False,False,NONE
2022-04-01,0.5,Fair,0.0,34.9,29.0,False,False,False,NONE
2022-04-02,0.3,Fair,1.61425,32.7,29.0,False,False,False,NONE
2022-04-03,0.5,Fair,34.957249999999995,29.6,29.0,False,False,False,NONE
2022-04-04,0.5,Fair,0.0,33.1,28.875,False,False,False,NONE
2022-04-05,0.5,Fair,0.0,30.4,28.5,False,False,False,NONE
2022-04-06,0.5,Fair,11.618500000000001,33.6,28.5,False,False,False,NONE
2022-04-07,0.5,Fair,1.20975,27.6,28.5,False,False,False,NONE
2022-04-08,0.4,Fair,0.0,33.3,28.5,False,False,False,NONE
2022-04-09,0.5,Fair,5.75,31.5,28.375,False,False,False,NONE
2022-04-10,0.5,Fair,1.2057499999999999,32.0,28.25,False,False,False,NONE
2022-04-11,0.6,Light,5.785,29.8,28.375,False,False,False,NONE
2022-04-12,0.6,Light,0.15200000000000002,33.2,28.5,False,False,False,NONE
2022-04-13,0.5,Fair,0.0,32.3,28.625,False,False,False,NONE
2022-04-14,0.3,Fair,9.471,32.8,28.5,False,False,False,NONE
2022-04-15,0.5,Fair,11.177,29.9,28.875,False,False,False,NONE
2022-04-16,0.5,Fair,0.0,32.4,29.0,False,False,False,NONE
2022-04-17,0.5,Fair,3.89575,34.6,29.0,False,False,False,NONE
2022-04-18,1.15,Light,16.514,32.2,28.625,False,False,False,NONE
2022-04-19,0.5,Fair,4.03425,32.4,28.625,False,False,False,NONE
2022-04-20,0.5,Fair,13.26125,33.5,28.625,False,False,False,NONE
2022-04-21,0.5,Fair,8.166,26.6,29.0,False,False,False,NONE
2022-04-22,0.5,Fair,0.0,32.5,28.5,False,False,False,NONE
2022-04-23,0.3,Fair,7.615,33.6,28.375,False,False,False,NONE
2022-04-24,0.5,Fair,0.0,33.1,28.25,False,False,False,NONE
2022-04-25,0.5,Fair,5.34025,31.7,28.25,False,False,False,NONE
2022-04-26,0.5,Fair,0.0,31.9,28.625,False,False,False,NONE
2022-04-27,0.5,Fair,3.774,31.4,28.5,False,False,False,NONE
2022-04-28,0.5,Fair,0.6595,33.8,28.5,False,False,False,NONE
2022-04-29,0.3,Fair,0.0,33.4,28.25,False,False,False,NONE
2022-04-30,1.0,Light,23.19625,33.5,27.625,False,False,False,NONE
2022-05-01,0.8,Light,10.64025,32.0,27.75,False,False,False,NONE
2022-05-02,1.0,Light,6.0432500000000005,31.6,27.75,False,False,False,NONE
2022-05-03,1.75,Thundery,13.91275,32.4,28.0,False,False,False,NONE
2022-05-04,1.0,Light,54.497499999999995,31.0,28.0,False,False,False,NONE
2022-05-05,0.5,Fair,0.6002500000000001,32.2,28.125,True,False,False,REACT
2022-05-06,0.4,Fair,0.0,33.0,28.0,False,False,False,NONE
2022-05-07,0.5,Fair,12.8085,29.6,28.75,False,False,False,NONE
2022-05-08,1.0,Light,0.70475,30.0,28.375,False,False,False,NONE
2022-05-09,0.6,Light,29.2185,33.5,28.25,False,False,False,NONE
2022-05-10,0.2,Fair,0.0,34.2,28.375,False,False,False,NONE
2022-05-11,1.0,Light,13.047,30.3,28.25,False,False,False,NONE
2022-05-12,0.25,Fair,0.0,32.9,29.0,False,False,False,NONE
2022-05-13,0.0,Fair,3.0605,35.4,29.75,False,True,True,PREEMPT
2022-05-14,0.0,Fair,32.09525,33.7,29.5,False,True,True,PREEMPT
2022-05-15,0.3,Fair,7.66925,32.6,29.5,False,True,False,PREEMPT
2022-05-16,0.7,Light,28.628,30.7,29.75,False,False,False,NONE
2022-05-17,0.0,Fair,0.05075,33.3,29.75,False,True,True,PREEMPT
2022-05-18,0.0,Fair,0.0,34.2,29.625,False,True,True,PREEMPT
2022-05-19,0.5,Fair,10.610249999999999,31.5,29.75,False,False,False,NONE
2022-05-20,0.3,Fair,2.1607499999999997,33.3,30.0,False,True,False,PREEMPT
2022-05-21,0.0,Fair,0.0,32.3,30.0,False,False,True,WINDOW
2022-05-22,0.5,Fair,0.0,32.4,30.25,False,False,False,NONE
2022-05-23,0.2,Fair,0.05025,33.5,30.25,False,True,False,PREEMPT
2022-05-24,0.2,Fair,26.697,34.1,30.25,False,True,False,PREEMPT
2022-05-25,0.5,Fair,33.321749999999994,30.8,30.5,False,False,False,NONE
2022-05-26,0.0,Fair,0.0,32.4,30.5,False,False,True,WINDOW
2022-05-27,0.0,Fair,0.0,33.6,30.5,False,True,True,PREEMPT
2022-05-28,0.2,Fair,0.0,32.3,30.5,False,False,False,NONE
2022-05-29,0.0,Fair,0.0,34.0,30.25,False,True,True,PREEMPT
2022-05-30,0.0,Fair,0.0,34.0,30.125,False,True,True,PREEMPT
2022-05-31,0.2,Fair,4.9845,33.6,29.25,False,True,False,PREEMPT
2022-06-01,0.5,Fair,0.0,31.2,29.5,False,False,False,NONE
2022-06-02,0.5,Fair,9.085749999999999,31.1,29.875,False,False,False,NONE
2022-06-03,0.5,Fair,1.1079999999999999,30.8,30.0,False,False,False,NONE
2022-06-04,0.5,Fair,7.767999999999999,32.5,29.875,False,False,False,NONE
2022-06-05,0.3,Fair,13.7495,31.7,30.0,False,False,False,NONE
2022-06-06,1.0,Light,0.0,31.7,28.625,False,False,False,NONE
2022-06-07,0.5,Fair,0.7050000000000001,29.0,28.625,False,False,False,NONE
2022-06-08,1.0,Light,18.294249999999998,33.7,28.625,False,False,False,NONE
2022-06-09,0.5,Fair,0.553,31.5,28.875,False,False,False,NONE
2022-06-10,0.5,Fair,43.00075,34.2,28.875,False,False,False,NONE
2022-06-11,0.6,Light,50.436749999999996,30.9,28.875,False,False,False,NONE
2022-06-12,0.5,Fair,0.202,29.4,28.25,True,False,False,REACT
2022-06-13,1.0,Light,2.62775,32.2,28.5,False,False,False,NONE
2022-06-14,0.5,Fair,23.424750000000003,31.9,28.75,False,False,False,NONE
2022-06-15,1.0,Light,20.37625,31.2,,False,False,False,NONE
2022-06-16,0.5,Fair,12.33175,28.2,28.125,False,False,False,NONE
2022-06-17,0.75,Light,0.05,31.1,28.0,False,False,False,NONE
2022-06-18,0.5,Fair,0.0,31.5,28.25,False,False,False,NONE
2022-06-19,1.0,Light,0.1515,31.5,28.375,False,False,False,NONE
2022-06-20,0.5,Fair,7.767,28.8,28.75,False,False,False,NONE
2022-06-21,1.0,Light,22.281000000000002,28.5,28.5,False,False,False,NONE
2022-06-22,0.5,Fair,0.0,31.2,28.25,False,False,False,NONE
2022-06-23,1.1,Light,3.17425,28.8,28.625,False,False,False,NONE
2022-06-24,1.0,Light,9.37325,30.3,28.5,False,False,False,NONE
2022-06-25,1.0,Light,2.51775,28.8,28.5,False,False,False,NONE
2022-06-26,0.3,Fair,0.0,32.6,28.75,False,False,False,NONE
2022-06-27,0.3,Fair,0.0,32.5,28.625,False,False,False,NONE
2022-06-28,0.2,Fair,10.98675,31.9,29.5,False,False,False,NONE
2022-06-29,1.6,Thundery,0.05,31.9,30.0,False,False,False,NONE
2022-06-30,0.5,Fair,2.4724999999999997,29.0,30.25,False,False,False,NONE
2022-07-01,0.0,Fair,0.0,32.2,30.375,False,False,True,WINDOW
2022-07-02,0.0,Fair,0.0,32.1,30.0,False,False,True,WINDOW
2022-07-03,0.0,Fair,0.0,32.4,29.75,False,False,True,WINDOW
2022-07-04,0.0,Fair,0.5545,33.1,29.5,False,True,True,PREEMPT
2022-07-05,0.3,Fair,0.6527499999999999,31.5,28.625,False,False,False,NONE
2022-07-06,0.75,Light,1.06475,31.4,29.0,False,False,False,NONE
2022-07-07,0.0,Fair,0.0,33.1,28.75,False,False,True,WINDOW
2022-07-08,1.0,Light,7.8105,32.4,28.5,False,False,False,NONE
2022-07-09,0.5,Fair,0.0,32.8,28.25,False,False,False,NONE
2022-07-10,0.0,Fair,13.4615,29.8,28.0,False,False,True,WINDOW
2022-07-11,1.0,Light,0.0,31.9,28.0,False,False,False,NONE
2022-07-12,0.5,Fair,0.0,30.5,28.25,False,False,False,NONE
2022-07-13,0.0,Fair,0.0,31.6,28.75,False,False,True,WINDOW
2022-07-14,0.5,Fair,0.0,32.1,29.125,False,False,False,NONE
2022-07-15,0.2,Fair,4.57625,31.5,29.625,False,False,False,NONE
2022-07-16,0.0,Fair,0.0,32.4,29.25,False,False,True,WINDOW
2022-07-17,0.0,Fair,0.0,34.2,28.75,False,False,True,WINDOW
2022-07-18,0.0,Fair,0.0,33.2,28.25,False,False,True,WINDOW
2022-07-19,0.3,Fair,0.0,33.4,28.375,False,False,False,NONE
2022-07-20,1.0,Light,18.781,29.5,28.625,False,False,False,NONE
2022-07-21,0.3,Fair,4.218999999999999,31.2,29.0,False,False,False,NONE
2022-07-22,0.3,Fair,8.0015,30.4,28.75,False,False,False,NONE
2022-07-23,0.2,Fair,0.1015,32.9,28.125,False,False,False,NONE
2022-07-24,0.5,Fair,23.62325,31.8,28.125,False,False,False,NONE
2022-07-25,0.6,Light,18.5455,31.0,27.625,False,False,False,NONE
2022-07-26,0.75,Light,28.67,29.8,28.75,False,False,False,NONE
2022-07-27,0.2,Fair,0.0,32.3,28.625,False,False,False,NONE
2022-07-28,0.2,Fair,5.282000000000001,29.9,28.875,False,False,False,NONE
2022-07-29,1.0,Light,26.296000000000003,30.3,29.5,False,False,False,NONE
2022-07-30,0.2,Fair,0.05075,32.0,29.25,False,False,False,NONE
2022-07-31,1.0,Light,0.0,32.6,29.125,False,True,False,PREEMPT
2022-08-01,0.3,Fair,0.0,30.7,28.375,False,False,False,NONE
2022-08-02,0.5,Fair,65.078,31.2,28.875,False,False,False,NONE
2022-08-03,0.5,Fair,15.2495,28.4,29.125,True,False,False,REACT
2022-08-04,1.0,Light,2.41975,28.5,29.375,False,False,False,NONE
2022-08-05,0.0,Fair,0.0,30.6,29.5,False,False,True,WINDOW
2022-08-06,0.0,Fair,0.0,32.8,29.25,False,True,True,PREEMPT
2022-08-07,0.0,Fair,11.815750000000001,31.1,29.125,False,False,True,WINDOW
2022-08-08,0.5,Fair,0.0,32.6,29.0,False,False,False,NONE
2022-08-09,0.0,Fair,0.0,32.9,29.0,False,False,True,WINDOW
2022-08-10,0.6,Light,0.0,32.4,29.125,False,False,False,NONE
2022-08-11,0.0,Fair,0.0,33.0,29.25,False,True,True,PREEMPT
2022-08-12,0.5,Fair,5.4005,33.3,29.125,False,True,False,PREEMPT
2022-08-13,0.5,Fair,4.6930000000000005,29.8,29.0,False,False,False,NONE
2022-08-14,0.6,Light,32.024,32.2,29.0,False,False,False,NONE
2022-08-15,0.3,Fair,1.30175,31.0,29.25,False,False,False,NONE
2022-08-16,0.5,Fair,15.664000000000001,30.5,28.875,False,False,False,NONE
2022-08-17,0.6,Light,0.20024999999999998,32.8,28.625,False,False,False,NONE
2022-08-18,0.3,Fair,7.52225,31.2,28.5,False,False,False,NONE
2022-08-19,0.6,Light,1.531,31.5,28.5,False,False,False,NONE
2022-08-20,0.5,Fair,51.029,31.2,28.625,False,False,False,NONE
2022-08-21,0.6,Light,15.684666666666667,29.7,28.375,True,False,False,REACT
2022-08-22,0.2,Fair,1.6173333333333335,31.8,28.125,False,False,False,NONE
2022-08-23,0.5,Fair,32.42966666666667,27.6,28.125,False,False,False,NONE
2022-08-24,0.5,Fair,3.5759999999999996,31.5,28.125,False,False,False,NONE
2022-08-25,0.5,Fair,5.0352500000000004,30.1,28.5,False,False,False,NONE
2022-08-26,0.6,Light,9.42125,26.3,28.375,False,False,False,NONE
2022-08-27,0.5,Fair,44.880250000000004,32.3,28.375,False,False,False,NONE
2022-08-28,0.5,Fair,2.11375,30.3,28.625,False,False,False,NONE
2022-08-29,0.5,Fair,2.82175,29.1,28.375,False,False,False,NONE
2022-08-30,0.5,Fair,2.1152499999999996,30.1,28.75,False,False,False,NONE
2022-08-31,0.3,Fair,0.0,32.3,28.125,False,False,False,NONE
2022-09-01,0.5,Fair,12.234333333333334,32.0,28.0,False,False,False,NONE
2022-09-02,1.0,Light,1.0773333333333335,28.1,28.25,False,False,False,NONE
2022-09-03,0.8,Light,0.0,31.6,28.625,False,False,False,NONE
2022-09-04,0.0,Fair,16.676,29.3,28.5,False,False,True,WINDOW
2022-09-05,1.0,Light,44.75533333333333,31.6,28.25,False,False,False,NONE
2022-09-06,0.6,Light,0.4015,32.2,28.375,False,False,False,NONE
2022-09-07,0.5,Fair,0.05,28.6,28.625,False,False,False,NONE
2022-09-08,0.2,Fair,4.9775,32.5,28.5,False,False,False,NONE
2022-09-09,0.5,Fair,13.259,27.3,28.875,False,False,False,NONE
2022-09-10,0.5,Fair,0.10075,31.6,28.5,False,False,False,NONE
2022-09-11,0.5,Fair,12.850000000000001,29.3,28.5,False,False,False,NONE
2022-09-12,1.0,Light,2.7167499999999998,31.7,28.25,False,False,False,NONE
2022-09-13,0.5,Fair,4.531000000000001,30.6,28.375,False,False,False,NONE
2022-09-14,0.5,Fair,0.0,29.2,28.5,False,False,False,NONE
2022-09-15,0.6,Light,0.0,31.6,28.5,False,False,False,NONE
2022-09-16,0.2,Fair,0.0,32.8,28.5,False,False,False,NONE
2022-09-17,1.0,Light,0.6025,30.3,28.0,False,False,False,NONE
2022-09-18,1.0,Light,40.6615,28.1,28.0,False,False,False,NONE
2022-09-19,0.6,Light,0.05075,30.2,28.0,False,False,False,NONE
2022-09-20,0.5,Fair,0.101,29.3,28.375,False,False,False,NONE
2022-09-21,0.3,Fair,0.0,32.2,28.75,False,False,False,NONE
2022-09-22,0.5,Fair,40.044250000000005,28.7,28.125,False,False,False,NONE
2022-09-23,0.0,Fair,0.0,32.5,28.0,False,False,True,WINDOW
2022-09-24,1.0,Light,0.505,31.6,28.25,False,False,False,NONE
2022-09-25,0.5,Fair,64.96900000000001,31.0,28.5,False,False,False,NONE
2022-09-26,0.5,Fair,0.0505,30.4,28.375,True,False,False,REACT
2022-09-27,0.6,Light,0.0,32.2,28.875,False,False,False,NONE
2022-09-28,0.5,Fair,0.0,31.7,29.25,False,False,False,NONE
2022-09-29,0.3,Fair,2.2175,31.6,28.625,False,False,False,NONE
2022-09-30,0.5,Fair,0.101,32.8,28.875,False,False,False,NONE
2022-10-01,0.5,Fair,24.071499999999997,30.1,28.375,False,False,False,NONE
2022-10-02,1.25,Light,20.308999999999997,31.7,28.0,False,False,False,NONE
2022-10-03,0.3,Fair,46.807,31.8,27.875,False,False,False,NONE
2022-10-04,0.5,Fair,3.7249999999999996,30.8,27.75,False,False,False,NONE
2022-10-05,1.0,Light,48.25600000000001,28.5,27.5,False,False,False,NONE
2022-10-06,0.4,Fair,20.33275,29.5,27.5,False,False,False,NONE
2022-10-07,1.0,Light,17.016000000000002,28.2,28.25,False,False,False,NONE
2022-10-08,0.0,Fair,0.05075,31.6,28.125,False,False,True,WINDOW
2022-10-09,0.1,Fair,0.05075,30.8,27.75,False,False,True,WINDOW
2022-10-10,1.0,Light,25.0225,28.8,27.5,False,False,False,NONE
2022-10-11,0.5,Fair,16.739250000000002,33.3,27.5,False,False,False,NONE
2022-10-12,1.25,Light,8.41725,29.3,27.5,False,False,False,NONE
2022-10-13,1.0,Light,0.0,32.4,27.5,False,False,False,NONE
2022-10-14,0.5,Fair,0.15175,30.3,28.25,False,False,False,NONE
2022-10-15,0.6,Light,0.0,32.1,28.375,False,False,False,NONE
2022-10-16,1.5,Thundery,24.2835,30.9,27.875,False,False,False,NONE
2022-10-17,1.0,Light,4.88975,31.4,27.875,False,False,False,NONE
2022-10-18,0.6,Light,0.0,31.4,28.5,False,False,False,NONE
2022-10-19,0.5,Fair,1.4645,32.1,28.0,False,False,False,NONE
2022-10-20,1.0,Light,0.0,33.8,28.25,False,False,False,NONE
2022-10-21,0.5,Fair,15.880250000000002,30.0,28.625,False,False,False,NONE
2022-10-22,0.5,Fair,4.23275,31.0,29.0,False,False,False,NONE
2022-10-23,0.5,Fair,0.0,29.8,29.0,False,False,False,NONE
2022-10-24,0.5,Fair,0.6545000000000001,30.2,28.375,False,False,False,NONE
2022-10-25,0.5,Fair,33.91525,31.1,28.0,False,False,False,NONE
2022-10-26,0.5,Fair,3.2285,28.8,28.0,False,False,False,NONE
2022-10-27,1.0,Light,3.675,31.2,27.625,False,False,False,NONE
2022-10-28,0.85,Light,0.9077500000000001,31.9,27.625,False,False,False,NONE
2022-10-29,0.25,Fair,0.0,31.9,27.875,False,False,False,NONE
2022-10-30,1.1,Light,42.20125,32.4,27.75,False,False,False,NONE
2022-10-31,0.75,Light,8.21225,31.2,28.125,False,False,False,NONE
2022-11-01,0.5,Fair,0.3045,29.8,27.5,False,False,False,NONE
2022-11-02,0.5,Fair,0.8089999999999999,31.4,27.75,False,False,False,NONE
2022-11-03,0.5,Fair,1.712,30.6,28.125,False,False,False,NONE
2022-11-04,0.5,Fair,24.043,32.2,28.5,False,False,False,NONE
2022-11-05,0.75,Light,34.167,27.0,28.5,False,False,False,NONE
2022-11-06,0.5,Fair,0.0,30.5,28.25,False,False,False,NONE
2022-11-07,1.0,Light,73.19024999999999,33.1,28.0,False,False,False,NONE
2022-11-08,0.3,Fair,21.42775,30.9,28.125,True,False,False,REACT
2022-11-09,0.5,Fair,0.7575000000000001,28.7,28.25,False,False,False,NONE
2022-11-10,0.75,Light,12.587,30.1,28.5,False,False,False,NONE
2022-11-11,0.5,Fair,1.26275,30.1,27.625,False,False,False,NONE
2022-11-12,0.5,Fair,12.96175,30.3,28.125,False,False,False,NONE
2022-11-13,,,,30.0,,False,False,False,
2022-11-14,0.0,Fair,47.702999999999996,31.1,28.5,False,False,True,WINDOW
2022-11-15,0.8,Light,2.3187499999999996,31.2,28.0,False,False,False,NONE
2022-11-16,0.6,Light,22.5885,33.2,27.875,False,False,False,NONE
2022-11-17,0.9,Light,0.15150000000000002,31.2,27.875,False,False,False,NONE
2022-11-18,0.5,Fair,0.0,31.2,27.5,False,False,False,NONE
2022-11-19,0.6,Light,6.4485,27.3,27.75,False,False,False,NONE
2022-11-20,0.25,Fair,0.505,30.0,27.625,False,False,False,NONE
2022-11-21,0.0,Fair,4.473999999999999,31.6,27.625,False,False,True,WINDOW
2022-11-22,0.25,Fair,2.731,31.9,27.875,False,False,False,NONE
2022-11-23,0.5,Fair,3.8832500000000003,30.1,28.375,False,False,False,NONE
2022-11-24,0.0,Fair,25.49525,33.3,28.25,False,False,True,WINDOW
2022-11-25,0.5,Fair,9.92575,30.4,27.875,False,False,False,NONE
2022-11-26,0.2,Fair,0.0,32.1,28.375,False,False,False,NONE
2022-11-27,0.7,Light,2.2720000000000002,28.2,28.75,False,False,False,NONE
2022-11-28,0.5,Fair,43.09775,31.2,28.875,False,False,False,NONE
2022-11-29,0.5,Fair,18.86125,31.4,29.0,False,False,False,NONE
2022-11-30,0.5,Fair,37.3485,33.1,28.5,False,False,False,NONE
2022-12-01,0.5,Fair,19.32275,30.9,28.25,False,False,False,NONE
2022-12-02,0.5,Fair,15.571,28.6,28.0,False,False,False,NONE
2022-12-03,0.8,Light,2.4225,30.8,28.25,False,False,False,NONE
2022-12-04,1.0,Light,4.4857499999999995,30.9,28.75,False,False,False,NONE
2022-12-05,0.5,Fair,19.537,29.5,28.875,False,False,False,NONE
2022-12-06,0.5,Fair,0.30225,31.2,28.125,False,False,False,NONE
2022-12-07,0.5,Fair,0.35475,31.9,27.625,False,False,False,NONE
2022-12-08,0.5,Fair,5.716500000000001,30.1,27.75,False,False,False,NONE
2022-12-09,1.0,Light,1.662,28.3,28.125,False,False,False,NONE
2022-12-10,0.5,Fair,0.05,30.1,28.125,False,False,False,NONE
2022-12-11,1.0,Light,31.455916666666667,26.1,28.375,False,False,False,NONE
2022-12-12,0.5,Fair,0.0,29.9,28.25,False,False,False,NONE
2022-12-13,0.8,Light,13.541500000000001,30.6,28.375,False,False,False,NONE
2022-12-14,1.25,Light,2.8152500000000003,26.2,28.125,False,False,False,NONE
2022-12-15,1.0,Light,1.81325,27.9,28.25,False,False,False,NONE
2022-12-16,0.3,Fair,2.016,33.1,28.0,False,False,False,NONE
2022-12-17,1.0,Light,13.01575,31.4,28.125,False,False,False,NONE
2022-12-18,0.5,Fair,4.41875,31.0,28.25,False,False,False,NONE
2022-12-19,0.5,Fair,0.403,27.5,28.25,False,False,False,NONE
2022-12-20,0.5,Fair,65.36025000000001,30.9,28.0,False,False,False,NONE
2022-12-21,1.0,Light,0.0,32.0,28.0,True,False,False,REACT
2022-12-22,1.0,Light,0.15125,28.6,28.375,False,False,False,NONE
2022-12-23,0.5,Fair,8.2625,29.4,28.5,False,False,False,NONE
2022-12-24,0.0,Fair,0.05075,29.8,28.5,False,False,True,WINDOW
2022-12-25,0.0,Fair,0.0,30.8,28.125,False,False,True,WINDOW
2022-12-26,0.15,Fair,0.0,29.7,27.875,False,False,False,NONE
2022-12-27,0.1,Fair,2.628,30.6,28.125,False,False,True,WINDOW
2022-12-28,0.2,Fair,0.403,28.8,28.25,False,False,False,NONE
2022-12-29,0.5,Fair,0.708,30.3,28.25,False,False,False,NONE
2022-12-30,0.25,Fair,0.0,30.9,28.0,False,False,False,NONE
2022-12-31,0.25,Fair,2.1675,30.4,28.25,False,False,False,NONE
2023-01-01,1.25,Light,,26.2,28.0,False,False,False,NONE
2023-01-02,,,,,,False,False,False,
2023-01-03,,,,,,False,False,False,
2023-01-04,,,,,,False,False,False,
2023-01-05,,,,,,False,False,False,
2023-01-06,,,,,,False,False,False,
2023-01-07,,,,,,False,False,False,
2023-01-08,,,,,,False,False,False,
2023-01-09,,,,,,False,False,False,
2023-01-10,1.3333333333333333,Light,0.0,31.6,28.375,False,False,False,NONE
2023-01-11,0.5,Fair,25.655249999999995,30.5,28.375,False,False,False,NONE
2023-01-12,0.3,Fair,0.0,32.7,28.5,False,False,False,NONE
2023-01-13,0.6,Light,11.227,31.9,27.125,False,False,False,NONE
2023-01-14,0.5,Fair,11.63425,32.4,27.875,False,False,False,NONE
2023-01-15,1.0,Light,0.201,31.5,27.75,False,False,False,NONE
2023-01-16,0.5,Fair,3.879,31.5,27.75,False,False,False,NONE
2023-01-17,0.25,Fair,0.0,31.5,27.75,False,False,False,NONE
2023-01-18,0.25,Fair,0.0,30.7,27.875,False,False,False,NONE
2023-01-19,0.5,Fair,0.958,29.0,27.875,False,False,False,NONE
2023-01-20,0.75,Light,6.652749999999999,27.3,27.375,False,False,False,NONE
2023-01-21,0.75,Light,0.0,30.2,26.75,False,False,False,NONE
2023-01-22,1.1,Light,47.87675,28.6,27.125,False,False,False,NONE
2023-01-23,1.0,Light,15.36825,26.0,27.25,False,False,False,NONE
2023-01-24,1.25,Light,31.73425,24.5,27.875,False,False,False,NONE
2023-01-25,3.0,Moderate,26.8985,24.5,27.875,False,False,False,NONE
2023-01-26,0.65,Light,9.32525,27.2,26.5,False,False,False,NONE
2023-01-27,0.1,Fair,0.0,30.2,25.5,False,False,True,WINDOW
2023-01-28,0.5,Fair,6.651,25.3,27.25,False,False,False,NONE
2023-01-29,1.75,Thundery,7.61075,25.8,26.75,False,False,False,NONE
2023-01-30,0.5,Fair,1.816,27.7,28.25,False,False,False,NONE
2023-01-31,0.25,Fair,3.2725,26.5,28.5,False,False,False,NONE
2023-02-01,0.1,Fair,0.0,29.7,28.375,False,False,True,WINDOW
2023-02-02,0.5,Fair,4.725999999999999,31.0,28.375,False,False,False,NONE
2023-02-03,1.0,Light,15.199250000000001,31.4,28.25,False,False,False,NONE
2023-02-04,0.5,Fair,8.0125,26.5,28.5,False,False,False,NONE
2023-02-05,0.5,Fair,9.892750000000001,31.2,28.625,False,False,False,NONE
2023-02-06,0.3,Fair,0.0,29.3,28.5,False,False,False,NONE
2023-02-07,0.1,Fair,0.0,31.5,28.5,False,False,True,WINDOW
2023-02-08,0.6,Light,31.2275,31.5,28.375,False,False,False,NONE
2023-02-09,0.3,Fair,1.764,30.5,28.375,False,False,False,NONE
2023-02-10,1.2,Light,16.956500000000002,32.0,28.25,False,False,False,NONE
2023-02-11,1.0,Light,0.30225,31.3,27.75,False,False,False,NONE
2023-02-12,1.05,Light,76.61625000000001,30.7,27.75,False,False,False,NONE
2023-02-13,0.5,Fair,0.25125000000000003,31.6,28.5,True,False,False,REACT
2023-02-14,0.6,Light,55.725,32.4,28.375,False,False,False,NONE
2023-02-15,0.3,Fair,14.872499999999999,28.6,28.5,True,False,False,REACT
2023-02-16,0.0,Fair,0.0,30.6,28.5,False,False,True,WINDOW
2023-02-17,0.4,Fair,0.45149999999999996,30.0,28.625,False,False,False,NONE
2023-02-18,0.5,Fair,0.1,31.6,28.5,False,False,False,NONE
2023-02-19,0.0,Fair,0.0,31.6,,False,False,True,WINDOW
2023-02-20,,,,30.3,,False,False,False,
2023-02-21,0.3,Fair,0.05075,30.4,28.5,False,False,False,NONE
2023-02-22,0.15,Fair,3.534,30.2,28.125,False,False,False,NONE
2023-02-23,0.15,Fair,0.0,30.3,27.75,False,False,False,NONE
2023-02-24,0.0,Fair,0.0,31.1,26.875,False,False,True,WINDOW
2023-02-25,0.0,Fair,0.0,30.7,26.125,False,False,True,WINDOW
2023-02-26,0.25,Fair,1.6632500000000001,31.1,26.125,False,False,False,NONE
2023-02-27,0.75,Light,2.5132499999999998,29.6,26.375,False,False,False,NONE
2023-02-28,1.15,Light,153.25175,25.6,27.125,False,False,False,NONE
2023-03-01,1.5,Thundery,54.76125,25.4,27.125,True,False,False,REACT
2023-03-02,0.15,Fair,19.1055,30.6,26.5,True,False,False,REACT
2023-03-03,2.0,Thundery,28.215,25.3,27.125,False,False,False,NONE
2023-03-04,1.0,Light,31.626,24.7,28.0,False,False,False,NONE
2023-03-05,1.8,Thundery,9.8875,29.3,28.25,False,False,False,NONE
2023-03-06,0.5,Fair,0.20125,31.0,28.25,False,False,False,NONE
2023-03-07,0.3,Fair,0.40399999999999997,28.7,28.5,False,False,False,NONE
2023-03-08,0.25,Fair,1.9112500000000001,30.5,28.5,False,False,False,NONE
2023-03-09,0.3,Fair,0.0,31.4,28.25,False,False,False,NONE
2023-03-10,0.3,Fair,0.0,30.9,28.375,False,False,False,NONE
2023-03-11,0.3,Fair,0.0,31.2,28.5,False,False,False,NONE
2023-03-12,0.0,Fair,10.2025,32.2,28.5,False,False,True,WINDOW
2023-03-13,0.15,Fair,0.0,29.9,28.375,False,False,False,NONE
2023-03-14,0.1,Fair,0.5055000000000001,29.0,28.5,False,False,True,WINDOW
2023-03-15,0.1,Fair,0.0,29.6,28.5,False,False,True,WINDOW
2023-03-16,0.0,Fair,0.0,32.2,28.25,False,False,True,WINDOW
2023-03-17,0.0,Fair,0.0,31.5,28.5,False,False,True,WINDOW
2023-03-18,0.15,Fair,0.0,31.2,28.625,False,False,False,NONE
2023-03-19,0.15,Fair,8.316,32.4,28.5,False,False,False,NONE
2023-03-20,0.3,Fair,35.3605,32.3,28.75,False,False,False,NONE
2023-03-21,0.5,Fair,6.263249999999999,31.0,28.75,False,False,False,NONE
2023-03-22,0.3,Fair,6.61075,32.4,28.75,False,False,False,NONE
2023-03-23,0.3,Fair,0.0,33.3,28.75,False,False,False,NONE
2023-03-24,0.5,Fair,21.186750000000004,32.8,28.875,False,False,False,NONE
2023-03-25,0.5,Fair,19.29575,30.5,29.0,False,False,False,NONE
2023-03-26,0.5,Fair,25.041000000000004,32.8,29.0,False,False,False,NONE
2023-03-27,0.5,Fair,13.3565,26.6,28.875,False,False,False,NONE
2023-03-28,0.3,Fair,0.0,33.2,28.75,False,False,False,NONE
2023-03-29,0.3,Fair,8.81525,33.0,28.625,False,False,False,NONE
2023-03-30,0.5,Fair,81.155,32.2,28.0,False,False,False,NONE
2023-03-31,0.5,Fair,1.976,32.1,28.25,True,False,False,REACT
2023-04-01,0.6666666666666666,Light,2.06375,31.1,28.0,False,False,False,NONE
2023-04-02,0.5,Fair,1.008,32.6,28.0,False,False,False,NONE
2023-04-03,0.45,Fair,8.01025,27.5,28.25,False,False,False,NONE
2023-04-04,0.3,Fair,0.0,33.2,28.125,False,False,False,NONE
2023-04-05,0.5,Fair,0.0,29.1,28.5,False,False,False,NONE
2023-04-06,0.5,Fair,0.0505,31.1,28.75,False,False,False,NONE
2023-04-07,,,,30.5,,False,False,False,
2023-04-08,,,,32.7,,False,False,False,
2023-04-09,,,,31.9,,False,False,False,
2023-04-10,,,,33.2,,False,False,False,
2023-04-11,,,,34.1,,False,False,False,
2023-04-12,0.0,Fair,2.2607500000000003,33.0,29.25,False,True,True,PREEMPT
2023-04-13,0.3,Fair,4.336,33.2,29.125,False,True,False,PREEMPT
2023-04-14,0.3,Fair,0.101,33.9,29.125,False,True,False,PREEMPT
2023-04-15,0.3,Fair,,32.6,29.0,False,False,False,NONE
2023-04-16,1.3333333333333333,Light,0.8574999999999999,32.3,,False,False,False,NONE
2023-04-17,,,,32.8,,False,False,False,
2023-04-18,,,,33.8,,False,False,False,
2023-04-19,,,,31.6,,False,False,False,
2023-04-20,,,,29.2,,False,False,False,
2023-04-21,,,,33.3,,False,False,False,
2023-04-22,,,,32.2,,False,False,False,
2023-04-23,,,,33.5,,False,False,False,
2023-04-24,,,,32.8,,False,False,False,
2023-04-25,0.6,Light,0.0,32.5,29.75,False,False,False,NONE
2023-04-26,0.6,Light,4.8389999999999995,33.0,29.5,False,True,False,PREEMPT
2023-04-27,0.3,Fair,57.837999999999994,32.4,29.5,False,False,False,NONE
2023-04-28,0.5,Fair,20.369000000000003,31.3,30.0,True,False,False,REACT
2023-04-29,0.5,Fair,39.436499999999995,34.2,29.875,False,True,False,PREEMPT
2023-04-30,0.5,Fair,16.6455,31.1,29.375,False,False,False,NONE
2023-05-01,0.5,Fair,0.0,33.4,29.0,False,False,False,NONE
2023-05-02,0.3,Fair,0.0,32.7,28.625,False,False,False,NONE
2023-05-03,0.3,Fair,18.4615,32.7,28.625,False,False,False,NONE
2023-05-04,0.3,Fair,0.60475,34.6,28.625,False,False,False,NONE
2023-05-05,0.3,Fair,0.0,32.2,28.875,False,False,False,NONE
2023-05-06,0.2,Fair,0.15175,32.7,29.25,False,True,False,PREEMPT
2023-05-07,0.5,Fair,5.994999999999999,31.3,29.25,False,False,False,NONE
2023-05-08,0.0,Fair,0.0,33.5,29.0,False,False,True,WINDOW
2023-05-09,0.0,Fair,0.0,33.9,29.125,False,True,True,PREEMPT
2023-05-10,0.0,Fair,0.0,34.2,28.75,False,False,True,WINDOW
2023-05-11,0.3,Fair,0.0,34.1,30.5,False,True,False,PREEMPT
2023-05-12,0.0,Fair,0.0,34.4,,False,False,True,WINDOW
2023-05-13,,,,35.9,,False,False,False,
2023-05-14,,,,32.9,,False,False,False,
2023-05-15,,,,32.7,,False,False,False,
2023-05-16,0.5,Fair,0.0505,30.0,29.0,False,False,False,NONE
2023-05-17,1.0,Light,0.0505,30.7,28.5,False,False,False,NONE
2023-05-18,1.3,Light,0.05,33.4,28.5,False,False,False,NONE
2023-05-19,1.0,Light,0.10125,31.8,28.875,False,False,False,NONE
2023-05-20,0.7,Light,0.0,33.1,28.5,False,False,False,NONE
2023-05-21,1.0,Light,13.429499999999999,28.5,28.5,False,False,False,NONE
2023-05-22,0.2,Fair,0.0,33.3,28.25,False,False,False,NONE
2023-05-23,1.0,Light,4.332,31.6,28.25,False,False,False,NONE
2023-05-24,0.5,Fair,0.0,33.1,28.625,False,False,False,NONE
2023-05-25,0.2,Fair,0.10075,32.5,28.75,False,False,False,NONE
2023-05-26,1.1,Light,4.85175,31.9,29.0,False,False,False,NONE
2023-05-27,0.5,Fair,0.0,32.6,29.0,False,False,False,NONE
2023-05-28,0.5,Fair,0.0,32.6,29.375,False,True,False,PREEMPT
2023-05-29,0.5,Fair,0.5547500000000001,34.1,29.375,False,True,False,PREEMPT
2023-05-30,0.5,Fair,0.0,32.7,29.375,False,True,False,PREEMPT
2023-05-31,0.1,Fair,0.0,33.3,29.375,False,True,True,PREEMPT
2023-06-01,0.6666666666666666,Light,29.1575,29.6,29.375,False,False,False,NONE
2023-06-02,0.2,Fair,0.0,33.0,29.0,False,False,False,NONE
2023-06-03,0.3,Fair,3.13525,31.6,29.375,False,False,False,NONE
2023-06-04,0.5,Fair,18.952749999999998,29.9,29.5,False,False,False,NONE
2023-06-05,0.2,Fair,0.0,33.1,29.625,False,True,False,PREEMPT
2023-06-06,0.25,Fair,2.52925,30.4,29.625,False,False,False,NONE
2023-06-07,0.5,Fair,10.68525,30.7,29.75,False,False,False,NONE
2023-06-08,0.6,Light,0.0,32.7,29.75,False,True,False,PREEMPT
2023-06-09,0.5,Fair,0.0,33.2,29.25,False,True,False,PREEMPT
2023-06-10,0.6,Light,0.0,32.6,29.375,False,True,False,PREEMPT
2023-06-11,0.0,Fair,0.05,32.8,29.125,False,True,True,PREEMPT
2023-06-12,0.5,Fair,30.750999999999998,30.5,29.25,False,False,False,NONE
2023-06-13,1.5,Thundery,0.0,32.8,29.125,False,True,False,PREEMPT
2023-06-14,0.5,Fair,3.071,30.4,29.375,False,False,False,NONE
2023-06-15,0.4,Fair,0.05075,32.8,29.125,False,True,False,PREEMPT
2023-06-16,0.25,Fair,0.0,33.2,29.125,False,True,False,PREEMPT
2023-06-17,0.0,Fair,0.0,33.1,30.0,False,True,True,PREEMPT
2023-06-18,1.0,Light,1.864,30.5,30.0,False,False,False,NONE
2023-06-19,0.2,Fair,0.7060000000000001,34.4,29.625,False,True,False,PREEMPT
2023-06-20,0.5,Fair,0.0,33.3,29.875,False,True,False,PREEMPT
2023-06-21,0.6,Light,0.0,33.3,29.25,False,True,False,PREEMPT
2023-06-22,0.6,Light,0.0,32.8,29.0,False,False,False,NONE
2023-06-23,0.6,Light,0.0,32.5,29.25,False,False,False,NONE
2023-06-24,1.0,Light,2.1635000000000004,31.7,29.25,False,False,False,NONE
2023-06-25,0.5,Fair,0.0,31.6,28.75,False,False,False,NONE
2023-06-26,1.0,Light,9.245000000000001,29.9,29.125,False,False,False,NONE
2023-06-27,1.0,Light,14.956749999999998,30.5,28.5,False,False,False,NONE
2023-06-28,0.5,Fair,1.9057499999999998,31.2,28.75,False,False,False,NONE
2023-06-29,0.5,Fair,11.876,32.1,28.875,False,False,False,NONE
2023-06-30,0.5,Fair,13.3565,30.2,29.125,False,False,False,NONE
2023-07-01,1.25,Light,6.606249999999999,31.9,29.25,False,False,False,NONE
2023-07-02,0.3,Fair,0.0,32.9,29.25,False,True,False,PREEMPT
2023-07-03,0.3,Fair,0.754,31.2,29.25,False,False,False,NONE
2023-07-04,0.5,Fair,0.0,32.8,29.25,False,True,False,PREEMPT
2023-07-05,0.5,Fair,5.7325,33.9,29.25,False,True,False,PREEMPT
2023-07-06,1.3,Light,1.0570000000000002,29.2,29.0,False,False,False,NONE
2023-07-07,0.3,Fair,0.35250000000000004,32.1,29.125,False,False,False,NONE
2023-07-08,1.0,Light,0.0505,31.9,28.75,False,False,False,NONE
2023-07-09,0.6,Light,9.065750000000001,29.1,28.25,False,False,False,NONE
2023-07-10,0.5,Fair,0.30325,30.8,28.5,False,False,False,NONE
2023-07-11,0.5,Fair,10.75975,27.5,28.875,False,False,False,NONE
2023-07-12,0.4,Fair,3.5202499999999994,32.0,29.0,False,False,False,NONE
2023-07-13,0.3,Fair,0.0,32.6,29.375,False,True,False,PREEMPT
2023-07-14,0.9333333333333333,Light,21.919,28.7,29.25,False,False,False,NONE
2023-07-15,0.0,Fair,0.15125,31.7,28.875,False,False,True,WINDOW
2023-07-16,0.0,Fair,0.0,32.8,28.5,False,False,True,WINDOW
2023-07-17,0.3,Fair,11.227,31.0,28.5,False,False,False,NONE
2023-07-18,1.0,Light,2.32575,30.7,28.875,False,False,False,NONE
2023-07-19,0.25,Fair,5.00025,28.8,29.25,False,False,False,NONE
2023-07-20,1.0,Light,65.92150000000001,27.5,29.75,False,False,False,NONE
2023-07-21,0.1,Fair,0.0,32.1,29.625,True,False,True,REACT
2023-07-22,0.2,Fair,0.0,31.8,29.875,False,False,False,NONE
2023-07-23,0.15,Fair,3.3825,31.4,30.0,False,False,False,NONE
2023-07-24,1.0,Light,0.0,33.6,29.25,False,True,False,PREEMPT
2023-07-25,0.0,Fair,0.0,33.7,29.625,False,True,True,PREEMPT
2023-07-26,0.0,Fair,0.0,32.6,29.375,False,True,True,PREEMPT
2023-07-27,0.0,Fair,0.0,32.1,29.625,False,False,True,WINDOW
2023-07-28,0.0,Fair,0.30124999999999996,32.1,29.375,False,False,True,WINDOW
2023-07-29,0.5,Fair,1.0105,32.3,29.5,False,False,False,NONE
2023-07-30,0.2,Fair,0.701,32.8,29.0,False,False,False,NONE
2023-07-31,0.1,Fair,0.45,32.6,28.75,False,False,True,WINDOW
2023-08-01,0.3,Fair,0.85675,32.9,29.0,False,False,False,NONE
2023-08-02,0.6,Light,0.0,32.7,29.375,False,True,False,PREEMPT
2023-08-03,0.15,Fair,13.23225,28.7,30.25,False,False,False,NONE
2023-08-04,0.0,Fair,0.05075,33.0,29.875,False,True,True,PREEMPT
2023-08-05,0.0,Fair,0.0,33.1,29.25,False,True,True,PREEMPT
2023-08-06,0.0,Fair,0.0,34.0,29.0,False,False,True,WINDOW
2023-08-07,0.6,Light,0.0,33.3,29.0,False,False,False,NONE
2023-08-08,1.0,Light,1.25975,31.7,29.25,False,False,False,NONE
2023-08-09,1.0,Light,0.0,33.0,29.375,False,True,False,PREEMPT
2023-08-10,0.2,Fair,0.0,33.3,29.5,False,True,False,PREEMPT
2023-08-11,0.5,Fair,0.10125,31.9,29.25,False,False,False,NONE
2023-08-12,0.3,Fair,0.0,31.4,29.75,False,False,False,NONE
2023-08-13,0.2,Fair,2.3069999999999995,31.5,29.0,False,False,False,NONE
2023-08-14,1.0,Light,19.892,30.2,29.0,False,False,False,NONE
2023-08-15,1.0,Light,9.477250000000002,32.5,29.125,False,False,False,NONE
2023-08-16,0.3,Fair,1.00475,31.3,29.25,False,False,False,NONE
2023-08-17,0.3,Fair,1.05225,30.9,29.0,False,False,False,NONE
2023-08-18,1.0,Light,4.35225,27.0,29.25,False,False,False,NONE
2023-08-19,0.5,Fair,3.625,28.3,29.5,False,False,False,NONE
2023-08-20,1.0,Light,0.0,30.7,29.75,False,False,False,NONE
2023-08-21,1.0,Light,10.84225,28.2,29.5,False,False,False,NONE
2023-08-22,0.0,Fair,0.0,33.5,29.25,False,True,True,PREEMPT
2023-08-23,0.0,Fair,0.0,32.6,29.25,False,True,True,PREEMPT
2023-08-24,0.3,Fair,1.05475,32.2,28.75,False,False,False,NONE
2023-08-25,1.0,Light,5.728,31.4,29.5,False,False,False,NONE
2023-08-26,1.0,Light,0.252,31.9,29.125,False,False,False,NONE
2023-08-27,0.6,Light,0.1,32.0,29.25,False,False,False,NONE
2023-08-28,1.0,Light,2.3785,30.3,29.75,False,False,False,NONE
2023-08-29,1.0,Light,0.55425,30.5,29.75,False,False,False,NONE
2023-08-30,0.15,Fair,0.251,31.5,30.0,False,False,False,NONE
2023-08-31,0.15,Fair,0.0,31.8,29.5,False,False,False,NONE
2023-09-01,0.0,Fair,0.0,32.1,29.375,False,False,True,WINDOW
2023-09-02,0.0,Fair,0.0,33.5,29.125,False,True,True,PREEMPT
2023-09-03,0.0,Fair,0.0,32.2,29.25,False,False,True,WINDOW
2023-09-04,0.0,Fair,1.1035,32.0,29.125,False,False,True,WINDOW
2023-09-05,0.0,Fair,1.7115000000000002,32.3,29.125,False,False,True,WINDOW
2023-09-06,1.0,Light,72.153,30.0,29.0,False,False,False,NONE
2023-09-07,0.2,Fair,0.554,32.7,29.125,True,True,False,REACT
2023-09-08,0.3,Fair,0.35175,32.6,29.5,False,True,False,PREEMPT
2023-09-09,0.5,Fair,13.507249999999999,29.8,29.5,False,False,False,NONE
2023-09-10,1.0,Light,1.31025,31.7,29.625,False,False,False,NONE
2023-09-11,0.0,Fair,0.0,30.6,29.875,False,False,True,WINDOW
2023-09-12,0.0,Fair,0.0,31.9,29.375,False,False,True,WINDOW
2023-09-13,0.3,Fair,0.35075,33.1,29.5,False,True,False,PREEMPT
2023-09-14,0.0,Fair,0.0,33.8,29.25,False,True,True,PREEMPT
2023-09-15,0.0,Fair,0.0,33.6,29.0,False,False,True,WINDOW
2023-09-16,0.2,Fair,0.0,33.1,28.75,False,False,False,NONE
2023-09-17,1.0,Light,5.274749999999999,32.0,28.75,False,False,False,NONE
2023-09-18,0.5,Fair,0.15075,32.5,28.75,False,False,False,NONE
2023-09-19,0.5,Fair,49.00925,33.1,29.0,False,False,False,NONE
2023-09-20,0.5,Fair,6.69975,31.0,29.0,False,False,False,NONE
2023-09-21,1.0,Light,0.25225,32.5,28.875,False,False,False,NONE
2023-09-22,1.0,Light,10.931999999999999,30.2,28.625,False,False,False,NONE
2023-09-23,0.6,Light,0.0,32.6,28.875,False,False,False,NONE
2023-09-24,1.25,Light,2.574,28.2,29.125,False,False,False,NONE
2023-09-25,0.6,Light,0.0,32.1,29.5,False,False,False,NONE
2023-09-26,0.0,Fair,0.0,32.0,29.5,False,False,True,WINDOW
2023-09-27,0.0,Fair,0.0,33.5,29.125,False,True,True,PREEMPT
2023-09-28,0.0,Fair,0.0,33.3,29.0,False,False,True,WINDOW
2023-09-29,0.1,Fair,0.0,33.8,29.0,False,False,True,WINDOW
2023-09-30,0.5,Fair,16.5595,29.2,29.125,False,False,False,NONE
2023-10-01,0.1,Fair,1.6235,34.0,28.75,False,False,True,WINDOW
2023-10-02,0.3,Fair,0.0,32.4,28.875,False,False,False,NONE
2023-10-03,1.0,Light,0.0505,31.4,28.875,False,False,False,NONE
2023-10-04,0.4,Fair,0.0,34.0,28.875,False,False,False,NONE
2023-10-05,0.2,Fair,0.101,34.5,28.75,False,False,False,NONE
2023-10-06,0.1,Fair,0.0,34.0,28.875,False,False,True,WINDOW
2023-10-07,0.0,Fair,0.0,33.9,29.0,False,False,True,WINDOW
2023-10-08,1.0,Light,0.0,34.1,,False,False,False,NONE
2023-10-09,0.4,Fair,,32.6,29.125,False,True,False,PREEMPT
2023-10-10,0.5,Fair,0.05075,32.3,29.25,False,False,False,NONE
2023-10-11,0.3,Fair,31.14075,33.5,29.5,False,True,False,PREEMPT
2023-10-12,0.2,Fair,0.05025,34.6,30.125,False,True,False,PREEMPT
2023-10-13,0.2,Fair,0.0,35.0,29.625,False,True,False,PREEMPT
2023-10-14,0.0,Fair,0.0,33.1,29.125,False,True,True,PREEMPT
2023-10-15,0.0,Fair,0.0,33.5,28.75,False,False,True,WINDOW
2023-10-16,0.0,Fair,0.0,33.4,28.75,False,False,True,WINDOW
2023-10-17,0.3,Fair,0.0,34.3,28.875,False,False,False,NONE
2023-10-18,1.0,Light,14.458,31.2,28.5,False,False,False,NONE
2023-10-19,0.5,Fair,0.05,32.7,29.0,False,False,False,NONE
2023-10-20,1.0,Light,1.71775,31.5,28.75,False,False,False,NONE
2023-10-21,0.5,Fair,0.6074999999999999,32.4,29.0,False,False,False,NONE
2023-10-22,0.5,Fair,1.0094999999999998,32.9,28.875,False,False,False,NONE
2023-10-23,0.5,Fair,9.3425,32.1,29.125,False,False,False,NONE
2023-10-24,0.5,Fair,2.0260000000000002,34.9,29.25,False,True,False,PREEMPT
2023-10-25,0.5,Fair,0.80525,30.5,29.25,False,False,False,NONE
2023-10-26,0.3,Fair,0.0,33.1,29.0,False,False,False,NONE
2023-10-27,0.5,Fair,0.0,33.7,29.0,False,False,False,NONE
2023-10-28,0.5,Fair,0.2515,29.1,29.0,False,False,False,NONE
2023-10-29,0.5,Fair,4.4677500000000006,33.3,29.0,False,False,False,NONE
2023-10-30,0.5,Fair,13.399,34.3,29.125,False,True,False,PREEMPT
2023-10-31,0.5,Fair,14.107000000000001,32.9,29.125,False,True,False,PREEMPT
2023-11-01,0.8,Light,8.27425,32.1,29.125,False,False,False,NONE
2023-11-02,0.5,Fair,0.0,33.7,29.125,False,True,False,PREEMPT
2023-11-03,0.3,Fair,0.0,34.1,29.0,False,False,False,NONE
2023-11-04,0.3,Fair,0.0,31.7,29.0,False,False,False,NONE
2023-11-05,0.5,Fair,5.463,32.8,29.25,False,True,False,PREEMPT
2023-11-06,0.5,Fair,20.825750000000003,33.5,29.0,False,False,False,NONE
2023-11-07,0.5,Fair,60.96175,34.0,29.0,False,False,False,NONE
2023-11-08,0.5,Fair,0.101,31.7,29.25,True,False,False,REACT
2023-11-09,0.5,Fair,5.2165,32.4,29.125,False,False,False,NONE
2023-11-10,0.5,Fair,0.0,32.3,28.875,False,False,False,NONE
2023-11-11,0.3,Fair,0.0,33.6,29.0,False,False,False,NONE
2023-11-12,0.3,Fair,13.3985,33.0,29.0,False,False,False,NONE
2023-11-13,0.3,Fair,6.51175,32.5,29.0,False,False,False,NONE
2023-11-14,0.5,Fair,3.22175,28.7,28.875,False,False,False,NONE
2023-11-15,0.5,Fair,1.9662499999999998,32.5,28.75,False,False,False,NONE
2023-11-16,0.5,Fair,14.949250000000001,33.4,28.75,False,False,False,NONE
2023-11-17,0.5,Fair,1.00825,32.0,28.75,False,False,False,NONE
2023-11-18,0.5,Fair,5.49,31.5,29.0,False,False,False,NONE
2023-11-19,1.0,Light,0.0,29.4,29.0,False,False,False,NONE
2023-11-20,0.5,Fair,16.055500000000002,33.2,28.5,False,False,False,NONE
2023-11-21,0.5,Fair,4.53875,30.2,28.5,False,False,False,NONE
2023-11-22,0.6,Light,0.35300000000000004,30.9,28.5,False,False,False,NONE
2023-11-23,0.8,Light,0.70625,31.3,28.625,False,False,False,NONE
2023-11-24,0.75,Light,9.522,31.9,29.0,False,False,False,NONE
2023-11-25,1.0,Light,7.05375,31.3,29.0,False,False,False,NONE
2023-11-26,0.0,Fair,12.5505,31.8,28.875,False,False,True,WINDOW
2023-11-27,,,,31.0,28.5,False,False,False,
2023-11-28,0.6666666666666666,Light,7.398000000000001,31.9,28.375,False,False,False,NONE
2023-11-29,0.5,Fair,18.529,32.0,28.75,False,False,False,NONE
2023-11-30,0.5,Fair,35.65475,31.5,28.875,False,False,False,NONE
2023-12-01,0.75,Light,25.747249999999998,31.4,29.0,False,False,False,NONE
2023-12-02,0.5,Fair,6.919,31.6,29.0,False,False,False,NONE
2023-12-03,0.5,Fair,14.20875,26.1,29.0,False,False,False,NONE
2023-12-04,0.5,Fair,0.05,31.0,29.0,False,False,False,NONE
2023-12-05,0.5,Fair,48.1675,33.7,28.75,False,False,False,NONE
2023-12-06,0.5,Fair,67.08675,30.9,28.625,False,False,False,NONE
2023-12-07,0.5,Fair,0.5045000000000001,31.7,28.625,True,False,False,REACT
2023-12-08,0.3,Fair,0.7595000000000001,32.3,28.5,False,False,False,NONE
2023-12-09,0.6,Light,1.61725,29.7,28.75,False,False,False,NONE
2023-12-10,0.5,Fair,0.0,30.5,28.75,False,False,False,NONE
2023-12-11,0.5,Fair,17.10925,31.0,29.0,False,False,False,NONE
2023-12-12,0.65,Light,46.3845,29.0,29.0,False,False,False,NONE
2023-12-13,0.5,Fair,1.35825,31.4,29.0,False,False,False,NONE
2023-12-14,0.5,Fair,33.846500000000006,31.7,28.625,False,False,False,NONE
2023-12-15,0.5,Fair,9.89775,33.5,28.625,False,False,False,NONE
2023-12-16,0.5,Fair,28.822,31.2,28.625,False,False,False,NONE
2023-12-17,0.5,Fair,0.8019999999999999,31.2,28.75,False,False,False,NONE
2023-12-18,0.5,Fair,2.217,30.5,28.25,False,False,False,NONE
2023-12-19,0.5,Fair,24.682750000000002,30.8,28.25,False,False,False,NONE
2023-12-20,0.5,Fair,14.481499999999999,31.0,28.125,False,False,False,NONE
2023-12-21,0.5,Fair,7.020499999999999,31.0,28.25,False,False,False,NONE
2023-12-22,0.5,Fair,4.13675,30.4,28.625,False,False,False,NONE
2023-12-23,0.5,Fair,0.60425,28.1,28.75,False,False,False,NONE
2023-12-24,1.25,Light,1.05975,31.5,28.875,False,False,False,NONE
2023-12-25,0.5,Fair,70.14775,28.5,28.875,False,False,False,NONE
2023-12-26,0.5,Fair,1.6575000000000002,29.6,28.875,True,False,False,REACT
2023-12-27,0.75,Light,23.125999999999998,26.5,28.75,False,False,False,NONE
2023-12-28,0.75,Light,19.190749999999998,30.0,28.375,False,False,False,NONE
2023-12-29,0.75,Light,2.47425,30.5,28.625,False,False,False,NONE
2023-12-30,0.5,Fair,0.35350000000000004,30.4,28.5,False,False,False,NONE
2023-12-31,1.0,Light,4.44125,28.4,28.375,False,False,False,NONE
2024-01-01,0.3,Fair,8.28375,26.8,28.25,False,False,False,NONE
2024-01-02,0.5,Fair,5.955500000000001,32.2,28.5,False,False,False,NONE
2024-01-03,1.0,Light,1.5107500000000003,31.0,,False,False,False,NONE
2024-01-04,,,,26.9,,False,False,False,
2024-01-05,,,,28.7,,False,False,False,
2024-01-06,,,,30.9,,False,False,False,
2024-01-07,,,,26.7,,False,False,False,
2024-01-08,,,,31.1,,False,False,False,
2024-01-09,0.0,Fair,44.406,29.9,27.375,False,False,True,WINDOW
2024-01-10,1.05,Light,65.49266666666666,28.2,27.375,False,False,False,NONE
2024-01-11,0.5,Fair,0.06733333333333334,29.6,27.5,True,False,False,REACT
2024-01-12,1.25,Light,11.73725,26.8,27.5,False,False,False,NONE
2024-01-13,0.25,Fair,0.0,30.0,27.5,False,False,False,NONE
2024-01-14,0.25,Fair,0.0,30.3,27.375,False,False,False,NONE
2024-01-15,0.25,Fair,1.9765,31.3,26.875,False,False,False,NONE
2024-01-16,0.75,Light,4.7325,29.8,26.375,False,False,False,NONE
2024-01-17,0.75,Light,6.9510000000000005,30.8,26.25,False,False,False,NONE
2024-01-18,0.5,Fair,9.44825,29.1,27.125,False,False,False,NONE
2024-01-19,0.5,Fair,11.4805,29.8,27.875,False,False,False,NONE
2024-01-20,1.65,Thundery,12.89725,26.2,28.25,False,False,False,NONE
2024-01-21,0.5,Fair,0.0,32.2,28.25,False,False,False,NONE
2024-01-22,0.5,Fair,0.0,33.0,28.25,False,False,False,NONE
2024-01-23,1.0,Light,15.64575,32.8,28.5,False,False,False,NONE
2024-01-24,0.5,Fair,61.57975,29.7,28.625,False,False,False,NONE
2024-01-25,0.85,Light,10.11675,28.3,28.75,True,False,False,REACT
2024-01-26,0.5,Fair,0.05,31.0,29.0,False,False,False,NONE
2024-01-27,0.25,Fair,0.0,31.2,29.0,False,False,False,NONE
2024-01-28,0.25,Fair,0.0505,31.4,28.5,False,False,False,NONE
2024-01-29,0.25,Fair,0.0,30.8,28.5,False,False,False,NONE
2024-01-30,0.0,Fair,0.10125,29.8,28.5,False,False,True,WINDOW
2024-01-31,0.3,Fair,0.0,31.1,29.0,False,False,False,NONE
2024-02-01,0.3,Fair,0.0,32.0,29.25,False,False,False,NONE
2024-02-02,0.5,Fair,12.274000000000001,32.2,29.75,False,False,False,NONE
2024-02-03,0.5,Fair,4.4639999999999995,33.2,29.75,False,True,False,PREEMPT
2024-02-04,0.0,Fair,0.0,32.7,29.625,False,True,True,PREEMPT
2024-02-05,0.0,Fair,0.0,33.2,29.5,False,True,True,PREEMPT
2024-02-06,0.1,Fair,0.65725,32.8,28.875,False,False,True,WINDOW
2024-02-07,0.3,Fair,0.0,32.0,28.75,False,False,False,NONE
2024-02-08,0.5,Fair,25.271250000000002,32.6,28.375,False,False,False,NONE
2024-02-09,0.3,Fair,16.662750000000003,32.7,28.125,False,False,False,NONE
2024-02-10,0.25,Fair,7.670249999999999,31.3,28.5,False,False,False,NONE
2024-02-11,0.25,Fair,0.05025,31.0,28.625,False,False,False,NONE
2024-02-12,0.5,Fair,6.699999999999999,29.9,28.5,False,False,False,NONE
2024-02-13,0.5,Fair,11.2765,27.6,28.625,False,False,False,NONE
2024-02-14,1.25,Light,9.775,30.0,28.5,False,False,False,NONE
2024-02-15,1.25,Light,1.4622499999999998,29.0,28.875,False,False,False,NONE
2024-02-16,0.5,Fair,0.0505,30.5,29.125,False,False,False,NONE
2024-02-17,0.0,Fair,2.11125,29.9,28.75,False,False,True,WINDOW
2024-02-18,0.25,Fair,0.0,31.5,30.125,False,False,False,NONE
2024-02-19,0.5,Fair,0.0,31.8,28.875,False,False,False,NONE
2024-02-20,0.2,Fair,13.983583333333335,33.1,29.125,False,True,False,PREEMPT
2024-02-21,0.3,Fair,39.3375,32.6,29.5,False,True,False,PREEMPT
2024-02-22,0.3,Fair,0.5505000000000001,33.2,29.375,False,True,False,PREEMPT
2024-02-23,0.5,Fair,0.05025,32.5,29.5,False,False,False,NONE
2024-02-24,0.3,Fair,0.75725,31.0,29.0,False,False,False,NONE
2024-02-25,0.1,Fair,0.0,32.3,29.0,False,False,True,WINDOW
2024-02-26,0.15,Fair,0.0,31.7,29.0,False,False,False,NONE
2024-02-27,0.25,Fair,0.35375,30.0,29.125,False,False,False,NONE
2024-02-28,0.25,Fair,0.0,31.8,29.125,False,False,False,NONE
2024-02-29,0.25,Fair,0.0,33.1,28.0,False,False,False,NONE
2024-03-01,0.3,Fair,0.0,32.3,28.125,False,False,False,NONE
2024-03-02,0.5,Fair,3.524,31.6,28.25,False,False,False,NONE
2024-03-03,1.25,Light,34.3605,29.6,28.875,False,False,False,NONE
2024-03-04,1.0,Light,10.634,30.5,29.25,False,False,False,NONE
2024-03-05,1.8,Thundery,26.7085,32.5,28.875,False,False,False,NONE
2024-03-06,0.5,Fair,70.79,33.3,29.25,False,True,False,PREEMPT
2024-03-07,,,,33.0,29.375,True,True,False,
2024-03-08,0.6666666666666666,Light,1.31,29.8,29.625,False,False,False,NONE
2024-03-09,,,,32.7,29.125,False,True,False,
2024-03-10,,,,29.6,29.375,False,False,False,
2024-03-11,0.0,Fair,0.0,32.4,29.625,False,False,True,WINDOW
2024-03-12,0.0,Fair,0.0,33.1,29.5,False,True,True,PREEMPT
2024-03-13,0.0,Fair,0.0,33.5,29.375,False,True,True,PREEMPT
2024-03-14,0.0,Fair,0.0,33.5,29.5,False,True,True,PREEMPT
2024-03-15,0.0,Fair,0.0,32.5,29.5,False,False,True,WINDOW
2024-03-16,0.0,Fair,0.0,33.0,29.5,False,True,True,PREEMPT
2024-03-17,0.1,Fair,0.0,33.6,29.25,False,True,True,PREEMPT
2024-03-18,0.15,Fair,0.0,34.0,29.125,False,True,False,PREEMPT
2024-03-19,0.3,Fair,6.37025,33.3,29.875,False,True,False,PREEMPT
2024-03-20,0.25,Fair,0.1015,31.6,29.75,False,False,False,NONE
2024-03-21,0.3,Fair,1.1600000000000001,31.9,30.125,False,False,False,NONE
2024-03-22,0.3,Fair,0.0,33.0,30.0,False,True,False,PREEMPT
2024-03-23,0.3,Fair,0.0,33.7,30.0,False,True,False,PREEMPT
2024-03-24,0.2,Fair,0.0,33.6,30.0,False,True,False,PREEMPT
2024-03-25,0.2,Fair,0.0,34.7,29.875,False,True,False,PREEMPT
2024-03-26,0.3,Fair,,33.8,30.0,False,True,False,PREEMPT
2024-03-27,0.0,Fair,,34.1,29.75,False,True,True,PREEMPT
2024-03-28,0.5,Fair,,33.8,29.5,False,True,False,PREEMPT
2024-03-29,0.3,Fair,,33.5,29.5,False,True,False,PREEMPT
2024-03-30,0.6,Light,,33.8,29.5,False,True,False,PREEMPT
2024-03-31,0.3,Fair,,32.6,29.5,False,True,False,PREEMPT
2024-04-01,0.5,Fair,,32.3,30.0,False,False,False,NONE
2024-04-02,0.3,Fair,,34.7,29.75,False,True,False,PREEMPT
2024-04-03,0.3,Fair,,31.6,29.875,False,False,False,NONE
2024-04-04,0.5,Fair,,33.7,29.875,False,True,False,PREEMPT
2024-04-05,0.0,Fair,,34.6,29.75,False,True,True,PREEMPT
2024-04-06,0.0,Fair,,34.4,29.625,False,True,True,PREEMPT
2024-04-07,0.15,Fair,,34.3,29.5,False,True,False,PREEMPT
2024-04-08,0.5,Fair,,32.8,29.5,False,True,False,PREEMPT
2024-04-09,0.5,Fair,,34.1,29.5,False,True,False,PREEMPT
2024-04-10,1.0,Light,,31.2,29.5,False,False,False,NONE
2024-04-11,0.8,Light,,31.3,29.5,False,False,False,NONE
2024-04-12,1.2,Light,,28.2,29.5,False,False,False,NONE
2024-04-13,0.5,Fair,,33.0,29.5,False,True,False,PREEMPT
2024-04-14,0.6,Light,,31.4,29.5,False,False,False,NONE
2024-04-15,0.6,Light,0.101,32.7,29.5,False,True,False,PREEMPT
2024-04-16,0.5,Fair,0.403,28.9,29.25,False,False,False,NONE
2024-04-17,0.5,Fair,1.5655,31.8,28.875,False,False,False,NONE
2024-04-18,1.0,Light,0.40399999999999997,33.2,28.875,False,False,False,NONE
2024-04-19,1.15,Light,33.76475,32.2,29.0,False,False,False,NONE
2024-04-20,0.5,Fair,31.31275,32.1,29.0,False,False,False,NONE
2024-04-21,0.5,Fair,12.795499999999999,34.5,28.875,False,False,False,NONE
2024-04-22,0.5,Fair,9.497500000000002,33.4,28.875,False,False,False,NONE
2024-04-23,1.0,Light,7.532000000000001,33.8,29.0,False,False,False,NONE
2024-04-24,1.0,Light,0.1,33.1,29.0,False,False,False,NONE
2024-04-25,0.6,Light,0.1005,34.3,29.0,False,False,False,NONE
2024-04-26,0.5,Fair,17.920250000000003,34.4,29.25,False,True,False,PREEMPT
2024-04-27,1.0,Light,4.74025,34.9,29.0,False,False,False,NONE
2024-04-28,0.3,Fair,0.6035,33.3,29.0,False,False,False,NONE
2024-04-29,0.3,Fair,0.0,34.7,28.25,False,False,False,NONE
2024-04-30,0.5,Fair,4.9425,34.1,28.125,False,False,False,NONE
2024-05-01,0.3,Fair,0.5562499999999999,32.6,28.25,False,False,False,NONE
2024-05-02,1.0,Light,2.07025,32.2,28.625,False,False,False,NONE
2024-05-03,1.0,Light,26.951,33.9,28.75,False,False,False,NONE
2024-05-04,1.0,Light,41.62125,27.4,28.875,False,False,False,NONE
2024-05-05,0.3,Fair,0.0,33.4,28.75,False,False,False,NONE
2024-05-06,0.5,Fair,1.05575,34.7,28.75,False,False,False,NONE
2024-05-07,1.0,Light,15.426,31.2,28.75,False,False,False,NONE
2024-05-08,0.7,Light,0.50525,31.1,28.75,False,False,False,NONE
2024-05-09,0.3,Fair,0.0,34.4,28.75,False,False,False,NONE
2024-05-10,0.3,Fair,2.7405,32.7,28.75,False,False,False,NONE
2024-05-11,1.0,Light,10.030000000000001,35.1,28.875,False,False,False,NONE
2024-05-12,1.0,Light,15.142,32.1,28.875,False,False,False,NONE
2024-05-13,0.5,Fair,0.2,33.1,28.75,False,False,False,NONE
2024-05-14,0.5,Fair,32.6705,34.6,28.75,False,False,False,NONE
2024-05-15,0.6,Light,6.337,31.9,28.625,False,False,False,NONE
2024-05-16,0.55,Light,11.3385,30.6,28.625,False,False,False,NONE
2024-05-17,1.0,Light,0.252,33.1,28.625,False,False,False,NONE
2024-05-18,1.0,Light,4.964,33.5,28.75,False,False,False,NONE
2024-05-19,1.0,Light,5.8335,33.3,29.0,False,False,False,NONE
2024-05-20,1.1,Light,24.391750000000002,31.0,29.0,False,False,False,NONE
2024-05-21,0.55,Light,0.0505,32.4,29.0,False,False,False,NONE
2024-05-22,1.0,Light,18.39875,30.9,29.0,False,False,False,NONE
2024-05-23,0.3,Fair,8.29725,32.7,29.0,False,False,False,NONE
2024-05-24,0.3,Fair,1.5105,32.1,29.5,False,False,False,NONE
2024-05-25,0.2,Fair,21.810249999999996,32.4,29.5,False,False,False,NONE
2024-05-26,0.2,Fair,0.05075,32.9,29.5,False,True,False,PREEMPT
2024-05-27,0.2,Fair,0.15075,34.2,29.25,False,True,False,PREEMPT
2024-05-28,0.2,Fair,0.1005,33.1,29.125,False,True,False,PREEMPT
2024-05-29,0.3,Fair,0.0,34.8,29.125,False,True,False,PREEMPT
2024-05-30,1.0,Light,0.1,32.1,29.0,False,False,False,NONE
2024-05-31,1.0,Light,0.0,32.8,29.0,False,False,False,NONE
2024-06-01,1.25,Light,7.506,29.5,29.5,False,False,False,NONE
2024-06-02,0.3,Fair,47.65925,29.8,29.5,False,False,False,NONE
2024-06-03,0.5,Fair,51.50025,33.1,29.5,False,True,False,PREEMPT
2024-06-04,0.3,Fair,0.0,32.8,29.25,True,True,False,REACT
2024-06-05,0.3,Fair,0.0,33.5,29.25,False,True,False,PREEMPT
2024-06-06,1.0,Light,23.63625,32.4,29.125,False,False,False,NONE
2024-06-07,0.5,Fair,10.6265,31.7,29.125,False,False,False,NONE
2024-06-08,0.5,Fair,0.0,30.2,29.25,False,False,False,NONE
2024-06-09,1.0,Light,0.05,31.6,29.375,False,False,False,NONE
2024-06-10,0.5,Fair,2.12475,32.4,29.5,False,False,False,NONE
2024-06-11,0.5,Fair,39.04125,34.8,29.5,False,True,False,PREEMPT
2024-06-12,0.3,Fair,3.7785,31.3,29.375,False,False,False,NONE
2024-06-13,0.3,Fair,4.1875,34.1,29.25,False,True,False,PREEMPT
2024-06-14,0.5,Fair,5.489999999999999,32.7,28.875,False,False,False,NONE
2024-06-15,1.0,Light,0.05075,31.9,29.0,False,False,False,NONE
2024-06-16,0.7,Light,45.8405,31.7,29.125,False,False,False,NONE
2024-06-17,1.0,Light,3.63375,32.3,29.0,False,False,False,NONE
2024-06-18,0.5,Fair,0.0,32.3,28.75,False,False,False,NONE
2024-06-19,1.1,Light,3.8965,30.4,29.0,False,False,False,NONE
2024-06-20,0.5,Fair,0.101,32.7,29.0,False,False,False,NONE
2024-06-21,0.75,Light,50.37975,30.4,29.25,False,False,False,NONE
2024-06-22,1.0,Light,31.5995,28.3,29.5,True,False,False,REACT
2024-06-23,0.0,Fair,0.0,31.1,29.5,False,False,True,WINDOW
2024-06-24,0.0,Fair,0.0,32.6,29.5,False,True,True,PREEMPT
2024-06-25,0.3,Fair,29.301000000000002,33.0,29.25,False,True,False,PREEMPT
2024-06-26,0.3,Fair,22.64275,33.4,29.0,False,False,False,NONE
2024-06-27,0.5,Fair,0.0,31.4,28.75,False,False,False,NONE
2024-06-28,0.5,Fair,20.757,34.3,29.125,False,True,False,PREEMPT
2024-06-29,0.4,Fair,1.8756666666666666,33.4,29.25,False,True,False,PREEMPT
2024-06-30,1.0,Light,29.61766666666667,28.6,29.25,False,False,False,NONE
2024-07-01,0.3,Fair,0.42033333333333334,31.1,29.25,False,False,False,NONE
2024-07-02,0.5,Fair,0.9065,32.3,29.0,False,False,False,NONE
2024-07-03,1.0,Light,0.96375,31.1,29.125,False,False,False,NONE
2024-07-04,1.0,Light,0.0,33.2,29.5,False,True,False,PREEMPT
2024-07-05,0.3,Fair,4.8485000000000005,32.0,29.25,False,False,False,NONE
2024-07-06,1.0,Light,0.6060000000000001,30.9,29.125,False,False,False,NONE
2024-07-07,1.0,Light,0.6535,31.2,29.0,False,False,False,NONE
2024-07-08,0.5,Fair,6.711749999999999,28.8,29.0,False,False,False,NONE
2024-07-09,0.55,Light,2.0180000000000002,29.5,29.0,False,False,False,NONE
2024-07-10,1.0,Light,0.252,31.4,29.125,False,False,False,NONE
2024-07-11,0.6,Light,0.0,31.6,29.375,False,False,False,NONE
2024-07-12,0.4,Fair,14.393249999999998,31.2,29.25,False,False,False,NONE
2024-07-13,0.6,Light,0.05075,32.0,29.375,False,False,False,NONE
2024-07-14,1.0,Light,0.2015,31.1,29.0,False,False,False,NONE
2024-07-15,0.0,Fair,0.0,31.9,29.0,False,False,True,WINDOW
2024-07-16,0.0,Fair,2.4207500000000004,31.3,29.25,False,False,True,WINDOW
2024-07-17,0.0,Fair,0.0,31.6,29.375,False,False,True,WINDOW
2024-07-18,0.0,Fair,0.0,32.5,29.375,False,False,True,WINDOW
2024-07-19,0.0,Fair,0.0,33.0,29.625,False,True,True,PREEMPT
2024-07-20,0.0,Fair,0.0,32.9,29.5,False,True,True,PREEMPT
2024-07-21,0.15,Fair,0.0,32.3,29.625,False,False,False,NONE
2024-07-22,0.0,Fair,0.0,33.1,29.875,False,True,True,PREEMPT
2024-07-23,0.0,Fair,0.0,33.1,30.25,False,True,True,PREEMPT
2024-07-24,0.0,Fair,0.0,33.1,30.5,False,True,True,PREEMPT
2024-07-25,0.0,Fair,0.0,32.6,30.375,False,True,True,PREEMPT
2024-07-26,0.0,Fair,0.0,32.8,30.0,False,True,True,PREEMPT
2024-07-27,0.0,Fair,0.0,33.5,29.625,False,True,True,PREEMPT
2024-07-28,0.0,Fair,0.0,33.7,29.375,False,True,True,PREEMPT
2024-07-29,0.0,Fair,0.0,33.4,29.375,False,True,True,PREEMPT
2024-07-30,0.3,Fair,0.0,33.4,29.5,False,True,False,PREEMPT
2024-07-31,0.2,Fair,14.19725,33.6,29.25,False,True,False,PREEMPT
2024-08-01,0.2,Fair,0.0,33.3,29.0,False,False,False,NONE
2024-08-02,0.3,Fair,0.0,32.6,29.0,False,False,False,NONE
2024-08-03,0.3,Fair,0.0,33.4,29.0,False,False,False,NONE
2024-08-04,0.5,Fair,54.346,30.0,29.0,False,False,False,NONE
2024-08-05,0.6,Light,3.02125,32.3,29.0,True,False,False,REACT
2024-08-06,0.6,Light,0.0,33.1,28.75,False,False,False,NONE
2024-08-07,0.15,Fair,0.0,31.7,29.0,False,False,False,NONE
2024-08-08,0.1,Fair,0.202,32.7,28.625,False,False,True,WINDOW
2024-08-09,1.0,Light,19.993666666666666,29.7,29.0,False,False,False,NONE
2024-08-10,1.0,Light,2.219666666666667,29.7,29.25,False,False,False,NONE
2024-08-11,0.75,Light,0.7393333333333333,31.6,29.5,False,False,False,NONE
2024-08-12,0.6,Light,15.076666666666666,31.9,29.25,False,False,False,NONE
2024-08-13,0.1,Fair,0.0,32.1,29.0,False,False,True,WINDOW
2024-08-14,0.5,Fair,6.187666666666667,28.6,28.875,False,False,False,NONE
2024-08-15,0.5,Fair,0.15075,32.5,29.25,False,False,False,NONE
2024-08-16,1.0,Light,3.4427499999999998,31.7,29.125,False,False,False,NONE
2024-08-17,1.0,Light,9.36325,32.6,29.125,False,True,False,PREEMPT
2024-08-18,1.0,Light,0.0,32.4,29.125,False,False,False,NONE
2024-08-19,0.5,Fair,0.5022500000000001,33.2,29.125,False,True,False,PREEMPT
2024-08-20,0.3,Fair,16.5765,32.3,29.25,False,False,False,NONE
2024-08-21,0.0,Fair,0.05075,31.5,29.125,False,False,True,WINDOW
2024-08-22,0.3,Fair,0.0,33.7,29.125,False,True,False,PREEMPT
2024-08-23,0.5,Fair,11.14,33.1,29.625,False,True,False,PREEMPT
2024-08-24,0.75,Light,0.7555000000000001,29.4,29.625,False,False,False,NONE
2024-08-25,0.3,Fair,4.5375,29.3,29.625,False,False,False,NONE
2024-08-26,0.3,Fair,0.0,31.9,29.5,False,False,False,NONE
2024-08-27,0.2,Fair,32.949000000000005,30.6,29.75,False,False,False,NONE
2024-08-28,0.5,Fair,51.316750000000006,33.9,29.75,False,True,False,PREEMPT
2024-08-29,0.0,Fair,0.0,31.3,29.625,True,False,True,REACT
2024-08-30,0.0,Fair,0.0,32.3,29.25,False,False,True,WINDOW
2024-08-31,0.3,Fair,0.0,33.4,29.125,False,True,False,PREEMPT
2024-09-01,0.0,Fair,0.0,33.3,29.0,False,False,True,WINDOW
2024-09-02,0.6,Light,0.0,33.5,29.125,False,True,False,PREEMPT
2024-09-03,0.6,Light,5.6945,30.8,29.375,False,False,False,NONE
2024-09-04,1.0,Light,7.8645,28.7,29.5,False,False,False,NONE
2024-09-05,0.0,Fair,0.0,33.5,29.375,False,True,True,PREEMPT
2024-09-06,0.15,Fair,0.0,32.7,29.125,False,True,False,PREEMPT
2024-09-07,0.1,Fair,2.8705,32.1,29.25,False,False,True,WINDOW
2024-09-08,0.5,Fair,17.243000000000002,31.9,29.5,False,False,False,NONE
2024-09-09,1.0,Light,0.9065000000000001,33.7,29.375,False,True,False,PREEMPT
2024-09-10,0.4,Fair,24.596500000000002,31.1,29.25,False,False,False,NONE
2024-09-11,1.0,Light,40.26125,33.4,29.125,False,True,False,PREEMPT
2024-09-12,0.65,Light,0.304,31.2,29.0,False,False,False,NONE
2024-09-13,1.0,Light,2.4205,32.4,29.5,False,False,False,NONE
2024-09-14,0.75,Light,36.655,30.8,28.5,False,False,False,NONE
2024-09-15,0.0,Fair,0.15075,30.8,28.5,False,False,True,WINDOW
2024-09-16,1.1,Light,0.0,32.4,28.5,False,False,False,NONE
2024-09-17,0.0,Fair,11.086,32.2,28.625,False,False,True,WINDOW
2024-09-18,0.0,Fair,0.0,33.0,29.25,False,True,True,PREEMPT
2024-09-19,0.0,Fair,0.0,31.4,29.25,False,False,True,WINDOW
2024-09-20,0.15,Fair,1.31625,32.4,29.375,False,False,False,NONE
2024-09-21,0.5,Fair,17.08,31.0,29.375,False,False,False,NONE
2024-09-22,0.2,Fair,0.0,34.8,29.5,False,True,False,PREEMPT
2024-09-23,0.5,Fair,35.58025,34.8,29.375,False,True,False,PREEMPT
2024-09-24,0.5,Fair,21.35025,31.6,29.125,False,False,False,NONE
2024-09-25,0.5,Fair,4.49375,31.7,28.875,False,False,False,NONE
2024-09-26,1.0,Light,3.2742500000000003,27.4,28.75,False,False,False,NONE
2024-09-27,0.3,Fair,0.35325,33.4,29.0,False,False,False,NONE
2024-09-28,0.2,Fair,0.05,33.6,29.0,False,False,False,NONE
2024-09-29,1.0,Light,0.1015,32.2,29.125,False,False,False,NONE
2024-09-30,0.65,Light,26.894999999999996,31.7,29.375,False,False,False,NONE
2024-10-01,1.0,Light,5.836499999999999,31.1,29.375,False,False,False,NONE
2024-10-02,1.0,Light,3.675,32.5,29.5,False,False,False,NONE
2024-10-03,0.5,Fair,1.8655000000000002,31.9,29.5,False,False,False,NONE
2024-10-04,0.5,Fair,25.43625,31.1,29.5,False,False,False,NONE
2024-10-05,0.6,Light,0.1515,32.2,29.5,False,False,False,NONE
2024-10-06,0.5,Fair,20.95825,30.2,29.25,False,False,False,NONE
2024-10-07,0.3,Fair,0.0,33.1,29.125,False,True,False,PREEMPT
2024-10-08,1.0,Light,0.0,31.3,29.25,False,False,False,NONE
2024-10-09,0.5,Fair,2.012,31.8,28.625,False,False,False,NONE
2024-10-10,0.5,Fair,12.667250000000001,31.9,28.375,False,False,False,NONE
2024-10-11,0.5,Fair,1.00875,31.3,28.375,False,False,False,NONE
2024-10-12,1.0,Light,3.125,29.4,28.375,False,False,False,NONE
2024-10-13,1.0,Light,0.25,32.1,29.0,False,False,False,NONE
2024-10-14,0.5,Fair,43.586,28.2,28.75,False,False,False,NONE
2024-10-15,0.5,Fair,20.71325,32.4,28.375,False,False,False,NONE
2024-10-16,0.0,Fair,24.2775,29.9,28.75,False,False,True,WINDOW
2024-10-17,0.6,Light,0.704,29.3,29.0,False,False,False,NONE
2024-10-18,0.6,Light,0.0,30.5,29.25,False,False,False,NONE
2024-10-19,0.3,Fair,9.16525,32.5,29.625,False,False,False,NONE
2024-10-20,1.25,Light,2.2672499999999998,32.0,29.75,False,False,False,NONE
2024-10-21,0.0,Fair,0.0,34.2,29.75,False,True,True,PREEMPT
2024-10-22,0.2,Fair,0.0,34.5,29.625,False,True,False,PREEMPT
2024-10-23,0.0,Fair,0.25225,33.7,29.625,False,True,True,PREEMPT
2024-10-24,0.2,Fair,0.0,34.2,29.5,False,True,False,PREEMPT
2024-10-25,0.8,Light,0.201,33.1,29.5,False,True,False,PREEMPT
2024-10-26,0.0,Fair,0.0,32.8,29.375,False,True,True,PREEMPT
2024-10-27,0.0,Fair,0.0,33.4,29.125,False,True,True,PREEMPT
2024-10-28,0.3,Fair,12.743,32.3,28.75,False,False,False,NONE
2024-10-29,1.0,Light,0.0,33.2,28.875,False,False,False,NONE
2024-10-30,0.2,Fair,0.0,32.6,28.625,False,False,False,NONE
2024-10-31,0.5,Fair,0.0,31.6,28.5,False,False,False,NONE
2024-11-01,1.0,Light,3.62225,32.3,28.5,False,False,False,NONE
2024-11-02,0.5,Fair,0.0,29.6,28.75,False,False,False,NONE
2024-11-03,0.65,Light,2.50575,33.1,28.75,False,False,False,NONE
2024-11-04,0.5,Fair,8.354000000000001,30.3,28.625,False,False,False,NONE
2024-11-05,1.0,Light,,31.9,28.875,False,False,False,NONE
2024-11-06,0.3333333333333333,Fair,,31.0,28.75,False,False,False,NONE
2024-11-07,0.5,Fair,,30.0,28.75,False,False,False,NONE
2024-11-08,1.1,Light,1.8665000000000003,31.9,28.75,False,False,False,NONE
2024-11-09,1.0,Light,21.07025,30.8,29.0,False,False,False,NONE
2024-11-10,1.2,Light,20.64175,32.7,29.0,False,False,False,NONE
2024-11-11,0.5,Fair,6.79275,30.9,28.625,False,False,False,NONE
2024-11-12,0.6,Light,2.1117500000000002,32.6,28.5,False,False,False,NONE
2024-11-13,0.5,Fair,15.48525,30.3,28.5,False,False,False,NONE
2024-11-14,0.6,Light,19.2955,32.8,28.5,False,False,False,NONE
2024-11-15,0.5,Fair,24.222250000000003,32.9,28.25,False,False,False,NONE
2024-11-16,0.5,Fair,94.17424999999999,33.5,28.0,False,False,False,NONE
2024-11-17,0.5,Fair,18.83475,31.4,27.75,True,False,False,REACT
2024-11-18,0.75,Light,12.2915,29.4,28.0,False,False,False,NONE
2024-11-19,1.25,Light,4.9915,29.2,28.25,False,False,False,NONE
2024-11-20,0.75,Light,0.0505,28.2,28.5,False,False,False,NONE
2024-11-21,0.5,Fair,46.102250000000005,31.9,28.375,False,False,False,NONE
2024-11-22,0.5,Fair,90.05024999999999,32.4,28.5,False,False,False,NONE
2024-11-23,0.5,Fair,10.726,31.8,28.5,True,False,False,REACT
2024-11-24,0.5,Fair,7.812,31.7,28.25,False,False,False,NONE
2024-11-25,0.6,Light,1.75925,30.5,28.25,False,False,False,NONE
2024-11-26,0.5,Fair,36.88675,29.7,27.75,False,False,False,NONE
2024-11-27,0.5,Fair,10.27475,29.1,28.25,False,False,False,NONE
2024-11-28,0.75,Light,2.82125,30.0,28.625,False,False,False,NONE
2024-11-29,1.5,Thundery,30.827499999999997,26.8,28.75,False,False,False,NONE
2024-11-30,0.0,Fair,0.0,32.7,28.75,False,False,True,WINDOW
2024-12-01,0.9,Light,0.15100000000000002,32.0,28.625,False,False,False,NONE
2024-12-02,0.5,Fair,18.435750000000002,31.9,29.0,False,False,False,NONE
2024-12-03,0.3,Fair,2.9222499999999996,31.4,29.25,False,False,False,NONE
2024-12-04,0.0,Fair,0.101,31.3,29.0,False,False,True,WINDOW
2024-12-05,0.25,Fair,0.0,32.5,28.75,False,False,False,NONE
2024-12-06,0.0,Fair,0.0,33.7,28.5,False,False,True,WINDOW
2024-12-07,0.3,Fair,0.653,33.9,28.5,False,False,False,NONE
2024-12-08,0.5,Fair,0.0,32.5,28.375,False,False,False,NONE
2024-12-09,1.0,Light,2.9210000000000003,29.3,28.875,False,False,False,NONE
2024-12-10,0.5,Fair,0.0,29.9,29.125,False,False,False,NONE
2024-12-11,0.3,Fair,0.8585,32.5,28.75,False,False,False,NONE
2024-12-12,0.6,Light,0.0,30.2,28.875,False,False,False,NONE
2024-12-13,0.4,Fair,34.028,28.9,28.875,False,False,False,NONE
2024-12-14,0.4,Fair,0.252,33.0,28.625,False,False,False,NONE
2024-12-15,0.3,Fair,0.0,34.1,29.0,False,False,False,NONE
2024-12-16,0.3,Fair,47.675,33.9,29.0,False,False,False,NONE
2024-12-17,0.5,Fair,1.8655000000000002,31.9,28.625,False,False,False,NONE
2024-12-18,0.5,Fair,5.838749999999999,27.4,28.75,False,False,False,NONE
2024-12-19,0.6,Light,0.15,28.8,29.25,False,False,False,NONE
2024-12-20,0.0,Fair,0.35225,29.7,29.375,False,False,True,WINDOW
2024-12-21,0.15,Fair,0.9587500000000001,31.5,29.25,False,False,False,NONE
2024-12-22,0.75,Light,2.0625,30.9,29.125,False,False,False,NONE
2024-12-23,0.5,Fair,36.137,31.3,28.75,False,False,False,NONE
2024-12-24,0.75,Light,8.51825,31.6,29.0,False,False,False,NONE
2024-12-25,0.5,Fair,0.0,30.8,29.125,False,False,False,NONE
2024-12-26,0.5,Fair,0.15150000000000002,30.6,29.375,False,False,False,NONE
2024-12-27,0.5,Fair,0.0,32.4,29.125,False,False,False,NONE
2024-12-28,0.5,Fair,0.8622500000000001,31.6,29.125,False,False,False,NONE
2024-12-29,1.0,Light,26.61025,31.0,29.375,False,False,False,NONE
2024-12-30,0.65,Light,13.6115,30.3,29.375,False,False,False,NONE
2024-12-31,0.65,Light,18.756999999999998,32.2,29.25,False,False,False,NONE
2025-01-01,1.0,Light,30.66175,30.5,29.375,False,False,False,NONE
2025-01-02,0.5,Fair,3.778,31.9,29.125,False,False,False,NONE
2025-01-03,0.5,Fair,17.6575,32.0,28.875,False,False,False,NONE
2025-01-04,0.5,Fair,0.0,30.8,28.875,False,False,False,NONE
2025-01-05,0.5,Fair,0.05025,31.7,28.875,False,False,False,NONE
2025-01-06,0.5,Fair,0.0,30.8,28.625,False,False,False,NONE
2025-01-07,0.25,Fair,0.35225,30.2,27.75,False,False,False,NONE
2025-01-08,0.25,Fair,0.0,32.0,26.5,False,False,False,NONE
2025-01-09,0.0,Fair,0.0,31.9,25.75,False,False,True,WINDOW
2025-01-10,0.75,Light,128.1655,26.8,26.125,False,False,False,NONE
2025-01-11,1.75,Thundery,106.60199999999999,24.7,26.75,True,False,False,REACT
2025-01-12,2.5,Thundery,31.892000000000003,27.1,27.625,True,False,False,REACT
2025-01-13,1.75,Thundery,48.26575,25.6,28.125,False,False,False,NONE
2025-01-14,0.25,Fair,17.839000000000002,27.6,28.0,False,False,False,NONE
2025-01-15,0.75,Light,5.088,28.7,27.5,False,False,False,NONE
2025-01-16,0.5,Fair,0.6555,30.2,26.125,False,False,False,NONE
2025-01-17,0.75,Light,5.640000000000001,28.6,26.75,False,False,False,NONE
2025-01-18,1.25,Light,4.38575,28.9,28.375,False,False,False,NONE
2025-01-19,0.75,Light,6.74925,26.9,29.0,False,False,False,NONE
2025-01-20,0.25,Fair,0.0,29.2,28.25,False,False,False,NONE
2025-01-21,0.5,Fair,0.2015,26.9,28.75,False,False,False,NONE
2025-01-22,0.25,Fair,1.00475,27.9,28.875,False,False,False,NONE
2025-01-23,0.75,Light,1.15625,28.2,28.75,False,False,False,NONE
2025-01-24,0.5,Fair,3.09225,27.6,28.875,False,False,False,NONE
2025-01-25,0.5,Fair,0.4515,31.3,29.0,False,False,False,NONE
2025-01-26,0.5,Fair,12.314,30.3,29.0,False,False,False,NONE
2025-01-27,0.65,Light,8.0985,27.3,29.0,False,False,False,NONE
2025-01-28,0.25,Fair,1.05975,27.9,28.625,False,False,False,NONE
2025-01-29,0.0,Fair,0.05025,28.4,28.75,False,False,True,WINDOW
2025-01-30,0.0,Fair,0.0,30.3,28.75,False,False,True,WINDOW
2025-01-31,0.0,Fair,0.0,30.6,28.625,False,False,True,WINDOW
2025-02-01,0.0,Fair,0.0,32.0,28.625,False,False,True,WINDOW
2025-02-02,0.0,Fair,3.9045,33.3,28.625,False,False,True,WINDOW
2025-02-03,0.1,Fair,0.0,32.4,28.5,False,False,True,WINDOW
2025-02-04,0.5,Fair,16.48575,31.9,28.75,False,False,False,NONE
2025-02-05,0.75,Light,14.40925,26.4,28.75,False,False,False,NONE
2025-02-06,0.0,Fair,0.0,31.2,28.625,False,False,True,WINDOW
2025-02-07,0.2,Fair,0.0,31.4,28.625,False,False,False,NONE
2025-02-08,0.0,Fair,0.0,30.7,28.75,False,False,True,WINDOW
2025-02-09,0.0,Fair,0.50275,30.3,29.25,False,False,True,WINDOW
2025-02-10,0.0,Fair,0.0,30.5,29.25,False,False,True,WINDOW
2025-02-11,0.0,Fair,0.30275,31.6,29.0,False,False,True,WINDOW
2025-02-12,0.15,Fair,0.0,31.4,28.75,False,False,False,NONE
2025-02-13,0.0,Fair,0.0,32.5,28.875,False,False,True,WINDOW
2025-02-14,0.15,Fair,50.97533333333333,32.5,28.875,False,False,False,NONE
2025-02-15,0.5,Fair,30.015,32.6,28.875,True,False,False,REACT
2025-02-16,0.1,Fair,1.8103333333333333,31.4,28.75,False,False,True,WINDOW
2025-02-17,0.5,Fair,20.134,32.6,28.875,False,False,False,NONE
2025-02-18,0.5,Fair,0.0,28.8,29.0,False,False,False,NONE
2025-02-19,0.3,Fair,0.0,30.0,29.0,False,False,False,NONE
2025-02-20,0.3,Fair,0.7274166666666666,31.2,28.875,False,False,False,NONE
2025-02-21,0.5,Fair,0.30250000000000005,31.5,28.75,False,False,False,NONE
2025-02-22,0.3,Fair,9.89525,32.0,28.625,False,False,False,NONE
2025-02-23,0.5,Fair,14.65,31.0,28.625,False,False,False,NONE
2025-02-24,0.5,Fair,0.0,31.4,28.75,False,False,False,NONE
2025-02-25,0.7,Light,11.243500000000001,29.0,28.875,False,False,False,NONE
2025-02-26,0.3,Fair,0.45325000000000004,29.7,28.875,False,False,False,NONE
2025-02-27,0.3,Fair,0.15225,31.8,28.875,False,False,False,NONE
2025-02-28,0.3,Fair,0.0,30.9,29.0,False,False,False,NONE
2025-03-01,0.3,Fair,0.201,31.0,29.0,False,False,False,NONE
2025-03-02,0.3,Fair,0.0,31.4,29.0,False,False,False,NONE
2025-03-03,0.3,Fair,1.82225,32.3,29.0,False,False,False,NONE
2025-03-04,0.3,Fair,38.3145,32.8,29.0,False,False,False,NONE
2025-03-05,0.5,Fair,28.60975,30.2,29.25,False,False,False,NONE
2025-03-06,0.55,Light,25.10425,27.4,29.375,False,False,False,NONE
2025-03-07,0.2,Fair,0.0,33.0,29.375,False,True,False,PREEMPT
2025-03-08,1.0,Light,10.28225,32.1,29.0,False,False,False,NONE
2025-03-09,0.5,Fair,25.5665,26.8,28.875,False,False,False,NONE
2025-03-10,0.3,Fair,4.43775,32.3,28.875,False,False,False,NONE
2025-03-11,1.0,Light,1.61325,31.9,29.125,False,False,False,NONE
2025-03-12,0.5,Fair,9.470749999999999,31.6,29.375,False,False,False,NONE
2025-03-13,0.3,Fair,0.0,32.3,29.375,False,False,False,NONE
2025-03-14,0.5,Fair,0.75925,32.3,29.5,False,False,False,NONE
2025-03-15,0.45,Fair,0.25375,32.4,28.5,False,False,False,NONE
2025-03-16,0.5,Fair,0.76125,32.6,27.25,False,False,False,NONE
2025-03-17,0.15,Fair,0.0,31.9,26.125,False,False,False,NONE
2025-03-18,0.25,Fair,0.0,32.0,25.375,False,False,False,NONE
2025-03-19,1.5,Thundery,114.566,27.2,26.125,False,False,False,NONE
2025-03-20,2.0,Thundery,173.25925,24.0,27.5,True,False,False,REACT
2025-03-21,0.75,Light,2.112,28.8,29.125,True,False,False,REACT
2025-03-22,1.0,Light,5.491,30.0,29.375,False,False,False,NONE
2025-03-23,1.0,Light,14.30875,30.5,29.5,False,False,False,NONE
2025-03-24,0.95,Light,7.661249999999999,29.5,29.5,False,False,False,NONE
2025-03-25,0.3,Fair,3.7305,32.3,29.375,False,False,False,NONE
2025-03-26,0.3,Fair,0.0,32.3,29.25,False,False,False,NONE
2025-03-27,0.5,Fair,24.16975,32.2,29.5,False,False,False,NONE
2025-03-28,0.3,Fair,7.3875,31.8,29.5,False,False,False,NONE
2025-03-29,0.5,Fair,0.30225,33.7,29.5,False,True,False,PREEMPT
2025-03-30,0.5,Fair,19.07625,33.5,29.25,False,True,False,PREEMPT
2025-03-31,0.7,Light,5.3805,33.0,28.875,False,False,False,NONE
2025-04-01,0.5,Fair,0.6585000000000001,33.2,28.75,False,False,False,NONE
2025-04-02,1.1,Light,7.94825,31.6,29.0,False,False,False,NONE
2025-04-03,0.75,Light,0.15225,32.7,28.625,False,False,False,NONE
2025-04-04,0.5,Fair,40.2325,28.5,28.75,False,False,False,NONE
2025-04-05,0.65,Light,8.00775,30.8,28.875,False,False,False,NONE
2025-04-06,0.5,Fair,0.0,31.7,28.875,False,False,False,NONE
2025-04-07,0.5,Fair,11.08,27.7,28.75,False,False,False,NONE
2025-04-08,0.5,Fair,0.5545,29.3,28.625,False,False,False,NONE
2025-04-09,0.5,Fair,14.53275,31.0,28.625,False,False,False,NONE
2025-04-10,0.5,Fair,0.0,33.3,28.625,False,False,False,NONE
2025-04-11,1.0,Light,1.26275,29.9,28.75,False,False,False,NONE
2025-04-12,0.5,Fair,7.339666666666666,,28.875,False,False,False,NONE
2025-04-13,0.75,Light,58.568,,29.25,False,False,False,NONE
2025-04-14,0.5,Fair,0.0,,29.25,True,False,False,REACT
2025-04-15,0.5,Fair,14.200000000000001,32.1,29.125,False,False,False,NONE
2025-04-16,0.3,Fair,0.15000000000000002,33.1,28.875,False,False,False,NONE
2025-04-17,0.95,Light,2.5500000000000003,31.9,29.125,False,False,False,NONE
2025-04-18,0.3,Fair,13.35,34.0,28.875,False,False,False,NONE
2025-04-19,0.5,Fair,6.6,,29.0,False,False,False,NONE
2025-04-20,0.5,Fair,17.633333333333333,,28.75,False,False,False,NONE
2025-04-21,0.6666666666666666,Light,45.36666666666667,,28.625,False,False,False,NONE
2025-04-22,0.5,Fair,0.13333333333333333,,28.375,False,False,False,NONE
2025-04-23,0.5,Fair,8.133333333333335,30.5,28.375,False,False,False,NONE
2025-04-24,0.2,Fair,0.4,31.1,28.625,False,False,False,NONE
2025-04-25,0.5,Fair,12.575,33.5,28.75,False,False,False,NONE
2025-04-26,0.6,Light,36.875,31.0,29.0,False,False,False,NONE
2025-04-27,0.5,Fair,0.15000000000000002,33.1,29.0,False,False,False,NONE
2025-04-28,0.5,Fair,0.55,33.2,29.0,False,False,False,NONE
2025-04-29,0.5,Fair,28.5,33.4,28.875,False,False,False,NONE
2025-04-30,0.5,Fair,7.25,32.5,28.5,False,False,False,NONE
2025-05-01,1.1,Light,23.25,32.9,28.25,False,False,False,NONE
2025-05-02,0.5,Fair,0.0,31.6,28.25,False,False,False,NONE
2025-05-03,0.5,Fair,0.0,32.7,28.375,False,False,False,NONE
2025-05-04,0.5,Fair,7.2,31.5,28.625,False,False,False,NONE
2025-05-05,0.5,Fair,8.75,30.5,28.75,False,False,False,NONE
2025-05-06,0.0,Fair,0.0,33.3,28.625,False,False,True,WINDOW
2025-05-07,0.3,Fair,0.0,34.0,28.5,False,False,False,NONE
2025-05-08,0.3,Fair,6.35,33.4,28.5,False,False,False,NONE
2025-05-09,0.6,Light,0.0,32.5,28.25,False,False,False,NONE
2025-05-10,0.3,Fair,0.39999999999999997,33.9,28.5,False,False,False,NONE
2025-05-11,0.5,Fair,19.049999999999997,32.2,28.5,False,False,False,NONE
2025-05-12,0.3,Fair,0.0,33.0,28.625,False,False,False,NONE
2025-05-13,0.3,Fair,0.15000000000000002,32.6,28.5,False,False,False,NONE
2025-05-14,1.0,Light,31.875,29.8,28.75,False,False,False,NONE
2025-05-15,0.5,Fair,1.25,30.9,28.5,False,False,False,NONE
2025-05-16,0.5,Fair,0.0,33.5,28.75,False,False,False,NONE
2025-05-17,0.3,Fair,8.1,33.2,28.25,False,False,False,NONE
2025-05-18,1.0,Light,34.8,31.4,28.5,False,False,False,NONE
2025-05-19,0.3,Fair,4.3,31.2,28.5,False,False,False,NONE
2025-05-20,1.0,Light,0.19999999999999998,32.3,29.5,False,False,False,NONE
2025-05-21,0.3,Fair,0.3,33.5,29.75,False,True,False,PREEMPT
2025-05-22,0.4,Fair,0.0,32.3,30.625,False,False,False,NONE
2025-05-23,0.45,Fair,0.15000000000000002,33.3,30.5,False,True,False,PREEMPT
2025-05-24,0.0,Fair,0.0,34.1,30.5,False,True,True,PREEMPT
2025-05-25,0.0,Fair,0.0,35.1,30.0,False,True,True,PREEMPT
2025-05-26,0.2,Fair,0.0,33.9,29.75,False,True,False,PREEMPT
2025-05-27,0.2,Fair,1.0,33.7,29.375,False,True,False,PREEMPT
2025-05-28,0.3,Fair,,33.6,29.5,False,True,False,PREEMPT
2025-05-29,0.3,Fair,6.95,29.3,29.375,False,False,False,NONE
2025-05-30,0.4,Fair,0.05,32.3,29.625,False,False,False,NONE
2025-05-31,0.2,Fair,5.8,33.7,29.375,False,True,False,PREEMPT
2025-06-01,0.0,Fair,0.0,34.5,29.375,False,True,True,PREEMPT
2025-06-02,0.0,Fair,0.0,32.61,29.0,False,False,True,WINDOW
2025-06-03,0.3,Fair,12.666666666666666,31.02,29.625,False,False,False,NONE
2025-06-04,1.0,Light,0.18333333333333335,31.53,28.5,False,False,False,NONE
2025-06-05,0.5,Fair,5.799999999999999,30.53,28.5,False,False,False,NONE
2025-06-06,0.5,Fair,1.2000000000000002,30.14,28.5,False,False,False,NONE
2025-06-07,0.2,Fair,0.0,32.3,28.75,False,False,False,NONE
2025-06-08,0.5,Fair,11.333333333333334,31.72,29.0,False,False,False,NONE
2025-06-09,0.5,Fair,2.4,30.9,29.875,False,False,False,NONE
2025-06-10,0.5,Fair,13.533333333333331,29.96,30.5,False,False,False,NONE
2025-06-11,0.0,Fair,0.06666666666666667,31.6,30.25,False,False,True,WINDOW
2025-06-12,0.0,Fair,0.0,32.12,30.0,False,True,True,PREEMPT
2025-06-13,0.2,Fair,0.15000000000000002,32.35,30.0,False,True,False,PREEMPT
2025-06-14,0.2,Fair,0.25,32.29,29.75,False,True,False,PREEMPT
2025-06-15,0.5,Fair,0.0,32.93,29.875,False,True,False,PREEMPT
2025-06-16,0.6,Light,16.450000000000003,32.18,30.0,False,True,False,PREEMPT
2025-06-17,0.5,Fair,24.65,30.78,30.375,False,False,False,NONE
2025-06-18,0.3,Fair,0.0,30.42,30.375,False,False,False,NONE
2025-06-19,0.2,Fair,0.0,31.83,30.375,False,True,False,PREEMPT
2025-06-20,0.0,Fair,5.05,30.11,30.375,False,False,True,WINDOW
2025-06-21,0.0,Fair,0.0,31.34,30.25,False,False,True,WINDOW
2025-06-22,0.0,Fair,0.0,32.77,30.25,False,True,True,PREEMPT
2025-06-23,0.5,Fair,4.95,29.59,30.0,False,False,False,NONE
2025-06-24,0.3,Fair,0.0,31.79,29.625,False,False,False,NONE
2025-06-25,0.0,Fair,0.0,31.84,29.75,False,True,True,PREEMPT
2025-06-26,0.0,Fair,0.0,32.34,29.625,False,True,True,PREEMPT
2025-06-27,0.0,Fair,0.0,32.44,29.875,False,True,True,PREEMPT
2025-06-28,1.0,Light,59.150000000000006,31.2,30.125,False,False,False,NONE
2025-06-29,0.1,Fair,1.0166666666666666,31.8,29.75,True,True,True,REACT
2025-06-30,0.0,Fair,0.05,31.46,29.5,False,False,True,WINDOW
2025-07-01,0.0,Fair,0.0,32.08,29.0,False,False,True,WINDOW
2025-07-02,1.0,Light,44.075,29.39,29.0,False,False,False,NONE
2025-07-03,0.5,Fair,1.7,32.11,29.0,False,False,False,NONE
2025-07-04,0.6,Light,26.95,31.46,29.125,False,False,False,NONE
2025-07-05,0.2,Fair,0.05,30.86,29.0,False,False,False,NONE
2025-07-06,0.0,Fair,0.0,32.25,29.0,False,False,True,WINDOW
2025-07-07,1.0,Light,0.0,31.19,28.75,False,False,False,NONE
2025-07-08,0.4,Fair,0.05,31.33,28.75,False,False,False,NONE
2025-07-09,0.5,Fair,23.0,30.69,28.75,False,False,False,NONE
2025-07-10,0.6,Light,0.0,31.09,28.875,False,False,False,NONE
2025-07-11,0.5,Fair,1.2500000000000002,30.54,28.875,False,False,False,NONE
2025-07-12,1.0,Light,16.375,28.64,28.625,False,False,False,NONE
2025-07-13,0.5,Fair,10.55,31.12,29.25,False,False,False,NONE
2025-07-14,1.0,Light,4.5,29.47,29.75,False,False,False,NONE
2025-07-15,0.0,Fair,0.0,30.11,29.875,False,False,True,WINDOW
2025-07-16,0.0,Fair,0.0,32.22,30.0,False,True,True,PREEMPT
2025-07-17,0.0,Fair,0.0,32.42,30.375,False,True,True,PREEMPT
2025-07-18,0.0,Fair,0.0,32.56,30.5,False,True,True,PREEMPT
2025-07-19,0.0,Fair,0.0,31.77,30.5,False,False,True,WINDOW
2025-07-20,0.15,Fair,,31.54,,False,False,False,NONE
2025-07-21,0.0,Fair,26.55,30.73,30.125,False,False,True,WINDOW
2025-07-22,0.4,Fair,0.05,31.5,30.0,False,False,False,NONE
2025-07-23,0.3,Fair,1.65,31.05,29.5,False,False,False,NONE
2025-07-24,0.3,Fair,0.0,32.3,29.25,False,True,False,PREEMPT
2025-07-25,0.3,Fair,6.75,31.55,29.375,False,False,False,NONE
2025-07-26,0.5,Fair,3.4999999999999996,29.46,29.0,False,False,False,NONE
2025-07-27,0.5,Fair,0.0,32.17,29.0,False,False,False,NONE
2025-07-28,0.3,Fair,0.0,32.41,29.0,False,False,False,NONE
2025-07-29,0.0,Fair,0.0,32.24,29.5,False,True,True,PREEMPT
2025-07-30,0.6,Light,9.5,32.08,29.5,False,True,False,PREEMPT
2025-07-31,0.3,Fair,0.0,31.55,29.0,False,False,False,NONE
2025-08-01,0.4,Fair,0.1,31.75,28.25,False,False,False,NONE
2025-08-02,0.85,Light,2.25,33.18,28.25,False,False,False,NONE
2025-08-03,0.2,Fair,12.25,29.56,28.0,False,False,False,NONE
2025-08-04,1.0,Light,9.6,29.5,28.75,False,False,False,NONE
2025-08-05,0.25,Fair,12.35,30.39,29.25,False,False,False,NONE
2025-08-06,0.4,Fair,5.675,31.84,29.125,False,True,False,PREEMPT
2025-08-07,0.4,Fair,0.0,32.34,28.75,False,False,False,NONE
2025-08-08,0.4,Fair,0.0,32.5,28.375,False,False,False,NONE
2025-08-09,0.3,Fair,8.049999999999999,31.87,28.125,False,False,False,NONE
2025-08-10,1.0,Light,12.100000000000003,31.32,28.0,False,False,False,NONE
2025-08-11,0.5,Fair,6.65,27.39,28.0,False,False,False,NONE
2025-08-12,0.15,Fair,0.05,31.45,28.0,False,False,False,NONE
2025-08-13,1.5,Thundery,15.45,30.22,28.0,False,False,False,NONE
2025-08-14,0.0,Fair,0.0,30.13,28.0,False,False,True,WINDOW
2025-08-15,1.0,Light,15.4,28.22,28.25,False,False,False,NONE
2025-08-16,0.3,Fair,0.0,30.68,28.5,False,False,False,NONE
2025-08-17,0.6,Light,5.2,31.75,28.75,False,False,False,NONE
2025-08-18,0.3,Fair,7.55,29.82,29.125,False,False,False,NONE
2025-08-19,0.5,Fair,4.1,30.79,29.375,False,False,False,NONE
2025-08-20,0.3,Fair,0.0,29.98,29.0,False,False,False,NONE
2025-08-21,0.0,Fair,12.225000000000001,30.58,28.5,False,False,True,WINDOW
2025-08-22,0.2,Fair,0.0,32.43,28.125,False,False,False,NONE
2025-08-23,0.5,Fair,1.55,30.28,28.0,False,False,False,NONE
2025-08-24,1.0,Light,4.05,28.12,28.0,False,False,False,NONE
2025-08-25,0.0,Fair,0.0,31.27,28.25,False,False,True,WINDOW
2025-08-26,0.5,Fair,0.0,31.53,28.5,False,False,False,NONE
2025-08-27,0.0,Fair,0.0,31.32,28.25,False,False,True,WINDOW
2025-08-28,1.0,Light,3.6999999999999997,31.13,28.0,False,False,False,NONE
2025-08-29,0.0,Fair,0.0,31.63,27.75,False,False,True,WINDOW
2025-08-30,1.0,Light,8.3,29.95,27.5,False,False,False,NONE
2025-08-31,0.0,Fair,1.55,30.98,27.75,False,False,True,WINDOW
2025-09-01,0.5,Fair,15.0,28.02,27.75,False,False,False,NONE
2025-09-02,0.5,Fair,0.1,27.59,27.5,False,False,False,NONE
2025-09-03,0.3,Fair,0.0,31.12,27.375,False,False,False,NONE
2025-09-04,1.5,Thundery,0.25,28.84,27.125,False,False,False,NONE
2025-09-05,0.5,Fair,42.775000000000006,29.05,27.25,False,False,False,NONE
2025-09-06,0.0,Fair,0.0,31.76,27.375,False,False,True,WINDOW
2025-09-07,1.0,Light,39.24166666666667,28.32,27.75,False,False,False,NONE
2025-09-08,1.0,Light,3.775,30.22,28.25,False,False,False,NONE
2025-09-09,0.5,Fair,4.1,28.47,28.75,False,False,False,NONE
2025-09-10,0.5,Fair,5.0,30.91,28.0,False,False,False,NONE
2025-09-11,1.0,Light,53.225,29.31,28.125,False,False,False,NONE
2025-09-12,0.5,Fair,0.0,29.38,27.875,True,False,False,REACT
2025-09-13,0.75,Light,5.1,27.65,27.375,False,False,False,NONE
2025-09-14,0.25,Fair,0.0,31.15,27.25,False,False,False,NONE
2025-09-15,1.0,Light,11.249999999999998,28.3,27.75,False,False,False,NONE
2025-09-16,0.0,Fair,0.0,29.94,27.625,False,False,True,WINDOW
2025-09-17,1.15,Light,1.1,27.99,28.125,False,False,False,NONE
2025-09-18,0.0,Fair,0.0,30.92,27.875,False,False,True,WINDOW
2025-09-19,0.2,Fair,9.0,31.45,29.0,False,False,False,NONE
2025-09-20,0.5,Fair,3.7499999999999996,30.82,29.25,False,False,False,NONE
2025-09-21,0.3,Fair,5.9,31.35,29.375,False,False,False,NONE
2025-09-22,0.2,Fair,6.55,31.5,29.0,False,False,False,NONE
2025-09-23,0.0,Fair,0.0,32.4,29.75,False,True,True,PREEMPT
2025-09-24,0.0,Fair,2.2,31.74,29.375,False,False,True,WINDOW
2025-09-25,1.0,Light,0.0,32.07,28.875,False,False,False,NONE
2025-09-26,0.25,Fair,0.0,32.22,28.5,False,False,False,NONE
2025-09-27,0.5,Fair,1.8,31.95,28.25,False,False,False,NONE
2025-09-28,0.5,Fair,0.05,30.91,28.25,False,False,False,NONE
2025-09-29,0.0,Fair,0.0,30.87,28.25,False,False,True,WINDOW
2025-09-30,0.0,Fair,12.125000000000002,31.63,28.25,False,False,True,WINDOW
2025-10-01,0.5,Fair,9.45,30.82,28.125,False,False,False,NONE
2025-10-02,0.5,Fair,5.466666666666666,31.28,28.75,False,False,False,NONE
2025-10-03,0.5,Fair,3.266666666666667,30.43,28.75,False,False,False,NONE
2025-10-04,0.5,Fair,0.7333333333333333,31.06,28.5,False,False,False,NONE
2025-10-05,0.2,Fair,0.0,32.66,28.5,False,False,False,NONE
2025-10-06,1.0,Light,17.8,30.1,29.0,False,False,False,NONE
2025-10-07,0.8,Light,1.1,29.51,28.75,False,False,False,NONE
2025-10-08,0.2,Fair,0.0,31.13,28.5,False,False,False,NONE
2025-10-09,1.0,Light,10.399999999999999,29.08,28.75,False,False,False,NONE
2025-10-10,0.4,Fair,0.0,31.67,28.75,False,False,False,NONE
2025-10-11,1.0,Light,0.2,31.84,29.0,False,False,False,NONE
2025-10-12,0.5,Fair,6.6,29.53,28.875,False,False,False,NONE
2025-10-13,0.55,Light,14.2,31.43,28.75,False,False,False,NONE
2025-10-14,0.5,Fair,2.0,31.64,28.875,False,False,False,NONE
2025-10-15,0.3,Fair,4.699999999999999,30.86,29.0,False,False,False,NONE
2025-10-16,0.75,Light,14.6,31.76,29.0,False,False,False,NONE
2025-10-17,0.5,Fair,0.4,30.62,29.0,False,False,False,NONE
2025-10-18,0.5,Fair,5.5,32.3,28.5,False,False,False,NONE
2025-10-19,0.6,Light,2.3000000000000003,31.3,28.5,False,False,False,NONE
2025-10-20,0.55,Light,0.0,31.01,28.375,False,False,False,NONE
2025-10-21,0.3,Fair,0.0,30.63,28.25,False,False,False,NONE
2025-10-22,1.5,Thundery,13.4,29.65,28.75,False,False,False,NONE
2025-10-23,0.0,Fair,0.0,31.45,28.25,False,False,True,WINDOW
2025-10-24,0.5,Fair,13.700000000000001,32.06,28.75,False,False,False,NONE
2025-10-25,0.75,Light,0.30000000000000004,31.52,29.0,False,False,False,NONE
2025-10-26,0.0,Fair,0.0,33.22,29.0,False,False,True,WINDOW
2025-10-27,0.5,Fair,4.1,30.83,29.25,False,False,False,NONE
2025-10-28,0.0,Fair,0.0,33.14,29.25,False,True,True,PREEMPT
2025-10-29,0.0,Fair,0.0,32.28,29.25,False,True,True,PREEMPT
2025-10-30,0.0,Fair,0.0,33.22,29.5,False,True,True,PREEMPT
2025-10-31,0.4,Fair,0.0,32.33,29.5,False,True,False,PREEMPT
2025-11-01,0.5,Fair,0.2,32.98,29.5,False,True,False,PREEMPT
2025-11-02,0.5,Fair,11.45,31.32,29.125,False,False,False,NONE
2025-11-03,0.5,Fair,12.649999999999999,30.66,29.125,False,False,False,NONE
2025-11-04,0.5,Fair,0.06666666666666667,31.19,28.375,False,False,False,NONE
2025-11-05,0.5,Fair,0.0,31.76,28.625,False,False,False,NONE
2025-11-06,0.4,Fair,0.0,32.7,28.5,False,False,False,NONE
2025-11-07,0.05,Fair,0.6666666666666666,32.9,29.5,False,True,True,PREEMPT
2025-11-08,0.2,Fair,0.0,32.95,29.375,False,True,False,PREEMPT
2025-11-09,0.3,Fair,0.0,31.37,29.125,False,False,False,NONE
2025-11-10,1.0,Light,19.733333333333334,31.62,28.875,False,False,False,NONE
2025-11-11,0.3,Fair,0.6666666666666666,32.16,28.875,False,False,False,NONE
2025-11-12,0.65,Light,1.4666666666666668,29.85,29.0,False,False,False,NONE
2025-11-13,0.5,Fair,4.733333333333333,29.55,29.0,False,False,False,NONE
2025-11-14,0.5,Fair,1.6,31.45,28.375,False,False,False,NONE
2025-11-15,0.5,Fair,2.8666666666666663,31.18,28.375,False,False,False,NONE
2025-11-16,0.95,Light,31.16666666666667,29.69,28.5,False,False,False,NONE
2025-11-17,0.5,Fair,8.133333333333333,30.26,28.5,False,False,False,NONE
2025-11-18,0.5,Fair,0.0,30.78,28.5,False,False,False,NONE
2025-11-19,0.8,Light,3.0666666666666664,31.11,28.5,False,False,False,NONE
2025-11-20,0.75,Light,0.4,30.44,28.375,False,False,False,NONE
2025-11-21,0.2,Fair,0.3333333333333333,30.72,28.25,False,False,False,NONE
2025-11-22,0.55,Light,18.0,31.15,28.125,False,False,False,NONE
2025-11-23,0.75,Light,10.466666666666665,32.32,28.125,False,False,False,NONE
2025-11-24,0.25,Fair,0.5333333333333334,31.28,28.375,False,False,False,NONE
2025-11-25,0.5,Fair,3.8666666666666667,30.26,28.375,False,False,False,NONE
2025-11-26,0.0,Fair,0.0,31.84,28.25,False,False,True,WINDOW
2025-11-27,1.2,Light,24.466666666666665,30.71,28.0,False,False,False,NONE
2025-11-28,0.0,Fair,16.3,28.65,28.25,False,False,True,WINDOW
2025-11-29,0.45,Fair,0.0,31.95,28.5,False,False,False,NONE
2025-11-30,0.2,Fair,0.0,31.01,28.75,False,False,False,NONE
2025-12-01,0.3,Fair,19.266666666666666,31.41,29.0,False,False,False,NONE
2025-12-02,0.5,Fair,28.53333333333333,27.48,29.0,False,False,False,NONE
2025-12-03,0.6,Light,10.4,31.75,28.75,False,False,False,NONE
2025-12-04,0.5,Fair,11.066666666666666,30.43,28.625,False,False,False,NONE
2025-12-05,1.0,Light,14.4,31.73,28.625,False,False,False,NONE
2025-12-06,0.5,Fair,1.1333333333333333,30.11,28.75,False,False,False,NONE
2025-12-07,0.0,Fair,0.0,31.26,28.5,False,False,True,WINDOW
2025-12-08,0.0,Fair,0.0,29.68,28.75,False,False,True,WINDOW
2025-12-09,0.25,Fair,0.6666666666666666,30.48,28.875,False,False,False,NONE
2025-12-10,0.5,Fair,53.63333333333334,30.76,28.75,False,False,False,NONE
2025-12-11,0.5,Fair,0.0,29.69,28.375,True,False,False,REACT
2025-12-12,0.5,Fair,94.86666666666667,31.54,28.375,False,False,False,NONE
2025-12-13,0.55,Light,20.333333333333332,29.49,28.25,True,False,False,REACT
2025-12-14,1.0,Light,40.233333333333334,30.06,28.375,False,False,False,NONE
2025-12-15,0.75,Light,8.333333333333334,26.18,28.75,False,False,False,NONE
2025-12-16,1.0,Light,10.533333333333333,28.25,28.5,False,False,False,NONE
2025-12-17,1.25,Light,4.533333333333333,27.44,28.375,False,False,False,NONE
2025-12-18,0.5,Fair,0.06666666666666667,29.41,28.5,False,False,False,NONE
2025-12-19,0.3,Fair,0.4,28.79,28.5,False,False,False,NONE
2025-12-20,0.3,Fair,0.7999999999999999,31.18,28.5,False,False,False,NONE
2025-12-21,0.3,Fair,0.0,32.16,28.5,False,False,False,NONE
2025-12-22,0.0,Fair,0.13333333333333333,31.91,28.875,False,False,True,WINDOW
2025-12-23,0.25,Fair,0.0,32.58,28.5,False,False,False,NONE
2025-12-24,0.6,Light,0.0,32.48,28.125,False,False,False,NONE
2025-12-25,1.0,Light,0.0,31.56,28.0,False,False,False,NONE
2025-12-26,1.3,Light,25.466666666666665,31.1,28.375,False,False,False,NONE
2025-12-27,1.0,Light,0.06666666666666667,29.87,28.25,False,False,False,NONE
2025-12-28,0.5,Fair,24.0,29.65,28.625,False,False,False,NONE
2025-12-29,0.65,Light,22.333333333333332,29.83,28.75,False,False,False,NONE
2025-12-30,0.25,Fair,0.0,31.19,28.75,False,False,False,NONE
2025-12-31,0.3,Fair,0.0,30.47,29.375,False,False,False,NONE
2026-01-01,2.0,Thundery,0.0,30.15,28.875,False,False,False,NONE
2026-01-02,0.25,Fair,1.9000000000000004,29.38,28.875,False,False,False,NONE
2026-01-03,0.0,Fair,0.0,29.41,28.5,False,False,True,WINDOW
2026-01-04,0.0,Fair,0.0,30.35,28.25,False,False,True,WINDOW
2026-01-05,0.3,Fair,0.0,30.71,28.125,False,False,False,NONE
2026-01-06,0.1,Fair,1.5500000000000003,28.77,28.375,False,False,True,WINDOW
2026-01-07,1.05,Light,9.9,28.9,28.375,False,False,False,NONE
2026-01-08,0.5,Fair,3.15,28.94,28.625,False,False,False,NONE
2026-01-09,0.0,Fair,0.05,28.21,29.0,False,False,True,WINDOW
2026-01-10,0.0,Fair,0.0,29.81,28.5,False,False,True,WINDOW
2026-01-11,0.0,Fair,0.0,29.41,28.5,False,False,True,WINDOW
2026-01-12,0.0,Fair,0.0,30.18,28.5,False,False,True,WINDOW
2026-01-13,0.15,Fair,0.0,30.84,28.5,False,False,False,NONE
2026-01-14,1.0,Light,12.225,29.95,28.5,False,False,False,NONE
2026-01-15,1.0,Light,0.0,30.09,28.5,False,False,False,NONE
2026-01-16,0.1,Fair,11.15,30.45,28.5,False,False,True,WINDOW
2026-01-17,0.6,Light,2.1,30.09,28.5,False,False,False,NONE
2026-01-18,0.3,Fair,0.0,30.99,28.5,False,False,False,NONE
2026-01-19,0.0,Fair,0.0,30.44,28.5,False,False,True,WINDOW
2026-01-20,0.0,Fair,5.649999999999999,30.48,28.5,False,False,True,WINDOW
2026-01-21,0.0,Fair,0.0,30.27,28.5,False,False,True,WINDOW
2026-01-22,0.0,Fair,0.0,30.69,28.5,False,False,True,WINDOW
2026-01-23,0.0,Fair,0.0,30.57,28.5,False,False,True,WINDOW
2026-01-24,0.0,Fair,0.0,31.42,28.5,False,False,True,WINDOW
2026-01-25,0.15,Fair,0.0,30.16,28.5,False,False,False,NONE
2026-01-26,0.0,Fair,0.0,30.87,28.5,False,False,True,WINDOW
2026-01-27,0.0,Fair,0.0,30.07,28.5,False,False,True,WINDOW
2026-01-28,0.1,Fair,0.0,29.9,28.5,False,False,True,WINDOW
2026-01-29,0.2,Fair,0.1,29.81,28.5,False,False,False,NONE
2026-01-30,0.1,Fair,0.0,30.54,28.5,False,False,True,WINDOW
2026-01-31,0.0,Fair,0.0,31.16,28.625,False,False,True,WINDOW
2026-02-01,0.25,Fair,0.0,31.29,28.5,False,False,False,NONE
2026-02-02,0.0,Fair,0.0,30.49,28.375,False,False,True,WINDOW
2026-02-03,0.0,Fair,0.0,30.99,28.5,False,False,True,WINDOW
2026-02-04,0.3,Fair,0.15,32.35,28.5,False,False,False,NONE
2026-02-05,0.3,Fair,17.475,31.31,28.75,False,False,False,NONE
2026-02-06,0.5,Fair,9.850000000000001,30.93,28.75,False,False,False,NONE
2026-02-07,0.3,Fair,0.35,29.75,28.75,False,False,False,NONE
2026-02-08,0.3,Fair,0.0,30.82,28.875,False,False,False,NONE
2026-02-09,0.0,Fair,0.0,30.8,28.875,False,False,True,WINDOW
2026-02-10,0.0,Fair,0.0,31.51,28.75,False,False,True,WINDOW
2026-02-11,0.3,Fair,0.05,30.89,28.5,False,False,False,NONE
2026-02-12,0.3,Fair,0.0,30.34,28.125,False,False,False,NONE
2026-02-13,0.3,Fair,0.0,30.68,28.0,False,False,False,NONE
2026-02-14,0.2,Fair,15.875,31.93,28.25,False,False,False,NONE
2026-02-15,1.0,Light,0.2,30.36,28.375,False,False,False,NONE
2026-02-16,1.25,Light,7.250000000000001,29.73,28.5,False,False,False,NONE
2026-02-17,0.5,Fair,59.800000000000004,26.13,28.5,False,False,False,NONE
2026-02-18,0.5,Fair,34.800000000000004,28.29,28.625,True,False,False,REACT
2026-02-19,0.5,Fair,37.325,27.27,28.75,False,False,False,NONE
2026-02-20,0.0,Fair,0.0,28.67,28.875,False,False,True,WINDOW
2026-02-21,0.3,Fair,0.9500000000000001,30.66,28.5,False,False,False,NONE
2026-02-22,0.3,Fair,0.0,31.76,28.5,False,False,False,NONE
2026-02-23,0.3,Fair,0.0,31.43,29.0,False,False,False,NONE
2026-02-24,0.5,Fair,12.049999999999999,31.31,29.0,False,False,False,NONE
2026-02-25,0.5,Fair,20.0,31.47,29.0,False,False,False,NONE
2026-02-26,0.2,Fair,0.4,30.47,29.0,False,False,False,NONE
2026-02-27,1.2,Light,2.5500000000000003,31.07,29.0,False,False,False,NONE
2026-02-28,0.3,Fair,0.0,31.43,29.0,False,False,False,NONE
2026-03-01,0.3,Fair,0.0,31.41,29.125,False,False,False,NONE
2026-03-02,1.0,Light,10.999999999999998,31.0,29.0,False,False,False,NONE
2026-03-03,0.5,Fair,14.649999999999999,31.42,28.75,False,False,False,NONE
2026-03-04,0.8,Light,0.25,30.23,28.875,False,False,False,NONE
2026-03-05,0.3,Fair,4.95,31.51,28.75,False,False,False,NONE
2026-03-06,0.2,Fair,0.25,31.44,28.875,False,False,False,NONE
2026-03-07,0.3,Fair,1.4000000000000001,31.21,28.875,False,False,False,NONE
2026-03-08,0.0,Fair,0.0,31.79,29.0,False,False,True,WINDOW
2026-03-09,0.0,Fair,0.0,31.66,28.875,False,False,True,WINDOW
2026-03-10,0.0,Fair,0.0,32.05,28.75,False,False,True,WINDOW
2026-03-11,0.0,Fair,0.0,32.37,28.625,False,False,True,WINDOW
2026-03-12,0.3,Fair,0.0,31.53,28.5,False,False,False,NONE
2026-03-13,0.5,Fair,0.0,31.58,28.5,False,False,False,NONE
2026-03-14,0.45,Fair,0.0,31.65,28.5,False,False,False,NONE
2026-03-15,0.25,Fair,21.2,29.35,28.625,False,False,False,NONE
2026-03-16,0.2,Fair,0.7999999999999999,31.89,28.875,False,False,False,NONE
2026-03-17,0.2,Fair,0.0,31.51,29.5,False,False,False,NONE
2026-03-18,0.3,Fair,1.45,31.04,29.75,False,False,False,NONE
2026-03-19,0.3,Fair,1.8499999999999999,32.25,29.75,False,True,False,PREEMPT
2026-03-20,0.3,Fair,0.0,32.77,30.0,False,True,False,PREEMPT
2026-03-21,0.0,Fair,0.0,32.59,30.375,False,True,True,PREEMPT
2026-03-22,0.0,Fair,0.0,31.9,30.5,False,True,True,PREEMPT
2026-03-23,0.0,Fair,0.0,32.47,30.125,False,True,True,PREEMPT
2026-03-24,0.0,Fair,0.0,32.84,30.125,False,True,True,PREEMPT
2026-03-25,0.0,Fair,0.0,32.72,29.875,False,True,True,PREEMPT
2026-03-26,0.0,Fair,0.15,32.2,29.625,False,True,True,PREEMPT
2026-03-27,0.0,Fair,1.1,31.49,29.5,False,False,True,WINDOW
2026-03-28,0.15,Fair,0.0,30.59,29.5,False,False,False,NONE
2026-03-29,0.3,Fair,0.55,30.88,29.125,False,False,False,NONE
2026-03-30,0.3,Fair,0.8999999999999999,32.21,29.25,False,True,False,PREEMPT
2026-03-31,0.3,Fair,0.0,30.33,29.5,False,False,False,NONE
2026-04-01,0.3,Fair,0.0,31.69,29.5,False,False,False,NONE
2026-04-02,0.0,Fair,0.0,31.77,29.25,False,False,True,WINDOW
2026-04-03,0.1,Fair,0.05,32.43,28.75,False,False,True,WINDOW
2026-04-04,1.0,Light,4.25,31.39,29.0,False,False,False,NONE
2026-04-05,0.5,Fair,22.25,32.52,29.0,False,False,False,NONE
2026-04-06,1.0,Light,14.45,32.12,29.0,False,False,False,NONE
2026-04-07,0.75,Light,5.35,29.83,29.0,False,False,False,NONE
2026-04-08,0.5,Fair,0.0,32.14,28.875,False,False,False,NONE
2026-04-09,1.0,Light,0.0,30.41,29.0,False,False,False,NONE
2026-04-10,0.7,Light,0.8500000000000001,31.9,29.0,False,False,False,NONE
2026-04-11,0.3,Fair,6.7749999999999995,31.07,28.75,False,False,False,NONE
2026-04-12,0.6,Light,2.15,29.91,28.625,False,False,False,NONE
2026-04-13,0.3,Fair,0.0,32.95,28.25,False,False,False,NONE
2026-04-14,0.5,Fair,3.4999999999999996,32.31,28.375,False,False,False,NONE
2026-04-15,1.0,Light,1.2,30.66,29.0,False,False,False,NONE
2026-04-16,1.0,Light,0.0,32.37,28.875,False,False,False,NONE
2026-04-17,0.6,Light,6.2,31.26,29.0,False,False,False,NONE
2026-04-18,0.5,Fair,4.6,32.15,29.0,False,False,False,NONE
2026-04-19,0.5,Fair,25.400000000000002,31.2,29.0,False,False,False,NONE
2026-04-20,0.5,Fair,0.0,31.64,29.0,False,False,False,NONE
2026-04-21,0.3,Fair,29.9,29.92,29.0,False,False,False,NONE
2026-04-22,1.0,Light,0.0,31.22,29.0,False,False,False,NONE
2026-04-23,0.3,Fair,0.3,32.7,29.0,False,False,False,NONE
2026-04-24,0.3,Fair,6.550000000000001,32.45,29.5,False,True,False,PREEMPT
2026-04-25,0.65,Light,0.0,33.25,29.375,False,True,False,PREEMPT
2026-04-26,0.3,Fair,17.075,31.27,29.25,False,False,False,NONE
2026-04-27,0.3,Fair,21.575000000000003,31.13,29.0,False,False,False,NONE
2026-04-28,0.3,Fair,6.2,33.18,29.0,False,False,False,NONE
2026-04-29,0.5,Fair,0.05,32.24,29.0,False,False,False,NONE
2026-04-30,0.5,Fair,0.1,32.3,29.5,False,True,False,PREEMPT
2026-05-01,0.5,Fair,5.550000000000001,30.35,29.5,False,False,False,NONE
2026-05-02,0.5,Fair,0.30000000000000004,31.98,29.375,False,True,False,PREEMPT
2026-05-03,0.5,Fair,25.7,32.43,29.5,False,True,False,PREEMPT
2026-05-04,0.5,Fair,14.6,30.56,29.625,False,False,False,NONE
2026-05-05,0.3,Fair,31.75,32.1,29.0,False,False,False,NONE
2026-05-06,0.5,Fair,2.35,31.16,29.0,False,False,False,NONE
2026-05-07,0.3,Fair,17.775,32.04,29.125,False,True,False,PREEMPT
2026-05-08,0.5,Fair,3.95,30.01,29.0,False,False,False,NONE
2026-05-09,1.0,Light,0.1,31.15,28.75,False,False,False,NONE
2026-05-10,0.6,Light,3.15,31.88,28.75,False,False,False,NONE
2026-05-11,1.0,Light,0.15000000000000002,31.37,28.875,False,False,False,NONE
2026-05-12,0.3,Fair,31.150000000000002,30.79,29.0,False,False,False,NONE
2026-05-13,1.15,Light,8.15,29.43,29.25,False,False,False,NONE
2026-05-14,0.3,Fair,0.0,32.05,29.125,False,True,False,PREEMPT
2026-05-15,0.75,Light,5.1000000000000005,29.35,29.0,False,False,False,NONE
2026-05-16,0.2,Fair,37.825,27.32,29.125,False,False,False,NONE
2026-05-17,0.65,Light,0.05,31.95,29.0,False,False,False,NONE
2026-05-18,0.5,Fair,11.25,30.47,29.0,False,False,False,NONE
2026-05-19,0.5,Fair,0.1,32.36,28.75,False,False,False,NONE
2026-05-20,0.5,Fair,17.7,32.68,29.0,False,False,False,NONE
2026-05-21,0.25,Fair,2.6999999999999997,31.61,29.25,False,False,False,NONE
2026-05-22,0.3,Fair,0.0,32.31,29.0,False,False,False,NONE
2026-05-23,0.5,Fair,0.8,31.96,29.0,False,False,False,NONE
2026-05-24,0.5,Fair,24.15,32.39,29.375,False,True,False,PREEMPT
2026-05-25,0.5,Fair,5.55,31.24,29.25,False,False,False,NONE
2026-05-26,0.0,Fair,2.9000000000000004,31.8,29.375,False,True,True,PREEMPT
2026-05-27,2.0,Thundery,0.0,32.64,29.625,False,True,False,PREEMPT
2026-05-28,0.5,Fair,0.0,31.81,30.0,False,True,False,PREEMPT
2026-05-29,0.5,Fair,1.5,29.81,30.625,False,False,False,NONE
2026-05-30,0.5,Fair,16.349999999999998,31.3,30.625,False,False,False,NONE
2026-05-31,0.0,Fair,0.0,32.17,30.5,False,True,True,PREEMPT
2026-06-01,0.2,Fair,0.6,30.59,30.625,False,False,False,NONE
2026-06-02,0.0,Fair,0.0,32.56,30.625,False,True,True,PREEMPT
2026-06-03,0.15,Fair,4.1,32.07,30.0,False,True,False,PREEMPT
2026-06-04,0.0,Fair,0.0,32.89,29.375,False,True,True,PREEMPT
2026-06-05,0.0,Fair,0.3,32.73,29.125,False,True,True,PREEMPT
2026-06-06,0.3,Fair,0.0,33.02,29.25,False,True,False,PREEMPT
2026-06-07,0.75,Light,0.0,30.52,29.375,False,False,False,NONE
2026-06-08,0.3,Fair,17.05,31.81,29.875,False,True,False,PREEMPT
2026-06-09,1.0,Light,11.5,29.38,29.75,False,False,False,NONE
2026-06-10,0.85,Light,0.0,30.74,29.75,False,False,False,NONE
2026-06-11,0.0,Fair,29.35,28.69,29.75,False,False,True,WINDOW
2026-06-12,1.0,Light,12.950000000000001,29.47,29.5,False,False,False,NONE
2026-06-13,0.3,Fair,0.0,32.15,29.375,False,True,False,PREEMPT
2026-06-14,0.3,Fair,5.8,32.17,29.25,False,True,False,PREEMPT
2026-06-15,1.0,Light,8.1,31.09,29.25,False,False,False,NONE
2026-06-16,0.0,Fair,0.05,31.09,29.125,False,False,True,WINDOW
2026-06-17,0.5,Fair,56.50000000000001,30.58,29.125,False,False,False,NONE
2026-06-18,0.4,Fair,0.0,31.29,29.0,True,False,False,REACT
2026-06-19,0.5,Fair,8.749999999999998,31.76,28.875,False,False,False,NONE
2026-06-20,0.3,Fair,9.25,30.63,29.125,False,False,False,NONE
2026-06-21,0.75,Light,4.2,31.44,29.25,False,False,False,NONE
2026-06-22,1.25,Light,8.1,27.39,29.375,False,False,False,NONE
2026-06-23,0.6,Light,0.0,31.23,29.25,False,False,False,NONE
2026-06-24,1.0,Light,53.075,30.16,29.25,False,False,False,NONE
2026-06-25,0.3,Fair,0.0,30.85,29.375,True,False,False,REACT
2026-06-26,0.6,Light,2.95,31.7,29.125,False,False,False,NONE
2026-06-27,0.0,Fair,0.2,32.23,29.0,False,False,True,WINDOW
2026-06-28,0.3,Fair,0.0,32.27,29.25,False,True,False,PREEMPT
2026-06-29,1.0,Light,0.55,31.92,29.375,False,True,False,PREEMPT
2026-06-30,0.7,Light,0.1,28.74,29.625,False,False,False,NONE
2026-07-01,0.3,Fair,1.7000000000000002,30.94,29.75,False,False,False,NONE
2026-07-02,0.75,Light,26.075,29.94,29.875,False,False,False,NONE
2026-07-03,0.5,Fair,0.1,31.5,30.0,False,False,False,NONE
2026-07-04,0.3,Fair,0.0,32.24,29.5,False,True,False,PREEMPT
2026-07-05,0.5,Fair,12.725,31.53,29.5,False,False,False,NONE
2026-07-06,0.5,Fair,10.424999999999999,31.3,29.5,False,False,False,NONE
2026-07-07,0.3,Fair,21.65,31.36,29.5,False,False,False,NONE
2026-07-08,1.25,Light,32.349999999999994,31.06,29.75,False,False,False,NONE
2026-07-09,0.5,Fair,5.85,30.92,30.0,False,False,False,NONE
2026-07-10,0.0,Fair,0.0,31.56,29.875,False,False,True,WINDOW
2026-07-11,0.6,Light,12.250000000000002,30.34,29.875,False,False,False,NONE
2026-07-12,0.1,Fair,14.424999999999999,29.52,29.75,False,False,True,WINDOW
2026-07-13,0.0,Fair,0.0,30.81,29.625,False,False,True,WINDOW
2026-07-14,0.2,Fair,0.0,31.57,29.375,False,False,False,NONE
2026-07-15,0.6,Light,7.5,31.78,29.375,False,False,False,NONE
2026-07-16,0.3,Fair,0.0,32.1,29.25,False,True,False,PREEMPT
2026-07-17,0.6,Light,2.55,30.27,29.25,False,False,False,NONE
2026-07-18,0.2,Fair,0.65,31.76,29.25,False,False,False,NONE
2026-07-19,0.0,Fair,0.0,32.14,29.25,False,True,True,PREEMPT
2026-07-20,0.3,Fair,4.550000000000001,32.24,29.25,False,True,False,PREEMPT
2026-07-21,0.5,Fair,1.7,30.89,29.125,False,False,False,NONE
2026-07-22,1.1,Light,6.1000000000000005,29.67,29.0,False,False,False,NONE
2026-07-23,0.35,Fair,0.25,29.86,28.875,False,False,False,NONE
2026-07-24,0.3,Fair,0.0,31.54,28.5,False,False,False,NONE
2026-07-25,1.0,Light,21.000000000000004,29.52,28.875,False,False,False,NONE
2026-07-26,1.0,Light,3.5,29.79,29.25,False,False,False,NONE
2026-07-27,1.0,Light,0.0,31.27,29.625,False,False,False,NONE
2026-07-28,0.3,Fair,0.30000000000000004,31.37,29.625,False,False,False,NONE
2026-07-29,0.3,Fair,10.375,31.63,29.5,False,False,False,NONE
2026-07-30,1.0,Light,0.35,29.78,29.25,False,False,False,NONE
2026-07-31,0.2,Fair,0.0,31.77,29.25,False,False,False,NONE
2026-08-01,0.5,Fair,0.0,32.23,29.125,False,True,False,PREEMPT
2026-08-02,0.2,Fair,0.8,32.24,29.25,False,True,False,PREEMPT
2026-08-03,0.3,Fair,0.0,32.67,29.5,False,True,False,PREEMPT
2026-08-04,0.0,Fair,0.0,31.56,29.25,False,False,True,WINDOW
2026-08-05,0.3,Fair,0.0,32.2,29.75,False,True,False,PREEMPT
2026-08-06,1.0,Light,0.25,31.77,30.25,False,False,False,NONE
2026-08-07,0.0,Fair,0.2,32.11,30.375,False,True,True,PREEMPT
2026-08-08,0.0,Fair,0.0,31.83,31.0,False,True,True,PREEMPT
2026-08-09,0.0,Fair,0.0,31.96,31.0,False,True,True,PREEMPT
2026-08-10,0.0,Fair,0.0,31.45,30.375,False,False,True,WINDOW
2026-08-11,0.0,Fair,0.0,31.98,30.25,False,True,True,PREEMPT
2026-08-12,0.0,Fair,0.0,32.42,29.75,False,True,True,PREEMPT
2026-08-13,0.0,Fair,0.0,31.93,29.5,False,True,True,PREEMPT
2026-08-14,0.0,Fair,0.0,32.49,29.75,False,True,True,PREEMPT
2026-08-15,0.45,Fair,0.0,32.52,29.75,False,True,False,PREEMPT
2026-08-16,1.0,Light,13.649999999999999,32.43,29.625,False,True,False,PREEMPT
2026-08-17,0.2,Fair,0.0,32.27,29.625,False,True,False,PREEMPT
2026-08-18,0.0,Fair,0.0,32.58,30.0,False,True,True,PREEMPT
2026-08-19,0.6,Light,1.15,31.48,30.25,False,False,False,NONE
2026-08-20,0.0,Fair,,32.07,,False,False,True,WINDOW
