date,t_mean,t_max,t_min,rh_mean,rh_min,n_samples_t,n_samples_rh,stations_used,source
2020-02-01,28.32,31.0,26.0,73.51,59.8,16,16,2/2,cluster/cluster
2020-02-02,27.88,30.3,25.5,74.38,60.2,16,16,2/2,cluster/cluster
2020-02-03,28.14,32.2,24.9,69.32,52.0,16,16,2/2,cluster/cluster
2020-02-04,27.84,31.6,24.4,68.52,49.5,16,16,2/2,cluster/cluster
2020-02-05,28.07,32.1,24.5,68.98,48.6,16,16,2/2,cluster/cluster
2020-02-06,28.5,31.8,25.4,69.34,53.3,16,16,2/2,cluster/cluster
2020-02-07,28.27,31.7,25.2,69.03,53.6,16,16,2/2,cluster/cluster
2020-02-08,27.78,31.3,24.4,65.94,49.3,16,16,2/2,cluster/cluster
2020-02-09,26.32,29.0,24.6,83.23,73.2,16,16,2/2,cluster/cluster
2020-02-10,26.57,31.4,23.3,83.96,61.7,16,16,2/2,cluster/cluster
2020-02-11,26.94,28.7,24.8,85.76,72.0,16,16,2/2,cluster/cluster
2020-02-12,27.83,31.4,24.9,82.17,62.2,16,16,2/2,cluster/cluster
2020-02-13,28.71,32.2,25.7,75.72,59.3,16,16,2/2,cluster/cluster
2020-02-14,28.57,32.1,25.6,75.15,56.3,16,16,2/2,cluster/cluster
2020-02-15,28.93,33.5,24.9,71.12,44.2,16,16,2/2,cluster/cluster
2020-02-16,28.46,33.1,26.0,74.01,54.1,16,16,2/2,cluster/cluster
2020-02-17,28.79,32.8,25.5,69.34,46.7,16,16,2/2,cluster/cluster
2020-02-18,26.74,28.9,24.8,79.81,67.1,16,16,2/2,cluster/cluster
2020-02-19,28.07,31.8,25.6,73.06,56.8,18,18,2/2,cluster/cluster
2020-02-20,28.46,31.4,25.6,70.41,54.8,14,14,2/2,cluster/cluster
2020-02-21,26.48,28.9,24.3,85.24,72.3,16,16,2/2,cluster/cluster
2020-02-22,28.14,31.0,25.5,72.62,57.0,16,16,2/2,cluster/cluster
2020-02-23,27.96,30.6,25.2,72.83,60.0,16,16,2/2,cluster/cluster
2020-02-24,27.21,29.1,25.6,78.57,67.8,16,16,2/2,cluster/cluster
2020-02-25,28.31,31.8,25.2,72.26,57.1,16,16,2/2,cluster/cluster
2020-02-26,28.68,32.9,25.3,69.63,50.6,16,16,2/2,cluster/cluster
2020-02-27,28.81,32.7,25.3,69.83,52.4,16,16,2/2,cluster/cluster
2020-02-28,28.67,32.0,25.8,71.84,55.2,16,16,2/2,cluster/cluster
2020-02-29,28.59,32.5,25.0,69.25,51.6,16,16,2/2,cluster/cluster
2020-03-01,28.8,32.8,24.8,66.22,47.4,16,16,2/2,cluster/cluster
2020-03-02,28.8,32.4,24.9,68.76,51.1,16,16,2/2,cluster/cluster
2020-03-03,28.89,33.5,25.5,70.69,52.2,16,16,2/2,cluster/cluster
2020-03-04,29.04,32.8,26.0,72.31,52.8,16,16,2/2,cluster/cluster
2020-03-05,27.6,29.7,26.1,81.74,66.9,16,16,2/2,cluster/cluster
2020-03-06,27.94,31.0,25.4,80.21,63.8,16,16,2/2,cluster/cluster
2020-03-07,28.14,33.2,24.0,79.61,52.6,16,16,2/2,cluster/cluster
2020-03-08,28.44,32.8,25.4,78.84,54.6,16,16,2/2,cluster/cluster
2020-03-09,29.48,35.0,25.1,72.66,43.0,16,16,2/2,cluster/cluster
2020-03-10,30.11,34.3,26.4,70.81,51.3,16,16,2/2,cluster/cluster
2020-03-11,29.43,33.4,26.6,74.2,55.9,16,16,2/2,cluster/cluster
2020-03-12,29.09,32.8,25.6,73.06,54.6,16,16,2/2,cluster/cluster
2020-03-13,30.02,34.6,25.9,67.02,44.0,16,16,2/2,cluster/cluster
2020-03-14,29.61,33.6,26.6,71.61,52.1,16,16,2/2,cluster/cluster
2020-03-15,29.71,33.1,26.8,71.24,53.1,16,16,2/2,cluster/cluster
2020-03-16,29.11,32.9,26.7,73.18,54.7,16,16,2/2,cluster/cluster
2020-03-17,29.05,32.4,25.9,66.69,47.6,16,16,2/2,cluster/cluster
2020-03-18,28.55,32.7,24.8,73.03,55.4,16,16,2/2,cluster/cluster
2020-03-19,29.16,33.2,25.6,66.79,40.1,16,16,2/2,cluster/cluster
2020-03-20,28.83,32.0,26.2,68.82,54.9,16,16,2/2,cluster/cluster
2020-03-21,28.07,32.5,25.1,77.51,58.5,16,16,2/2,cluster/cluster
2020-03-22,27.79,32.8,23.0,80.95,53.2,16,16,2/2,cluster/cluster
2020-03-23,27.0,30.3,24.5,86.62,72.1,16,16,2/2,cluster/cluster
2020-03-24,28.61,32.7,24.5,75.11,53.2,16,16,2/2,cluster/cluster
2020-03-25,28.46,33.1,25.4,77.74,57.5,16,16,2/2,cluster/cluster
2020-03-26,29.46,33.4,26.2,73.46,55.9,16,16,2/2,cluster/cluster
2020-03-27,28.93,34.8,24.0,75.42,48.1,16,16,2/2,cluster/cluster
2020-03-28,29.43,34.1,25.3,73.21,50.2,16,16,2/2,cluster/cluster
2020-03-29,29.71,33.7,26.3,68.29,48.9,16,16,2/2,cluster/cluster
2020-03-30,29.66,34.4,25.9,67.92,50.3,16,16,2/2,cluster/cluster
2020-03-31,30.06,33.8,26.7,64.64,44.9,16,16,2/2,cluster/cluster
2020-04-01,29.84,34.4,25.9,68.42,47.2,16,16,2/2,cluster/cluster
2020-04-02,29.23,34.8,25.0,76.39,51.2,16,16,2/2,cluster/cluster
2020-04-03,27.73,33.0,24.3,82.55,60.5,16,16,2/2,cluster/cluster
2020-04-04,29.56,33.0,26.1,74.04,52.3,16,16,2/2,cluster/cluster
2020-04-05,28.69,33.3,25.5,78.61,54.4,16,16,2/2,cluster/cluster
2020-04-06,27.8,32.1,25.5,84.31,70.2,16,16,2/2,cluster/cluster
2020-04-07,27.62,31.5,23.5,80.33,57.7,16,16,2/2,cluster/cluster
2020-04-08,28.66,33.6,23.7,78.82,49.8,16,16,2/2,cluster/cluster
2020-04-09,29.26,33.9,25.0,72.84,45.5,16,16,2/2,cluster/cluster
2020-04-10,29.43,33.7,25.3,67.15,42.9,16,16,2/2,cluster/cluster
2020-04-11,29.06,32.4,26.4,73.97,56.8,16,16,2/2,cluster/cluster
2020-04-12,28.88,33.8,26.6,76.38,48.6,16,16,2/2,cluster/cluster
2020-04-13,28.39,32.9,23.1,82.7,59.9,16,16,2/2,cluster/cluster
2020-04-14,29.4,33.1,26.0,71.67,49.7,16,16,2/2,cluster/cluster
2020-04-15,29.76,32.5,26.6,68.91,54.2,16,16,2/2,cluster/cluster
2020-04-16,29.98,33.7,26.5,68.21,46.1,16,16,2/2,cluster/cluster
2020-04-17,29.89,33.5,26.1,69.33,52.2,16,16,2/2,cluster/cluster
2020-04-18,29.94,34.1,26.1,69.18,51.9,16,16,2/2,cluster/cluster
2020-04-19,30.67,35.0,26.9,64.53,39.6,16,16,2/2,cluster/cluster
2020-04-20,30.64,34.2,27.2,67.72,48.1,16,18,2/2,cluster/cluster
2020-04-21,28.36,33.1,23.9,80.24,55.3,16,14,2/2,cluster/cluster
2020-04-22,30.12,33.8,26.6,72.8,49.0,16,16,2/2,cluster/cluster
2020-04-23,27.96,31.2,25.8,83.39,70.3,16,16,2/2,cluster/cluster
2020-04-24,28.05,34.0,25.3,79.79,53.2,16,16,2/2,cluster/cluster
2020-04-25,27.29,31.8,25.4,86.42,61.8,16,16,2/2,cluster/cluster
2020-04-26,27.79,32.5,25.5,83.38,59.5,16,16,2/2,cluster/cluster
2020-04-27,27.38,30.4,25.2,82.83,71.0,16,16,2/2,cluster/cluster
2020-04-28,28.54,31.3,25.4,75.52,59.6,16,16,2/2,cluster/cluster
2020-04-29,29.46,33.4,25.8,72.67,52.9,16,16,2/2,cluster/cluster
2020-04-30,28.25,32.4,25.3,84.03,59.4,16,16,2/2,cluster/cluster
2020-05-01,27.06,30.9,24.8,87.85,72.4,16,16,2/2,cluster/cluster
2020-05-02,28.56,31.4,25.7,80.75,63.4,16,16,2/2,cluster/cluster
2020-05-03,28.84,33.3,25.3,78.37,58.2,16,16,2/2,cluster/cluster
2020-05-04,28.36,30.7,26.6,83.6,72.3,16,16,2/2,cluster/cluster
2020-05-05,28.93,34.1,25.4,77.94,49.8,16,16,2/2,cluster/cluster
2020-05-06,28.62,31.2,24.9,81.28,68.8,16,16,2/2,cluster/cluster
2020-05-07,30.47,34.0,27.0,72.64,50.9,16,16,2/2,cluster/cluster
2020-05-08,29.16,32.1,25.0,74.59,57.2,16,16,2/2,cluster/cluster
2020-05-09,31.03,34.1,27.8,67.82,47.9,16,16,2/2,cluster/cluster
2020-05-10,30.12,32.4,27.7,75.52,65.5,16,16,2/2,cluster/cluster
2020-05-11,29.26,32.1,27.3,81.13,65.4,16,16,2/2,cluster/cluster
2020-05-12,30.46,33.7,27.0,73.86,57.4,16,16,2/2,cluster/cluster
2020-05-13,27.95,29.9,24.3,80.58,62.7,16,16,2/2,cluster/cluster
2020-05-14,29.61,33.3,25.8,74.04,55.9,16,16,2/2,cluster/cluster
2020-05-15,30.12,33.1,26.6,73.73,57.9,16,16,2/2,cluster/cluster
2020-05-16,30.11,33.3,27.8,74.92,57.5,16,16,2/2,cluster/cluster
2020-05-17,29.45,32.5,26.9,81.86,58.5,16,18,2/2,cluster/cluster
2020-05-18,29.26,33.6,25.2,72.71,53.7,16,14,2/2,cluster/cluster
2020-05-19,30.59,33.6,27.4,73.47,51.7,16,16,2/2,cluster/cluster
2020-05-20,28.68,31.0,25.5,79.75,63.8,16,16,2/2,cluster/cluster
2020-05-21,29.52,34.7,26.3,76.37,50.7,16,16,2/2,cluster/cluster
2020-05-22,28.38,32.1,24.0,83.47,64.1,16,16,2/2,cluster/cluster
2020-05-23,27.31,30.5,25.3,84.43,64.4,16,16,2/2,cluster/cluster
2020-05-24,29.07,33.6,25.7,78.66,54.9,16,16,2/2,cluster/cluster
2020-05-25,29.69,33.5,26.4,78.17,59.7,16,16,2/2,cluster/cluster
2020-05-26,28.77,32.7,25.9,81.98,54.5,16,16,2/2,cluster/cluster
2020-05-27,28.16,30.5,26.1,83.79,65.5,16,16,2/2,cluster/cluster
2020-05-28,29.66,33.5,26.6,79.44,55.5,16,18,2/2,cluster/cluster
2020-05-29,27.49,31.9,25.7,85.96,70.0,16,14,2/2,cluster/cluster
2020-05-30,28.11,34.4,25.2,84.41,53.1,16,16,2/2,cluster/cluster
2020-05-31,28.84,33.5,25.1,77.17,55.7,16,16,2/2,cluster/cluster
2020-06-01,26.11,28.3,24.4,90.66,80.2,16,16,2/2,cluster/cluster
2020-06-02,29.16,34.9,24.4,76.07,45.6,16,16,2/2,cluster/cluster
2020-06-03,28.54,32.2,25.8,81.26,60.2,16,16,2/2,cluster/cluster
2020-06-04,28.96,33.8,24.7,77.56,53.3,18,18,2/2,cluster/cluster
2020-06-05,28.33,30.8,23.9,77.56,61.3,14,14,2/2,cluster/cluster
2020-06-06,27.03,29.5,24.3,86.05,71.9,16,16,2/2,cluster/cluster
2020-06-07,29.56,33.3,25.8,75.17,52.3,16,16,2/2,cluster/cluster
2020-06-08,30.09,32.0,26.8,74.73,64.1,22,22,2/2,cluster/cluster
2020-06-11,29.48,30.5,28.6,76.85,72.5,4,4,2/2,cluster/cluster
2020-06-12,28.67,30.4,26.7,81.34,67.2,16,16,2/2,cluster/cluster
2020-06-13,25.65,27.2,23.8,91.87,78.0,16,18,2/2,cluster/cluster
2020-06-14,28.24,32.1,24.5,79.83,60.9,16,14,2/2,cluster/cluster
2020-06-15,30.01,32.7,27.2,74.19,59.3,16,16,2/2,cluster/cluster
2020-06-16,28.28,30.6,25.9,84.39,66.4,16,16,2/2,cluster/cluster
2020-06-17,26.56,29.3,25.3,90.11,74.7,16,16,2/2,cluster/cluster
2020-06-18,27.6,30.0,25.1,82.15,65.5,16,16,2/2,cluster/cluster
2020-06-19,28.3,31.1,25.3,79.55,63.4,16,16,2/2,cluster/cluster
2020-06-20,25.84,28.4,24.0,92.81,80.9,16,16,2/2,cluster/cluster
2020-06-21,26.35,27.8,24.3,90.22,80.9,16,16,2/2,cluster/cluster
2020-06-22,27.02,28.4,25.3,86.63,72.5,16,16,2/2,cluster/cluster
2020-06-23,26.07,28.3,23.0,90.67,74.3,16,18,2/2,cluster/cluster
2020-06-24,26.54,27.4,25.1,87.37,76.8,16,14,2/2,cluster/cluster
2020-06-25,28.51,31.8,24.7,76.62,57.9,16,16,2/2,cluster/cluster
2020-06-26,29.04,32.0,26.0,75.92,60.3,16,16,2/2,cluster/cluster
2020-06-27,29.1,30.9,27.1,79.81,67.7,16,18,2/2,cluster/cluster
2020-06-28,29.32,32.6,27.5,74.15,59.1,16,14,2/2,cluster/cluster
2020-06-29,29.59,32.2,27.9,74.14,56.1,16,16,2/2,cluster/cluster
2020-06-30,29.96,32.7,27.2,70.31,53.3,16,16,2/2,cluster/cluster
2020-07-01,29.37,30.2,27.6,71.49,65.8,22,22,2/2,cluster/cluster
2020-07-02,29.1,29.2,29.0,74.5,72.8,2,2,2/2,cluster/cluster
2020-07-03,30.0,32.4,27.8,71.4,55.1,16,16,2/2,cluster/cluster
2020-07-04,28.79,31.7,23.7,76.35,58.0,16,16,2/2,cluster/cluster
2020-07-05,27.86,32.3,24.5,80.12,59.2,16,16,2/2,cluster/cluster
2020-07-06,28.01,31.5,24.8,80.19,57.5,16,16,2/2,cluster/cluster
2020-07-07,27.12,30.8,24.7,84.6,63.8,16,16,2/2,cluster/cluster
2020-07-08,27.11,29.7,24.7,84.29,68.4,16,16,2/2,cluster/cluster
2020-07-09,25.57,27.4,23.6,90.87,79.9,16,16,2/2,cluster/cluster
2020-07-10,27.94,31.5,24.9,75.72,55.5,16,16,2/2,cluster/cluster
2020-07-11,27.84,31.0,25.3,81.81,60.7,16,16,2/2,cluster/cluster
2020-07-12,28.22,30.5,25.4,80.33,64.8,16,16,2/2,cluster/cluster
2020-07-13,25.65,28.2,24.4,91.54,77.4,16,16,2/2,cluster/cluster
2020-07-14,27.02,29.4,24.8,83.03,69.6,16,16,2/2,cluster/cluster
2020-07-15,27.88,30.7,25.2,81.35,63.9,16,16,2/2,cluster/cluster
2020-07-16,28.49,32.3,25.5,78.76,49.9,16,16,2/2,cluster/cluster
2020-07-17,29.04,32.5,24.9,74.4,53.4,16,16,2/2,cluster/cluster
2020-07-18,28.16,30.5,25.7,79.97,65.1,16,16,2/2,cluster/cluster
2020-07-19,28.68,31.9,24.8,74.39,56.0,16,16,2/2,cluster/cluster
2020-07-20,29.6,32.6,26.1,71.13,52.1,16,16,2/2,cluster/cluster
2020-07-21,29.77,33.1,26.3,70.8,52.7,16,16,2/2,cluster/cluster
2020-07-22,26.78,30.4,23.2,86.98,69.8,16,16,2/2,cluster/cluster
2020-07-23,27.32,29.8,24.8,82.65,62.3,16,16,2/2,cluster/cluster
2020-07-24,27.09,29.8,23.5,85.34,64.7,16,16,2/2,cluster/cluster
2020-07-25,27.17,30.4,24.8,84.65,70.2,16,16,2/2,cluster/cluster
2020-07-26,27.22,29.8,25.0,84.54,62.4,16,16,2/2,cluster/cluster
2020-07-27,25.9,29.6,22.9,91.39,72.8,16,16,2/2,cluster/cluster
2020-07-28,27.88,30.7,24.7,79.84,61.0,16,16,2/2,cluster/cluster
2020-07-29,26.07,27.9,24.8,89.95,76.1,15,15,2/2,cluster/cluster
2020-07-30,28.29,31.6,25.1,79.61,56.8,16,16,2/2,cluster/cluster
2020-07-31,28.38,30.6,26.1,77.37,61.9,16,16,2/2,cluster/cluster
2020-08-01,28.53,31.2,25.3,76.87,58.7,16,16,2/2,cluster/cluster
2020-08-02,29.11,31.8,26.7,73.75,58.1,16,16,2/2,cluster/cluster
2020-08-03,29.79,32.7,26.4,68.45,50.2,16,16,2/2,cluster/cluster
2020-08-04,27.96,29.4,25.6,77.04,66.2,16,16,2/2,cluster/cluster
2020-08-05,29.29,32.4,26.4,73.71,57.5,16,16,2/2,cluster/cluster
2020-08-06,29.84,32.4,27.3,73.51,56.0,16,16,2/2,cluster/cluster
2020-08-07,30.12,33.5,26.3,72.27,52.7,16,16,2/2,cluster/cluster
2020-08-08,30.34,33.3,27.1,71.67,50.5,16,16,2/2,cluster/cluster
2020-08-09,30.61,34.6,27.5,71.23,45.1,16,16,2/2,cluster/cluster
2020-08-10,30.59,33.6,27.7,72.59,55.2,16,16,2/2,cluster/cluster
2020-08-11,30.12,33.1,28.0,73.71,54.5,16,16,2/2,cluster/cluster
2020-08-12,27.27,29.2,22.2,81.62,67.8,16,16,2/2,cluster/cluster
2020-08-13,28.38,31.9,24.4,72.46,46.6,16,16,2/2,cluster/cluster
2020-08-14,25.6,28.4,22.8,88.52,71.2,16,16,2/2,cluster/cluster
2020-08-15,27.42,32.5,24.5,83.28,53.3,16,16,2/2,cluster/cluster
2020-08-16,28.1,31.0,25.5,77.65,55.4,16,16,2/2,cluster/cluster
2020-08-17,28.07,31.7,24.4,78.06,53.0,16,16,2/2,cluster/cluster
2020-08-18,27.04,28.7,25.2,83.85,70.4,16,16,2/2,cluster/cluster
2020-08-19,27.97,31.7,24.8,79.69,58.2,16,16,2/2,cluster/cluster
2020-08-20,28.29,31.8,24.9,79.92,58.6,16,16,2/2,cluster/cluster
2020-08-21,29.82,32.7,27.0,70.21,51.0,16,16,2/2,cluster/cluster
2020-08-22,28.05,32.8,22.0,79.56,56.8,16,16,2/2,cluster/cluster
2020-08-23,24.75,26.9,23.2,93.54,81.1,16,16,2/2,cluster/cluster
2020-08-24,28.08,32.3,24.0,78.84,55.2,16,16,2/2,cluster/cluster
2020-08-25,27.82,30.7,25.7,80.06,66.1,18,18,2/2,cluster/cluster
2020-08-26,28.01,31.6,25.5,75.32,55.5,14,14,2/2,cluster/cluster
2020-08-27,28.18,30.7,24.9,75.81,59.3,16,16,2/2,cluster/cluster
2020-08-28,28.76,30.9,26.5,69.89,52.0,16,16,2/2,cluster/cluster
2020-08-29,27.47,29.6,26.0,82.42,74.4,16,16,2/2,cluster/cluster
2020-08-30,29.26,32.9,25.3,72.64,50.8,16,16,2/2,cluster/cluster
2020-08-31,29.64,32.8,26.8,71.01,51.3,16,16,2/2,cluster/cluster
2020-09-01,28.78,32.4,25.8,76.32,56.2,16,16,2/2,cluster/cluster
2020-09-02,28.19,30.3,26.1,79.11,63.6,16,16,2/2,cluster/cluster
2020-09-03,26.43,29.6,25.1,89.75,72.8,16,18,2/2,cluster/cluster
2020-09-04,27.43,29.6,25.2,83.86,69.8,16,14,2/2,cluster/cluster
2020-09-05,24.96,25.8,24.3,93.89,85.7,16,16,2/2,cluster/cluster
2020-09-06,26.88,30.7,23.6,84.38,63.4,16,16,2/2,cluster/cluster
2020-09-07,28.33,32.0,24.5,75.42,53.0,16,16,2/2,cluster/cluster
2020-09-08,28.44,31.1,25.6,77.1,60.7,16,16,2/2,cluster/cluster
2020-09-09,28.21,32.7,25.1,79.95,54.8,16,16,2/2,cluster/cluster
2020-09-10,26.68,28.7,24.6,85.96,66.8,16,18,2/2,cluster/cluster
2020-09-11,28.27,31.6,24.7,71.85,51.9,16,14,2/2,cluster/cluster
2020-09-12,25.74,28.0,24.1,91.91,80.3,16,16,2/2,cluster/cluster
2020-09-13,24.46,27.1,22.9,93.42,78.7,16,16,2/2,cluster/cluster
2020-09-14,25.07,29.3,23.1,92.46,71.3,16,16,2/2,cluster/cluster
2020-09-15,27.8,31.3,24.4,80.09,61.1,16,16,2/2,cluster/cluster
2020-09-16,26.76,29.5,21.7,78.28,58.2,16,16,2/2,cluster/cluster
2020-09-17,28.89,32.6,24.8,72.14,51.0,16,16,2/2,cluster/cluster
2020-09-18,29.3,32.5,25.6,71.2,53.6,16,16,2/2,cluster/cluster
2020-09-19,28.46,33.6,23.3,72.51,44.2,16,16,2/2,cluster/cluster
2020-09-20,28.6,31.9,27.0,78.66,59.1,16,16,2/2,cluster/cluster
2020-09-21,26.27,29.0,25.2,88.89,75.7,16,16,2/2,cluster/cluster
2020-09-22,27.74,31.6,24.8,79.96,58.1,16,16,2/2,cluster/cluster
2020-09-23,29.11,33.4,25.3,74.08,45.3,16,16,2/2,cluster/cluster
2020-09-24,28.62,32.0,24.2,75.61,54.8,16,16,2/2,cluster/cluster
2020-09-25,29.43,33.7,25.9,71.17,48.7,16,16,2/2,cluster/cluster
2020-09-26,26.04,28.5,23.2,85.28,65.5,16,16,2/2,cluster/cluster
2020-09-27,26.44,29.0,22.6,83.53,68.5,15,15,2/2,cluster/cluster
2020-09-28,28.77,32.3,25.2,74.92,55.8,16,16,2/2,cluster/cluster
2020-09-29,27.41,29.5,24.1,82.74,67.3,16,16,2/2,cluster/cluster
2020-09-30,27.81,32.6,24.6,83.56,56.7,16,16,2/2,cluster/cluster
2020-10-01,26.21,28.2,24.9,91.99,80.2,16,16,2/2,cluster/cluster
2020-10-02,28.26,31.9,24.8,78.61,60.9,16,16,2/2,cluster/cluster
2020-10-03,27.85,32.3,23.3,74.28,50.2,16,16,2/2,cluster/cluster
2020-10-04,28.72,31.2,25.6,71.19,60.4,16,16,2/2,cluster/cluster
2020-10-05,29.57,32.9,25.8,69.81,47.7,16,16,2/2,cluster/cluster
2020-10-06,29.19,32.9,26.4,73.6,54.2,16,16,2/2,cluster/cluster
2020-10-07,28.11,31.5,24.5,76.17,58.0,16,16,2/2,cluster/cluster
2020-10-08,26.91,30.8,24.0,84.4,63.5,16,16,2/2,cluster/cluster
2020-10-09,27.93,30.0,26.0,76.72,62.3,16,16,2/2,cluster/cluster
2020-10-10,27.68,29.6,24.3,78.96,65.9,16,16,2/2,cluster/cluster
2020-10-11,27.77,30.9,23.6,77.09,55.7,16,16,2/2,cluster/cluster
2020-10-12,28.61,30.4,26.9,74.53,64.6,16,16,2/2,cluster/cluster
2020-10-13,29.29,31.7,26.4,68.09,53.1,16,16,2/2,cluster/cluster
2020-10-14,29.3,31.3,27.1,73.77,62.2,16,16,2/2,cluster/cluster
2020-10-15,28.58,32.2,24.5,74.44,55.2,16,16,2/2,cluster/cluster
2020-10-16,29.65,33.1,25.6,66.79,47.3,16,16,2/2,cluster/cluster
2020-10-17,30.38,33.1,27.1,69.66,52.4,16,16,2/2,cluster/cluster
2020-10-18,28.76,32.7,24.6,78.2,55.1,16,16,2/2,cluster/cluster
2020-10-19,29.56,33.1,25.6,69.16,52.3,16,16,2/2,cluster/cluster
2020-10-20,27.59,29.7,25.8,83.16,71.2,16,16,2/2,cluster/cluster
2020-10-21,29.41,33.1,25.8,72.03,50.8,16,16,2/2,cluster/cluster
2020-10-22,27.03,29.5,25.1,82.88,67.1,16,16,2/2,cluster/cluster
2020-10-23,28.92,31.7,26.4,72.93,51.1,16,16,2/2,cluster/cluster
2020-10-24,27.88,30.5,25.0,81.56,65.1,16,16,2/2,cluster/cluster
2020-10-25,28.33,32.2,23.7,73.13,54.1,16,16,2/2,cluster/cluster
2020-10-26,27.57,29.6,24.4,79.87,68.5,16,16,2/2,cluster/cluster
2020-10-27,29.51,32.6,25.6,72.4,50.0,16,16,2/2,cluster/cluster
2020-10-28,28.23,29.5,26.9,80.39,65.5,16,16,2/2,cluster/cluster
2020-10-29,28.4,31.7,25.5,80.47,62.3,16,16,2/2,cluster/cluster
2020-10-30,29.07,33.3,24.9,74.11,51.5,16,16,2/2,cluster/cluster
2020-10-31,28.45,32.9,24.6,79.41,52.3,16,16,2/2,cluster/cluster
2020-11-01,27.86,31.2,24.7,80.04,61.2,16,16,2/2,cluster/cluster
2020-11-02,27.8,33.2,25.2,78.74,57.5,16,16,2/2,cluster/cluster
2020-11-03,27.68,30.9,25.3,84.13,62.4,16,16,2/2,cluster/cluster
2020-11-04,25.2,26.8,23.5,92.84,76.1,16,16,2/2,cluster/cluster
2020-11-05,28.39,32.8,24.3,73.77,53.1,16,16,2/2,cluster/cluster
2020-11-06,29.46,33.3,25.5,72.19,48.1,16,16,2/2,cluster/cluster
2020-11-07,25.61,28.2,24.5,93.59,79.1,16,16,2/2,cluster/cluster
2020-11-08,25.27,27.9,23.9,94.21,86.4,16,16,2/2,cluster/cluster
2020-11-09,27.39,30.4,24.5,83.41,63.5,16,16,2/2,cluster/cluster
2020-11-10,27.29,30.0,24.8,83.58,65.1,16,16,2/2,cluster/cluster
2020-11-11,29.26,32.5,25.4,72.01,52.4,16,16,2/2,cluster/cluster
2020-11-12,30.02,33.4,26.4,70.0,48.0,16,16,2/2,cluster/cluster
2020-11-13,29.49,33.0,26.0,74.16,57.0,16,16,2/2,cluster/cluster
2020-11-14,27.67,31.3,24.6,83.94,62.4,16,16,2/2,cluster/cluster
2020-11-15,26.7,31.2,23.5,89.04,63.5,16,16,2/2,cluster/cluster
2020-11-16,27.81,31.7,24.6,80.16,58.8,18,18,2/2,cluster/cluster
2020-11-17,26.94,31.8,24.9,85.07,61.8,14,14,2/2,cluster/cluster
2020-11-18,28.36,32.9,24.6,77.17,51.9,16,16,2/2,cluster/cluster
2020-11-19,27.83,31.5,25.6,81.98,58.1,16,16,2/2,cluster/cluster
2020-11-20,27.34,32.9,24.4,83.34,57.7,16,16,2/2,cluster/cluster
2020-11-21,26.87,33.4,23.8,86.18,50.5,16,16,2/2,cluster/cluster
2020-11-22,26.36,32.0,24.0,86.79,59.1,16,16,2/2,cluster/cluster
2020-11-23,26.01,29.6,23.7,88.56,71.4,16,16,2/2,cluster/cluster
2020-11-24,25.67,27.5,24.2,91.08,78.2,16,16,2/2,cluster/cluster
2020-11-25,26.29,29.7,24.0,87.52,69.9,16,16,2/2,cluster/cluster
2020-11-26,25.93,28.2,24.6,91.08,78.0,16,16,2/2,cluster/cluster
2020-11-27,27.57,31.5,24.9,84.64,65.7,16,16,2/2,cluster/cluster
2020-11-28,26.42,29.0,23.1,84.96,71.9,16,16,2/2,cluster/cluster
2020-11-29,27.62,30.4,24.6,78.09,59.3,16,16,2/2,cluster/cluster
2020-11-30,28.06,31.1,25.8,79.63,56.8,16,16,2/2,cluster/cluster
2020-12-01,28.9,32.0,25.1,73.33,54.4,16,16,2/2,cluster/cluster
2020-12-02,28.21,31.4,26.4,79.87,61.6,16,16,2/2,cluster/cluster
2020-12-03,27.62,32.6,24.7,82.66,54.5,16,16,2/2,cluster/cluster
2020-12-04,26.83,30.5,24.6,83.79,65.4,16,16,2/2,cluster/cluster
2020-12-05,27.18,31.0,24.7,81.61,63.6,16,16,2/2,cluster/cluster
2020-12-06,28.52,31.8,25.4,73.54,57.6,16,16,2/2,cluster/cluster
2020-12-07,28.44,32.2,25.6,75.82,58.4,16,16,2/2,cluster/cluster
2020-12-08,28.49,32.5,25.6,73.46,55.0,16,16,2/2,cluster/cluster
2020-12-09,28.04,32.2,25.2,78.99,57.1,16,16,2/2,cluster/cluster
2020-12-10,27.62,32.7,25.0,80.81,58.0,16,16,2/2,cluster/cluster
2020-12-11,27.76,31.8,24.3,76.09,58.2,18,18,2/2,cluster/cluster
2020-12-12,26.99,31.8,22.9,82.45,57.7,14,14,2/2,cluster/cluster
2020-12-13,27.11,30.3,23.6,78.66,61.5,16,16,2/2,cluster/cluster
2020-12-14,27.13,32.0,23.7,81.92,55.5,16,16,2/2,cluster/cluster
2020-12-15,26.26,31.2,23.9,86.29,62.4,16,16,2/2,cluster/cluster
2020-12-16,26.37,29.8,24.5,87.82,72.1,16,16,2/2,cluster/cluster
2020-12-17,26.67,31.5,24.0,85.14,59.0,16,16,2/2,cluster/cluster
2020-12-18,24.98,26.5,22.8,92.74,79.6,16,16,2/2,cluster/cluster
2020-12-19,25.78,29.0,23.5,85.63,69.3,13,13,2/2,cluster/cluster
2020-12-20,27.01,30.5,23.9,80.01,59.5,16,16,2/2,cluster/cluster
2020-12-21,27.39,30.1,24.4,78.9,62.0,16,16,2/2,cluster/cluster
2020-12-22,27.99,31.7,24.9,75.76,54.2,16,16,2/2,cluster/cluster
2020-12-23,28.24,32.6,25.0,77.56,58.0,16,16,2/2,cluster/cluster
2020-12-24,26.81,29.3,25.4,85.95,74.4,16,16,2/2,cluster/cluster
2020-12-25,29.08,34.6,25.8,76.1,43.7,16,16,2/2,cluster/cluster
2020-12-26,27.69,31.2,23.1,83.69,67.1,16,16,2/2,cluster/cluster
2020-12-27,27.11,31.7,23.5,79.77,57.8,16,16,2/2,cluster/cluster
2020-12-28,27.84,31.0,25.3,81.5,63.1,16,16,2/2,cluster/cluster
2020-12-29,26.43,30.3,24.3,86.55,60.6,16,16,2/2,cluster/cluster
2020-12-30,27.79,31.2,24.6,77.61,54.9,16,16,2/2,cluster/cluster
2020-12-31,27.38,31.3,24.5,79.6,56.7,16,16,2/2,cluster/cluster
2021-01-01,24.56,25.8,24.1,95.38,83.8,22,22,2/2,cluster/cluster
2021-01-06,26.88,29.4,24.6,82.26,64.8,16,16,2/2,cluster/cluster
2021-01-07,24.41,25.4,23.5,92.6,81.5,16,16,2/2,cluster/cluster
2021-01-08,25.2,27.0,23.7,94.4,83.9,16,16,2/2,cluster/cluster
2021-01-09,25.1,26.6,23.9,94.33,81.4,16,16,2/2,cluster/cluster
2021-01-10,23.59,24.1,23.3,98.58,96.6,16,16,2/2,cluster/cluster
2021-01-11,25.59,28.6,23.7,90.64,73.0,16,16,2/2,cluster/cluster
2021-01-12,25.15,27.6,23.5,92.01,77.1,16,16,2/2,cluster/cluster
2021-01-13,24.85,27.2,23.2,89.7,72.6,16,16,2/2,cluster/cluster
2021-01-14,25.98,28.8,23.0,80.73,63.2,16,16,2/2,cluster/cluster
2021-01-15,26.96,30.3,24.2,76.06,50.1,16,16,2/2,cluster/cluster
2021-01-16,27.34,30.9,24.7,79.41,61.4,16,16,2/2,cluster/cluster
2021-01-17,27.44,30.2,24.8,76.28,62.2,16,16,2/2,cluster/cluster
2021-01-18,26.45,28.9,24.6,69.65,59.3,16,16,2/2,cluster/cluster
2021-01-19,26.4,28.8,23.7,72.24,58.1,16,16,2/2,cluster/cluster
2021-01-20,26.57,29.5,23.7,75.76,62.4,16,16,2/2,cluster/cluster
2021-01-21,26.56,30.5,23.7,79.57,59.5,16,16,2/2,cluster/cluster
2021-01-22,26.61,31.0,23.5,82.14,59.1,16,16,2/2,cluster/cluster
2021-01-23,26.77,30.6,23.9,81.01,61.1,16,16,2/2,cluster/cluster
2021-01-24,26.78,31.1,23.1,80.25,59.1,16,16,2/2,cluster/cluster
2021-01-25,27.11,31.1,24.6,81.23,59.3,16,16,2/2,cluster/cluster
2021-01-26,27.33,30.5,24.0,75.98,56.1,16,16,2/2,cluster/cluster
2021-01-27,26.98,30.6,24.0,80.5,64.0,16,16,2/2,cluster/cluster
2021-01-28,26.07,30.1,23.8,86.05,62.4,16,16,2/2,cluster/cluster
2021-01-29,27.13,31.0,23.8,75.66,57.9,16,16,2/2,cluster/cluster
2021-01-30,26.99,30.2,24.0,76.36,56.2,16,16,2/2,cluster/cluster
2021-01-31,26.77,29.3,24.0,78.42,65.6,16,16,2/2,cluster/cluster
2021-02-01,26.96,30.1,24.5,80.92,65.0,16,16,2/2,cluster/cluster
2021-02-02,27.2,30.1,24.8,78.18,61.8,16,16,2/2,cluster/cluster
2021-02-03,27.34,30.8,24.5,73.82,55.1,16,16,2/2,cluster/cluster
2021-02-04,27.21,31.1,23.8,70.19,49.4,16,16,2/2,cluster/cluster
2021-02-05,27.26,31.6,23.6,74.48,56.3,16,16,2/2,cluster/cluster
2021-02-06,27.92,31.6,24.7,73.83,54.6,16,16,2/2,cluster/cluster
2021-02-07,28.15,32.6,24.4,71.09,49.6,16,16,2/2,cluster/cluster
2021-02-08,27.93,31.8,24.9,74.61,56.7,16,16,2/2,cluster/cluster
2021-02-09,27.98,31.7,24.5,75.9,55.1,16,16,2/2,cluster/cluster
2021-02-10,27.48,30.9,24.7,80.06,66.8,16,16,2/2,cluster/cluster
2021-02-11,27.86,32.3,24.7,77.38,56.2,16,16,2/2,cluster/cluster
2021-02-12,27.28,31.6,24.8,81.26,60.2,16,16,2/2,cluster/cluster
2021-02-13,27.49,31.3,24.8,79.14,58.5,16,16,2/2,cluster/cluster
2021-02-14,27.16,30.1,24.9,78.27,64.2,16,16,2/2,cluster/cluster
2021-02-15,27.24,30.5,24.4,71.44,56.1,16,16,2/2,cluster/cluster
2021-02-16,27.21,30.9,23.8,68.82,54.6,16,16,2/2,cluster/cluster
2021-02-17,27.16,30.4,23.5,67.76,52.0,16,16,2/2,cluster/cluster
2021-02-18,27.12,31.0,23.4,63.56,47.8,16,16,2/2,cluster/cluster
2021-02-19,27.11,30.5,24.2,68.79,51.9,16,16,2/2,cluster/cluster
2021-02-20,26.99,29.9,24.2,73.03,57.6,16,16,2/2,cluster/cluster
2021-02-21,27.11,30.9,24.1,74.24,55.6,16,16,2/2,cluster/cluster
2021-02-22,27.59,32.3,23.9,68.12,46.3,16,16,2/2,cluster/cluster
2021-02-23,27.57,31.9,23.7,67.19,46.1,16,16,2/2,cluster/cluster
2021-02-24,26.98,30.1,23.7,74.61,60.1,16,16,2/2,cluster/cluster
2021-02-25,28.06,33.4,24.3,70.54,48.4,16,16,2/2,cluster/cluster
2021-02-26,28.52,33.6,24.1,71.64,43.9,16,16,2/2,cluster/cluster
2021-02-27,29.08,33.4,25.2,70.28,41.9,16,16,2/2,cluster/cluster
2021-02-28,29.02,34.0,25.4,70.34,42.3,16,16,2/2,cluster/cluster
2021-03-01,28.71,33.2,25.0,72.15,44.2,16,16,2/2,cluster/cluster
2021-03-02,28.72,32.8,24.6,72.44,45.9,16,16,2/2,cluster/cluster
2021-03-03,28.87,33.4,25.2,68.45,47.4,16,16,2/2,cluster/cluster
2021-03-04,28.86,32.8,25.5,72.74,52.8,16,16,2/2,cluster/cluster
2021-03-05,29.15,33.0,26.1,71.94,50.9,16,16,2/2,cluster/cluster
2021-03-06,28.54,33.1,25.7,77.42,53.9,16,16,2/2,cluster/cluster
2021-03-07,26.2,31.1,23.3,87.21,59.4,16,16,2/2,cluster/cluster
2021-03-08,27.78,32.8,23.2,74.06,48.0,16,16,2/2,cluster/cluster
2021-03-09,28.11,31.6,24.6,70.72,49.1,16,16,2/2,cluster/cluster
2021-03-10,28.27,32.5,24.2,69.89,49.3,16,16,2/2,cluster/cluster
2021-03-11,28.27,31.6,24.9,73.69,55.9,16,16,2/2,cluster/cluster
2021-03-12,26.51,30.1,23.8,84.91,67.4,15,15,2/2,cluster/cluster
2021-03-13,26.51,32.5,23.2,87.67,58.2,8,8,2/2,cluster/cluster
2021-03-14,27.57,32.2,25.0,86.66,58.6,8,8,2/2,cluster/cluster
2021-03-15,27.84,31.8,25.0,86.0,60.3,8,8,2/2,cluster/cluster
2021-03-16,28.31,31.8,25.2,82.38,62.6,8,8,2/2,cluster/cluster
2021-03-17,27.32,32.5,24.2,87.0,57.7,8,8,2/2,cluster/cluster
2021-03-18,27.06,32.7,22.8,87.16,56.1,8,8,2/2,cluster/cluster
2021-03-19,29.59,33.4,24.9,72.1,44.4,12,12,2/2,cluster/cluster
2021-03-20,28.16,32.7,25.6,79.54,56.9,16,16,2/2,cluster/cluster
2021-03-21,28.83,33.2,25.2,76.56,49.5,16,16,2/2,cluster/cluster
2021-03-22,28.72,32.7,25.2,75.42,50.8,16,16,2/2,cluster/cluster
2021-03-23,27.38,32.3,23.6,83.21,60.7,16,16,2/2,cluster/cluster
2021-03-24,25.57,28.6,24.3,92.98,76.3,16,16,2/2,cluster/cluster
2021-03-25,26.04,28.5,24.0,90.26,76.7,16,16,2/2,cluster/cluster
2021-03-26,28.89,32.1,25.5,73.58,55.4,14,14,2/2,cluster/cluster
2021-03-27,26.31,29.5,24.2,86.94,69.6,16,16,2/2,cluster/cluster
2021-03-28,28.18,31.9,24.3,77.01,54.8,16,16,2/2,cluster/cluster
2021-03-29,26.29,30.2,23.6,89.96,65.6,16,16,2/2,cluster/cluster
2021-03-30,28.48,33.5,24.6,79.38,54.7,16,16,2/2,cluster/cluster
2021-03-31,28.54,32.5,23.5,73.04,51.9,16,16,2/2,cluster/cluster
2021-04-01,29.93,32.8,27.0,64.03,48.5,16,16,2/2,cluster/cluster
2021-04-02,29.88,35.1,25.0,72.63,42.9,16,16,2/2,cluster/cluster
2021-04-03,28.52,33.7,25.4,80.28,52.7,16,16,2/2,cluster/cluster
2021-04-04,27.73,31.7,24.1,84.11,64.7,16,16,2/2,cluster/cluster
2021-04-05,27.62,31.6,23.5,82.92,61.4,16,16,2/2,cluster/cluster
2021-04-06,27.67,32.5,24.6,83.88,63.5,16,16,2/2,cluster/cluster
2021-04-07,28.61,33.2,24.0,76.37,51.4,16,16,2/2,cluster/cluster
2021-04-08,28.39,34.1,24.3,76.76,46.4,16,16,2/2,cluster/cluster
2021-04-09,28.1,32.4,24.8,83.23,58.5,16,16,2/2,cluster/cluster
2021-04-10,29.41,32.8,25.3,74.12,48.8,16,16,2/2,cluster/cluster
2021-04-11,29.43,33.4,25.9,74.14,54.8,16,16,2/2,cluster/cluster
2021-04-12,29.23,32.8,23.8,71.31,46.3,16,16,2/2,cluster/cluster
2021-04-13,27.7,30.4,24.8,83.92,69.9,16,16,2/2,cluster/cluster
2021-04-14,29.2,33.4,25.6,72.27,46.9,16,16,2/2,cluster/cluster
2021-04-15,26.66,30.7,23.7,85.33,60.1,16,16,2/2,cluster/cluster
2021-04-16,27.47,31.0,24.4,84.03,64.8,16,16,2/2,cluster/cluster
2021-04-17,24.99,30.5,22.7,93.69,78.0,16,16,2/2,cluster/cluster
2021-04-18,27.72,32.9,23.7,81.32,48.6,16,16,2/2,cluster/cluster
2021-04-19,27.45,31.1,24.5,82.54,66.1,16,16,2/2,cluster/cluster
2021-04-20,29.11,33.3,24.6,72.22,50.2,16,16,2/2,cluster/cluster
2021-04-21,29.38,33.5,26.3,76.29,53.4,16,16,2/2,cluster/cluster
2021-04-22,26.68,29.0,25.0,90.79,75.9,16,16,2/2,cluster/cluster
2021-04-23,27.95,30.8,23.9,76.74,59.1,16,16,2/2,cluster/cluster
2021-04-24,26.22,28.6,23.8,89.45,69.0,16,16,2/2,cluster/cluster
2021-04-25,29.48,33.9,24.8,72.19,48.5,16,16,2/2,cluster/cluster
2021-04-26,26.89,30.9,23.8,89.26,68.2,16,16,2/2,cluster/cluster
2021-04-27,27.42,31.0,24.6,87.62,65.8,16,16,2/2,cluster/cluster
2021-04-28,27.99,31.6,24.7,83.75,63.7,16,16,2/2,cluster/cluster
2021-04-29,28.66,32.6,25.3,80.88,56.5,16,16,2/2,cluster/cluster
2021-04-30,27.9,32.4,25.2,83.66,57.1,16,16,2/2,cluster/cluster
2021-05-01,28.07,31.9,24.7,83.99,63.6,16,16,2/2,cluster/cluster
2021-05-02,29.36,33.2,25.5,75.74,52.8,16,16,2/2,cluster/cluster
2021-05-03,29.66,32.8,26.1,76.31,55.7,16,16,2/2,cluster/cluster
2021-05-04,28.59,33.5,25.7,80.58,51.5,16,16,2/2,cluster/cluster
2021-05-05,27.63,32.8,24.7,85.24,56.0,16,16,2/2,cluster/cluster
2021-05-06,26.96,30.1,25.4,88.91,71.4,16,16,2/2,cluster/cluster
2021-05-07,28.19,32.3,25.5,84.47,63.6,16,16,2/2,cluster/cluster
2021-05-08,28.4,31.6,25.9,83.56,64.0,16,16,2/2,cluster/cluster
2021-05-09,28.39,33.0,25.4,81.61,53.9,16,16,2/2,cluster/cluster
2021-05-10,29.89,34.2,25.6,75.19,46.5,16,16,2/2,cluster/cluster
2021-05-11,30.26,34.1,27.0,76.71,50.7,16,16,2/2,cluster/cluster
2021-05-12,27.34,30.7,25.7,91.46,68.7,16,16,2/2,cluster/cluster
2021-05-13,28.46,32.8,24.6,84.24,59.1,16,16,2/2,cluster/cluster
2021-05-14,28.42,30.5,26.7,87.7,69.4,16,16,2/2,cluster/cluster
2021-05-15,28.07,30.9,25.6,82.83,60.0,16,16,2/2,cluster/cluster
2021-05-16,29.59,34.9,25.9,76.79,48.3,16,16,2/2,cluster/cluster
2021-05-17,28.01,30.0,25.5,88.34,68.9,16,16,2/2,cluster/cluster
2021-05-18,25.94,28.2,23.3,92.61,72.2,16,16,2/2,cluster/cluster
2021-05-19,27.91,30.1,25.6,85.11,67.3,16,16,2/2,cluster/cluster
2021-05-20,29.24,32.6,25.5,76.02,51.6,16,16,2/2,cluster/cluster
2021-05-21,27.28,31.0,24.0,89.46,70.0,16,16,2/2,cluster/cluster
2021-05-22,27.11,29.0,25.3,89.13,69.6,14,14,2/2,cluster/cluster
2021-05-23,29.88,33.7,25.6,75.15,50.6,8,8,2/2,cluster/cluster
2021-05-24,30.27,33.6,26.3,78.99,58.8,8,8,2/2,cluster/cluster
2021-05-25,30.61,33.4,27.3,78.8,56.2,8,8,2/2,cluster/cluster
2021-05-26,30.23,33.0,27.6,81.85,61.4,8,8,2/2,cluster/cluster
2021-05-27,27.85,30.2,25.0,94.8,84.9,8,8,2/2,cluster/cluster
2021-05-28,28.98,33.1,25.4,85.36,55.2,8,8,2/2,cluster/cluster
2021-05-29,28.25,31.4,25.9,89.89,68.1,8,8,2/2,cluster/cluster
2021-05-30,29.88,33.3,26.1,81.44,57.9,8,8,2/2,cluster/cluster
2021-05-31,28.7,31.8,24.3,87.97,63.6,8,8,2/2,cluster/cluster
2021-06-01,27.5,31.8,25.6,95.65,76.1,8,8,2/2,cluster/cluster
2021-06-02,28.27,31.7,26.2,94.89,80.9,8,8,2/2,cluster/cluster
2021-06-03,29.59,32.8,25.5,82.4,62.9,9,9,2/2,cluster/cluster
2021-06-04,30.86,33.6,26.9,75.32,58.1,9,9,2/2,cluster/cluster
2021-06-05,29.26,32.1,26.4,77.92,60.6,16,16,2/2,cluster/cluster
2021-06-06,29.98,33.6,25.5,73.13,51.5,16,16,2/2,cluster/cluster
2021-06-07,29.15,31.4,25.6,78.33,64.3,16,16,2/2,cluster/cluster
2021-06-08,29.27,32.7,25.2,73.77,52.3,16,16,2/2,cluster/cluster
2021-06-09,29.23,31.5,26.6,77.36,62.4,16,16,2/2,cluster/cluster
2021-06-10,28.81,33.5,25.7,78.55,51.5,16,16,2/2,cluster/cluster
2021-06-11,28.45,32.1,25.0,77.85,56.6,16,16,2/2,cluster/cluster
2021-06-12,30.02,33.5,26.3,75.91,51.6,16,16,2/2,cluster/cluster
2021-06-13,28.48,32.7,23.9,80.17,57.2,16,16,2/2,cluster/cluster
2021-06-14,28.49,32.3,25.6,80.75,56.0,16,16,2/2,cluster/cluster
2021-06-15,27.34,33.0,22.6,84.21,58.1,16,16,2/2,cluster/cluster
2021-06-16,27.31,30.4,24.2,82.44,61.0,16,16,2/2,cluster/cluster
2021-06-17,29.27,33.0,25.4,77.24,52.3,16,16,2/2,cluster/cluster
2021-06-18,26.07,29.4,24.1,91.39,66.4,16,16,2/2,cluster/cluster
2021-06-19,27.89,32.3,24.8,83.94,54.8,16,16,2/2,cluster/cluster
2021-06-20,27.67,32.8,23.4,83.49,56.6,16,16,2/2,cluster/cluster
2021-06-21,28.64,32.6,24.2,73.86,52.1,16,16,2/2,cluster/cluster
2021-06-22,28.08,31.4,23.9,81.33,65.6,16,16,2/2,cluster/cluster
2021-06-23,28.94,32.0,24.4,72.16,49.7,16,16,2/2,cluster/cluster
2021-06-24,29.54,33.5,26.2,72.71,55.4,16,16,2/2,cluster/cluster
2021-06-25,28.71,32.6,25.7,80.04,56.9,16,16,2/2,cluster/cluster
2021-06-26,27.31,31.2,25.3,83.61,62.3,16,16,2/2,cluster/cluster
2021-06-27,27.35,29.1,24.1,86.73,70.5,16,16,2/2,cluster/cluster
2021-06-28,29.01,32.7,25.4,74.12,49.8,16,16,2/2,cluster/cluster
2021-06-29,26.89,29.2,23.3,86.79,68.6,18,16,2/2,cluster/cluster
2021-06-30,28.52,32.4,23.6,73.22,48.4,16,16,2/2,cluster/cluster
2021-07-01,29.46,31.8,26.0,75.4,60.2,16,18,2/2,cluster/cluster
2021-07-02,28.71,31.7,26.0,80.14,65.1,16,14,2/2,cluster/cluster
2021-07-03,28.69,32.4,25.5,78.34,53.4,16,16,2/2,cluster/cluster
2021-07-04,26.38,28.7,24.3,85.65,68.1,16,16,2/2,cluster/cluster
2021-07-05,27.59,30.3,24.1,83.53,60.5,16,16,2/2,cluster/cluster
2021-07-06,28.06,30.1,25.4,82.12,68.2,14,16,2/2,cluster/cluster
2021-07-07,28.18,31.1,25.2,80.58,57.9,16,16,2/2,cluster/cluster
2021-07-08,29.37,33.0,25.6,75.25,51.8,16,16,2/2,cluster/cluster
2021-07-09,29.07,32.6,25.8,78.66,58.3,16,16,2/2,cluster/cluster
2021-07-10,25.28,26.6,24.3,94.32,79.9,16,16,2/2,cluster/cluster
2021-07-11,26.19,29.2,23.7,88.91,74.9,16,16,2/2,cluster/cluster
2021-07-12,27.22,32.2,23.8,82.73,57.5,16,16,2/2,cluster/cluster
2021-07-13,24.0,25.7,22.6,94.16,75.2,16,16,2/2,cluster/cluster
2021-07-14,26.72,28.8,23.9,82.86,65.2,16,16,2/2,cluster/cluster
2021-07-15,28.43,32.0,24.3,75.65,53.3,16,16,2/2,cluster/cluster
2021-07-16,29.52,32.4,25.8,75.62,57.3,16,16,2/2,cluster/cluster
2021-07-17,29.99,33.0,26.6,70.91,50.4,16,16,2/2,cluster/cluster
2021-07-18,29.77,32.0,27.1,73.89,57.9,16,16,2/2,cluster/cluster
2021-07-19,28.77,30.8,26.6,79.23,62.4,16,16,2/2,cluster/cluster
2021-07-20,29.59,32.9,26.6,73.71,47.9,16,16,2/2,cluster/cluster
2021-07-21,30.0,32.8,27.2,73.24,52.8,16,16,2/2,cluster/cluster
2021-07-22,30.34,33.4,27.0,70.12,48.9,16,16,2/2,cluster/cluster
2021-07-23,29.7,33.0,25.5,75.33,53.5,16,16,2/2,cluster/cluster
2021-07-24,29.49,33.2,26.1,71.56,47.9,16,16,2/2,cluster/cluster
2021-07-25,30.47,33.4,27.5,67.53,50.1,16,16,2/2,cluster/cluster
2021-07-26,29.88,32.0,27.7,72.6,52.4,16,16,2/2,cluster/cluster
2021-07-27,29.79,32.5,27.1,72.11,58.6,16,16,2/2,cluster/cluster
2021-07-28,29.6,31.9,27.6,69.81,55.4,14,14,2/2,cluster/cluster
2021-07-29,30.22,32.8,27.7,67.26,47.2,15,15,2/2,cluster/cluster
2021-07-30,30.39,33.1,28.0,64.29,47.5,8,8,2/2,cluster/cluster
2021-07-31,28.48,29.9,26.9,72.09,63.8,8,8,2/2,cluster/cluster
2021-08-01,27.2,30.1,22.8,77.03,61.8,8,8,2/2,cluster/cluster
2021-08-02,28.72,31.4,26.6,77.64,63.0,13,13,2/2,cluster/cluster
2021-08-03,29.06,33.1,23.6,76.47,54.7,16,16,2/2,cluster/cluster
2021-08-04,27.34,28.7,23.2,83.78,69.1,16,16,2/2,cluster/cluster
2021-08-05,29.45,32.2,26.6,74.79,52.7,16,16,2/2,cluster/cluster
2021-08-06,28.96,31.4,26.5,79.42,64.4,16,16,2/2,cluster/cluster
2021-08-07,28.24,32.4,25.5,83.49,60.3,16,16,2/2,cluster/cluster
2021-08-08,27.08,32.5,23.4,88.64,61.8,16,16,2/2,cluster/cluster
2021-08-09,28.44,32.8,24.0,75.58,44.7,16,16,2/2,cluster/cluster
2021-08-10,29.54,32.4,26.9,76.09,52.6,16,16,2/2,cluster/cluster
2021-08-11,28.68,31.0,27.2,77.84,59.0,16,16,2/2,cluster/cluster
2021-08-12,28.16,30.5,23.9,82.35,61.0,16,16,2/2,cluster/cluster
2021-08-13,27.58,30.3,25.2,84.42,64.5,16,16,2/2,cluster/cluster
2021-08-14,27.04,30.2,25.1,88.79,69.2,16,16,2/2,cluster/cluster
2021-08-15,28.04,31.7,24.6,79.2,54.9,16,16,2/2,cluster/cluster
2021-08-16,27.28,31.3,24.3,83.41,64.3,16,16,2/2,cluster/cluster
2021-08-17,26.32,28.1,25.1,91.24,76.8,16,16,2/2,cluster/cluster
2021-08-18,25.41,26.6,24.4,90.16,75.7,16,16,2/2,cluster/cluster
2021-08-19,26.44,29.6,23.0,83.34,64.4,16,16,2/2,cluster/cluster
2021-08-20,25.11,27.2,23.5,93.25,77.1,16,16,2/2,cluster/cluster
2021-08-21,27.56,30.4,24.8,81.66,61.9,16,16,2/2,cluster/cluster
2021-08-22,26.72,30.6,24.3,86.89,59.8,16,16,2/2,cluster/cluster
2021-08-23,27.43,31.9,23.9,81.68,58.6,16,16,2/2,cluster/cluster
2021-08-24,24.91,27.5,23.2,96.13,83.0,16,16,2/2,cluster/cluster
2021-08-25,26.04,27.8,23.9,89.21,72.1,16,16,2/2,cluster/cluster
2021-08-26,27.31,31.6,24.1,83.26,57.0,16,16,2/2,cluster/cluster
2021-08-27,27.91,31.7,24.5,80.99,57.3,16,16,2/2,cluster/cluster
2021-08-28,29.22,33.0,25.9,74.82,53.3,16,16,2/2,cluster/cluster
2021-08-29,26.52,29.6,24.6,89.92,62.1,16,16,2/2,cluster/cluster
2021-08-30,25.34,28.2,23.3,93.51,79.5,16,16,2/2,cluster/cluster
2021-08-31,26.73,29.6,23.9,86.03,66.2,16,16,2/2,cluster/cluster
2021-09-01,28.35,30.9,25.2,73.81,56.3,16,16,2/2,cluster/cluster
2021-09-02,25.59,27.6,22.8,86.14,74.4,16,16,2/2,cluster/cluster
2021-09-03,28.12,31.3,25.0,75.91,58.4,16,16,2/2,cluster/cluster
2021-09-04,28.44,32.3,22.9,73.58,53.2,16,16,2/2,cluster/cluster
2021-09-05,28.31,31.9,24.6,75.33,55.6,16,16,2/2,cluster/cluster
2021-09-06,27.65,32.8,23.1,77.21,49.9,15,15,2/2,cluster/cluster
2021-09-07,27.76,30.8,24.8,74.19,52.8,16,16,2/2,cluster/cluster
2021-09-08,28.12,31.2,24.5,69.12,56.0,16,16,2/2,cluster/cluster
2021-09-09,29.27,32.1,25.7,68.96,52.0,16,16,2/2,cluster/cluster
2021-09-10,27.5,29.5,22.9,76.86,65.9,16,16,2/2,cluster/cluster
2021-09-11,29.05,32.2,25.4,70.53,52.4,16,16,2/2,cluster/cluster
2021-09-12,29.11,31.6,26.7,73.44,59.6,16,16,2/2,cluster/cluster
2021-09-13,26.34,27.6,24.8,82.96,71.5,16,16,2/2,cluster/cluster
2021-09-14,28.5,31.4,26.4,75.96,57.6,16,16,2/2,cluster/cluster
2021-09-15,29.13,33.0,25.6,73.85,51.1,16,16,2/2,cluster/cluster
2021-09-16,29.06,33.1,26.6,75.42,55.8,16,16,2/2,cluster/cluster
2021-09-17,29.45,33.5,25.2,72.69,45.3,16,16,2/2,cluster/cluster
2021-09-18,29.21,32.9,26.2,73.97,51.3,16,16,2/2,cluster/cluster
2021-09-19,25.8,27.6,23.3,92.11,82.6,11,11,2/2,cluster/cluster
2021-09-20,28.49,31.7,24.5,75.94,58.2,8,8,2/2,cluster/cluster
2021-09-21,27.95,30.3,25.3,81.1,71.3,8,8,2/2,cluster/cluster
2021-09-22,28.61,31.8,24.0,76.0,59.2,8,8,2/2,cluster/cluster
2021-09-23,28.26,30.7,24.6,77.34,63.1,8,8,2/2,cluster/cluster
2021-09-24,29.06,33.2,26.4,78.01,56.0,8,8,2/2,cluster/cluster
2021-09-25,29.38,33.4,25.9,75.72,53.8,8,8,2/2,cluster/cluster
2021-09-26,28.76,31.8,26.2,77.85,65.7,8,8,2/2,cluster/cluster
2021-09-27,27.75,30.6,24.9,81.7,66.4,12,12,2/2,cluster/cluster
2021-09-28,27.83,31.3,24.9,77.91,60.3,15,15,2/2,cluster/cluster
2021-09-29,28.07,31.4,25.6,82.18,63.4,16,16,2/2,cluster/cluster
2021-09-30,26.15,27.6,24.3,89.36,77.5,14,14,2/2,cluster/cluster
2021-10-01,28.05,31.0,24.1,78.35,64.3,15,15,2/2,cluster/cluster
2021-10-02,26.54,29.6,23.2,81.98,65.9,16,16,2/2,cluster/cluster
2021-10-03,28.45,33.0,24.9,77.43,51.7,16,16,2/2,cluster/cluster
2021-10-04,29.27,32.7,25.3,74.0,50.3,16,16,2/2,cluster/cluster
2021-10-05,27.36,28.5,25.1,82.07,74.1,16,16,2/2,cluster/cluster
2021-10-06,29.14,32.2,25.5,73.85,59.2,16,16,2/2,cluster/cluster
2021-10-07,29.12,31.7,26.3,71.06,63.0,16,16,2/2,cluster/cluster
2021-10-08,30.27,33.2,27.3,68.1,50.5,16,16,2/2,cluster/cluster
2021-10-09,30.34,33.2,27.8,67.99,49.8,16,16,2/2,cluster/cluster
2021-10-10,27.79,30.0,24.5,83.98,73.0,16,16,2/2,cluster/cluster
2021-10-11,30.09,33.4,26.0,66.5,46.6,16,16,2/2,cluster/cluster
2021-10-12,30.15,33.1,27.7,72.34,56.8,16,16,2/2,cluster/cluster
2021-10-13,30.17,33.5,27.5,70.58,50.6,16,16,2/2,cluster/cluster
2021-10-14,29.95,32.8,27.6,72.58,56.4,16,16,2/2,cluster/cluster
2021-10-15,30.01,33.7,25.0,66.23,51.6,16,16,2/2,cluster/cluster
2021-10-16,30.12,33.1,27.7,72.71,55.8,16,16,2/2,cluster/cluster
2021-10-17,27.8,29.8,25.4,83.38,74.4,15,15,2/2,cluster/cluster
2021-10-18,27.46,30.5,25.0,79.94,60.7,16,16,2/2,cluster/cluster
2021-10-19,28.73,32.7,25.7,76.46,56.1,16,16,2/2,cluster/cluster
2021-10-20,26.69,30.7,24.4,88.1,62.7,16,16,2/2,cluster/cluster
2021-10-21,26.96,31.1,24.1,83.08,62.6,16,16,2/2,cluster/cluster
2021-10-22,27.91,31.1,25.5,78.36,60.3,16,16,2/2,cluster/cluster
2021-10-23,27.77,32.4,25.0,80.33,57.7,16,16,2/2,cluster/cluster
2021-10-24,28.24,33.0,24.9,76.35,50.5,16,16,2/2,cluster/cluster
2021-10-25,27.65,30.1,25.5,80.72,67.3,16,16,2/2,cluster/cluster
2021-10-26,28.61,32.3,25.2,78.23,60.3,16,16,2/2,cluster/cluster
2021-10-27,29.02,33.6,23.9,72.35,46.6,16,16,2/2,cluster/cluster
2021-10-28,27.56,29.3,22.6,79.25,66.3,16,16,2/2,cluster/cluster
2021-10-29,29.14,32.8,25.7,73.16,53.6,16,16,2/2,cluster/cluster
2021-10-30,29.16,32.8,26.5,76.38,56.2,16,16,2/2,cluster/cluster
2021-10-31,27.99,31.5,25.5,80.33,58.6,16,16,2/2,cluster/cluster
2021-11-01,25.86,30.5,24.8,89.33,67.6,14,14,2/2,cluster/cluster
2021-11-02,26.09,30.3,24.1,88.23,69.3,11,11,2/2,cluster/cluster
2021-11-03,26.71,30.1,24.3,83.79,66.2,16,16,2/2,cluster/cluster
2021-11-04,27.52,32.5,24.0,82.38,58.2,16,16,2/2,cluster/cluster
2021-11-05,26.89,31.2,24.4,84.12,66.9,16,16,2/2,cluster/cluster
2021-11-06,28.27,33.1,24.4,79.7,60.1,16,16,2/2,cluster/cluster
2021-11-07,27.05,29.0,25.3,87.38,75.3,16,16,2/2,cluster/cluster
2021-11-08,27.34,29.0,25.6,84.3,73.9,16,16,2/2,cluster/cluster
2021-11-09,27.7,32.5,24.4,83.18,59.5,16,16,2/2,cluster/cluster
2021-11-10,26.12,28.5,25.0,87.54,74.7,16,16,2/2,cluster/cluster
2021-11-11,27.52,30.7,23.8,80.47,65.7,16,16,2/2,cluster/cluster
2021-11-12,27.59,30.8,23.9,80.39,63.6,16,16,2/2,cluster/cluster
2021-11-13,26.85,29.2,23.7,83.95,71.9,16,16,2/2,cluster/cluster
2021-11-14,28.81,32.9,24.9,74.22,55.1,16,16,2/2,cluster/cluster
2021-11-15,28.24,30.9,26.2,79.08,60.8,16,16,2/2,cluster/cluster
2021-11-16,28.17,33.0,25.3,80.05,60.2,16,16,2/2,cluster/cluster
2021-11-17,28.53,31.5,25.8,76.54,56.5,16,16,2/2,cluster/cluster
2021-11-18,26.62,29.5,23.6,84.22,67.8,16,16,2/2,cluster/cluster
2021-11-19,28.1,30.9,25.2,77.59,62.9,16,16,2/2,cluster/cluster
2021-11-20,26.82,29.1,23.5,84.89,75.6,16,16,2/2,cluster/cluster
2021-11-21,28.56,34.0,25.6,79.86,52.9,16,16,2/2,cluster/cluster
2021-11-22,28.51,32.1,24.9,77.11,55.8,16,16,2/2,cluster/cluster
2021-11-23,26.18,29.6,24.3,88.44,77.1,16,16,2/2,cluster/cluster
2021-11-24,25.52,26.2,24.8,89.94,75.4,16,16,2/2,cluster/cluster
2021-11-25,28.02,32.4,24.1,76.94,53.7,16,16,2/2,cluster/cluster
2021-11-26,28.0,31.0,25.1,74.61,60.9,16,16,2/2,cluster/cluster
2021-11-27,28.46,32.6,25.2,73.51,54.0,16,16,2/2,cluster/cluster
2021-11-28,28.13,30.5,25.6,77.34,64.3,16,16,2/2,cluster/cluster
2021-11-29,29.06,32.2,25.5,68.92,51.5,16,16,2/2,cluster/cluster
2021-11-30,30.1,32.9,27.0,62.92,49.2,16,16,2/2,cluster/cluster
2021-12-01,30.59,34.3,26.5,62.86,44.6,16,16,2/2,cluster/cluster
2021-12-02,26.28,28.7,23.5,85.41,78.4,16,16,2/2,cluster/cluster
2021-12-03,27.23,30.5,24.4,77.81,64.5,16,16,2/2,cluster/cluster
2021-12-04,27.23,30.1,24.7,76.51,65.7,16,16,2/2,cluster/cluster
2021-12-05,27.52,30.1,25.6,76.85,65.7,16,16,2/2,cluster/cluster
2021-12-06,27.8,30.6,25.6,72.21,58.5,16,16,2/2,cluster/cluster
2021-12-07,28.15,31.9,25.6,72.76,58.3,18,18,2/2,cluster/cluster
2021-12-08,28.26,30.7,25.5,74.37,65.4,14,14,2/2,cluster/cluster
2021-12-09,28.31,31.8,25.2,72.94,59.7,16,16,2/2,cluster/cluster
2021-12-10,27.46,31.2,24.9,79.84,63.5,16,16,2/2,cluster/cluster
2021-12-11,26.28,29.5,24.6,89.82,72.4,18,18,2/2,cluster/cluster
2021-12-12,26.79,28.5,25.2,81.91,70.9,14,14,2/2,cluster/cluster
2021-12-13,27.01,29.9,24.4,78.54,64.7,16,16,2/2,cluster/cluster
2021-12-14,28.21,32.1,25.3,74.41,61.5,11,11,2/2,cluster/cluster
2021-12-15,27.65,30.6,25.7,78.46,67.6,14,14,2/2,cluster/cluster
2021-12-16,28.44,31.4,25.7,75.72,64.7,13,13,2/2,cluster/cluster
2021-12-17,26.58,30.4,24.7,86.81,73.1,15,15,2/2,cluster/cluster
2021-12-18,27.91,31.3,24.7,79.39,58.5,16,16,2/2,cluster/cluster
2021-12-19,26.94,30.2,23.7,81.83,63.5,15,15,2/2,cluster/cluster
2021-12-20,27.62,31.2,24.5,76.04,57.4,16,16,2/2,cluster/cluster
2021-12-21,29.05,33.5,25.4,73.06,51.6,14,14,2/2,cluster/cluster
2021-12-22,28.52,32.2,26.2,76.26,59.9,14,14,2/2,cluster/cluster
2021-12-23,27.59,30.3,25.7,79.06,59.8,14,14,2/2,cluster/cluster
2021-12-24,27.64,31.8,24.7,83.07,61.0,15,15,2/2,cluster/cluster
2021-12-25,27.37,30.6,26.0,83.95,66.2,16,16,2/2,cluster/cluster
2021-12-26,27.73,30.5,24.7,80.82,65.3,16,16,2/2,cluster/cluster
2021-12-27,28.73,33.2,25.4,71.92,50.7,16,16,2/2,cluster/cluster
2021-12-28,28.52,32.7,25.4,70.9,53.0,16,16,2/2,cluster/cluster
2021-12-29,27.17,29.8,25.2,81.41,69.4,16,16,2/2,cluster/cluster
2021-12-30,27.61,30.6,25.3,80.83,65.6,16,16,2/2,cluster/cluster
2021-12-31,24.89,26.4,23.7,93.74,87.6,18,18,2/2,cluster/cluster
2022-01-01,25.75,30.4,23.7,86.91,66.2,14,14,2/2,cluster/cluster
2022-01-02,23.93,24.7,23.6,96.53,94.4,16,16,2/2,cluster/cluster
2022-01-03,25.73,29.4,23.2,85.48,70.0,16,16,2/2,cluster/cluster
2022-01-04,25.94,29.7,23.9,86.79,70.1,15,15,2/2,cluster/cluster
2022-01-05,27.81,32.1,24.7,76.95,54.7,16,16,2/2,cluster/cluster
2022-01-06,28.5,32.1,25.2,72.01,55.9,16,16,2/2,cluster/cluster
2022-01-07,27.82,32.2,24.9,78.36,60.0,16,16,2/2,cluster/cluster
2022-01-08,27.64,29.9,25.6,80.17,66.2,16,16,2/2,cluster/cluster
2022-01-09,28.28,31.2,25.2,76.09,59.9,16,16,2/2,cluster/cluster
2022-01-10,28.19,31.2,25.4,72.04,56.0,16,16,2/2,cluster/cluster
2022-01-11,27.79,30.9,24.7,72.85,59.6,16,16,2/2,cluster/cluster
2022-01-12,27.92,32.1,24.9,71.31,54.0,16,16,2/2,cluster/cluster
2022-01-13,27.76,31.9,24.2,68.17,53.1,16,16,2/2,cluster/cluster
2022-01-14,27.51,30.9,24.5,69.42,54.1,16,16,2/2,cluster/cluster
2022-01-15,28.02,31.2,25.0,68.52,54.6,16,16,2/2,cluster/cluster
2022-01-16,27.75,30.6,25.3,73.01,59.0,16,16,2/2,cluster/cluster
2022-01-17,27.57,30.2,25.6,78.38,66.4,16,16,2/2,cluster/cluster
2022-01-18,28.24,31.7,25.2,68.64,52.0,16,16,2/2,cluster/cluster
2022-01-19,27.47,31.0,24.9,74.01,57.8,16,16,2/2,cluster/cluster
2022-01-20,27.71,31.4,25.2,72.39,52.9,16,16,2/2,cluster/cluster
2022-01-21,27.73,32.2,24.6,72.62,56.4,16,16,2/2,cluster/cluster
2022-01-22,28.21,33.4,24.9,71.44,49.3,16,16,2/2,cluster/cluster
2022-01-23,28.37,32.8,24.9,69.64,49.5,16,16,2/2,cluster/cluster
2022-01-24,28.15,32.0,24.7,72.1,52.4,16,16,2/2,cluster/cluster
2022-01-25,27.7,32.1,24.6,72.7,52.8,10,10,2/2,cluster/cluster
2022-01-26,28.01,31.3,25.4,70.39,53.1,8,8,2/2,cluster/cluster
2022-01-27,28.3,32.0,25.0,67.9,51.0,10,10,2/2,cluster/cluster
2022-01-28,28.71,32.9,24.8,68.17,50.3,16,16,2/2,cluster/cluster
2022-01-29,28.41,32.6,24.7,70.19,50.0,16,16,2/2,cluster/cluster
2022-01-30,27.58,32.0,25.0,76.41,56.4,9,9,2/2,cluster/cluster
2022-01-31,28.09,32.2,25.1,73.67,54.7,8,8,2/2,cluster/cluster
2022-02-01,27.91,31.2,25.1,73.76,57.3,8,8,2/2,cluster/cluster
2022-02-02,28.31,31.8,25.4,70.66,52.9,8,8,2/2,cluster/cluster
2022-02-03,28.39,31.5,25.5,73.99,55.4,8,8,2/2,cluster/cluster
2022-02-04,28.4,31.1,26.0,72.85,56.6,8,8,2/2,cluster/cluster
2022-02-05,27.74,30.2,26.2,76.3,60.4,8,8,2/2,cluster/cluster
2022-02-06,25.88,28.7,24.5,87.21,72.6,8,8,2/2,cluster/cluster
2022-02-07,26.55,28.8,25.0,82.4,71.0,8,8,2/2,cluster/cluster
2022-02-08,26.36,29.5,24.1,83.86,69.2,10,10,2/2,cluster/cluster
2022-02-09,26.09,30.0,24.2,85.01,66.4,16,16,2/2,cluster/cluster
2022-02-10,24.42,25.7,23.4,92.46,85.4,16,16,2/2,cluster/cluster
2022-02-11,25.65,29.3,23.0,81.77,66.9,16,16,2/2,cluster/cluster
2022-02-12,27.46,32.6,23.6,74.68,54.2,16,16,2/2,cluster/cluster
2022-02-13,27.55,31.9,24.7,77.32,58.4,16,16,2/2,cluster/cluster
2022-02-14,27.81,32.2,25.1,79.85,63.5,16,16,2/2,cluster/cluster
2022-02-15,28.61,32.3,26.1,77.81,56.8,16,16,2/2,cluster/cluster
2022-02-16,26.23,27.2,24.2,83.29,70.7,16,16,2/2,cluster/cluster
2022-02-17,27.95,32.3,23.1,73.13,56.2,16,16,2/2,cluster/cluster
2022-02-18,28.82,31.7,26.2,73.68,58.7,16,16,2/2,cluster/cluster
2022-02-19,27.72,31.1,25.8,78.92,60.5,16,16,2/2,cluster/cluster
2022-02-20,28.54,33.5,24.7,76.35,52.7,16,16,2/2,cluster/cluster
2022-02-21,28.5,33.1,25.2,73.53,52.2,16,16,2/2,cluster/cluster
2022-02-22,28.32,32.8,25.5,71.06,51.5,16,16,2/2,cluster/cluster
2022-02-23,27.69,31.2,25.4,75.86,61.5,18,18,2/2,cluster/cluster
2022-02-24,24.8,26.5,23.5,88.14,80.7,14,14,2/2,cluster/cluster
2022-02-25,26.88,32.1,23.2,77.33,58.8,16,16,2/2,cluster/cluster
2022-02-26,27.23,29.5,25.2,76.38,62.9,16,16,2/2,cluster/cluster
2022-02-27,25.94,28.4,24.5,89.08,75.9,16,16,2/2,cluster/cluster
2022-02-28,28.0,31.2,25.1,77.86,59.8,16,16,2/2,cluster/cluster
2022-03-01,27.54,30.7,25.1,78.83,61.4,16,16,2/2,cluster/cluster
2022-03-02,27.17,32.3,24.4,82.01,55.6,16,16,2/2,cluster/cluster
2022-03-03,27.54,31.6,24.6,80.76,57.2,16,16,2/2,cluster/cluster
2022-03-04,27.72,31.1,25.2,78.62,65.0,16,16,2/2,cluster/cluster
2022-03-05,28.19,32.9,24.7,74.18,50.0,16,16,2/2,cluster/cluster
2022-03-06,27.18,31.3,25.0,81.41,60.0,16,16,2/2,cluster/cluster
2022-03-07,27.26,32.2,23.6,82.4,58.9,16,16,2/2,cluster/cluster
2022-03-08,27.69,30.9,24.9,80.56,62.7,16,16,2/2,cluster/cluster
2022-03-09,28.16,31.6,25.7,79.28,63.9,16,16,2/2,cluster/cluster
2022-03-10,28.13,31.7,26.0,78.49,60.8,16,16,2/2,cluster/cluster
2022-03-11,28.43,32.8,24.7,75.9,55.1,16,16,2/2,cluster/cluster
2022-03-12,28.51,32.9,25.0,73.17,49.0,16,16,2/2,cluster/cluster
2022-03-13,29.1,34.5,24.2,70.67,47.4,16,16,2/2,cluster/cluster
2022-03-14,28.49,33.0,26.1,78.59,57.3,16,16,2/2,cluster/cluster
2022-03-15,26.48,29.3,24.8,87.3,76.3,16,16,2/2,cluster/cluster
2022-03-16,28.26,32.3,24.9,75.08,55.3,16,16,2/2,cluster/cluster
2022-03-17,27.63,31.6,25.6,82.31,56.7,16,16,2/2,cluster/cluster
2022-03-18,28.44,32.3,25.3,74.56,55.3,16,16,2/2,cluster/cluster
2022-03-19,30.0,34.4,26.2,68.18,43.0,16,16,2/2,cluster/cluster
2022-03-20,29.39,33.1,26.7,73.13,52.1,16,16,2/2,cluster/cluster
2022-03-21,28.25,31.7,23.7,71.07,53.6,16,16,2/2,cluster/cluster
2022-03-22,27.91,30.0,26.6,83.44,78.8,16,16,2/2,cluster/cluster
2022-03-23,27.86,32.3,25.6,80.68,57.5,16,16,2/2,cluster/cluster
2022-03-24,29.03,33.8,24.9,75.58,52.8,16,16,2/2,cluster/cluster
2022-03-25,29.0,34.6,26.3,75.84,48.3,16,16,2/2,cluster/cluster
2022-03-26,29.32,34.5,25.3,73.96,50.2,16,16,2/2,cluster/cluster
2022-03-27,29.17,33.6,25.0,71.74,53.6,16,16,2/2,cluster/cluster
2022-03-28,28.76,33.0,23.8,74.46,55.4,16,16,2/2,cluster/cluster
2022-03-29,28.97,33.7,25.8,74.83,54.7,16,16,2/2,cluster/cluster
2022-03-30,29.46,34.5,25.3,73.63,48.6,16,16,2/2,cluster/cluster
2022-03-31,27.51,30.1,25.9,81.59,63.4,16,16,2/2,cluster/cluster
2022-04-01,29.61,34.9,25.5,70.51,45.6,16,16,2/2,cluster/cluster
2022-04-02,28.81,32.7,26.1,74.93,57.4,16,16,2/2,cluster/cluster
2022-04-03,26.21,29.6,23.9,88.25,72.5,16,16,2/2,cluster/cluster
2022-04-04,28.06,33.1,23.6,74.55,52.2,16,16,2/2,cluster/cluster
2022-04-05,27.66,30.4,25.9,79.83,65.5,16,16,2/2,cluster/cluster
2022-04-06,28.86,33.6,24.8,73.11,53.4,16,16,2/2,cluster/cluster
2022-04-07,26.3,27.6,24.3,83.23,75.4,16,16,2/2,cluster/cluster
2022-04-08,28.42,33.3,24.9,72.94,47.6,16,16,2/2,cluster/cluster
2022-04-09,27.11,31.5,23.1,79.72,58.3,16,16,2/2,cluster/cluster
2022-04-10,27.66,32.0,25.2,80.22,55.8,16,16,2/2,cluster/cluster
2022-04-11,26.64,29.8,25.0,86.87,71.7,16,16,2/2,cluster/cluster
2022-04-12,28.39,33.2,24.6,77.87,55.3,16,16,2/2,cluster/cluster
2022-04-13,28.41,32.3,25.8,77.55,57.7,16,16,2/2,cluster/cluster
2022-04-14,28.94,32.8,23.4,71.7,56.0,16,16,2/2,cluster/cluster
2022-04-15,28.18,29.9,24.8,79.79,66.3,16,16,2/2,cluster/cluster
2022-04-16,29.05,32.4,24.5,73.83,59.3,16,16,2/2,cluster/cluster
2022-04-17,29.78,34.6,26.4,73.97,50.8,16,16,2/2,cluster/cluster
2022-04-18,28.14,32.2,24.5,79.28,57.4,16,16,2/2,cluster/cluster
2022-04-19,27.87,32.4,25.8,80.14,60.9,16,16,2/2,cluster/cluster
2022-04-20,28.74,33.5,25.3,76.99,53.5,16,16,2/2,cluster/cluster
2022-04-21,25.41,26.6,24.0,90.31,80.1,16,16,2/2,cluster/cluster
2022-04-22,28.62,32.5,24.4,77.12,59.5,16,16,2/2,cluster/cluster
2022-04-23,28.75,33.6,25.3,78.54,54.1,16,16,2/2,cluster/cluster
2022-04-24,28.96,33.1,25.4,76.55,53.4,16,16,2/2,cluster/cluster
2022-04-25,28.19,31.7,26.2,81.06,62.1,16,16,2/2,cluster/cluster
2022-04-26,28.84,31.9,25.4,77.21,59.5,16,16,2/2,cluster/cluster
2022-04-27,28.06,31.4,26.3,79.53,61.1,16,16,2/2,cluster/cluster
2022-04-28,29.02,33.8,26.0,78.18,57.6,16,16,2/2,cluster/cluster
2022-04-29,29.34,33.4,25.8,74.72,55.4,16,16,2/2,cluster/cluster
2022-04-30,28.92,33.5,24.7,77.29,59.0,16,16,2/2,cluster/cluster
2022-05-01,28.93,32.0,26.4,80.39,64.0,16,16,2/2,cluster/cluster
2022-05-02,28.49,31.6,24.7,78.03,61.8,16,16,2/2,cluster/cluster
2022-05-03,28.52,32.4,24.7,76.19,55.1,16,16,2/2,cluster/cluster
2022-05-04,28.34,31.0,24.4,78.92,63.0,16,16,2/2,cluster/cluster
2022-05-05,29.39,32.2,26.1,74.66,59.2,16,16,2/2,cluster/cluster
2022-05-06,30.37,33.0,27.3,71.14,56.7,16,16,2/2,cluster/cluster
2022-05-07,27.85,29.6,25.6,84.36,75.1,18,18,2/2,cluster/cluster
2022-05-08,28.18,30.0,26.1,80.77,71.7,16,16,2/2,cluster/cluster
2022-05-09,30.51,33.5,27.3,73.12,58.1,14,14,2/2,cluster/cluster
2022-05-10,30.34,34.2,26.9,74.39,54.6,16,16,2/2,cluster/cluster
2022-05-11,28.09,30.3,24.9,80.17,66.5,16,16,2/2,cluster/cluster
2022-05-12,29.92,32.9,26.7,70.06,53.1,16,16,2/2,cluster/cluster
2022-05-13,30.27,35.4,26.7,68.34,43.8,16,16,2/2,cluster/cluster
2022-05-14,29.59,33.7,27.4,77.64,58.3,16,16,2/2,cluster/cluster
2022-05-15,28.86,32.6,25.5,81.03,60.5,16,16,2/2,cluster/cluster
2022-05-16,27.34,30.7,25.7,81.96,63.0,16,16,2/2,cluster/cluster
2022-05-17,29.48,33.3,25.2,73.01,51.7,16,16,2/2,cluster/cluster
2022-05-18,30.36,34.2,26.4,71.19,47.6,16,16,2/2,cluster/cluster
2022-05-19,28.52,31.5,24.2,78.66,63.2,16,16,2/2,cluster/cluster
2022-05-20,28.82,33.3,26.3,77.87,54.5,16,16,2/2,cluster/cluster
2022-05-21,29.18,32.3,25.8,74.58,59.0,16,16,2/2,cluster/cluster
2022-05-22,29.88,32.4,27.1,71.54,57.0,16,16,2/2,cluster/cluster
2022-05-23,29.38,33.5,26.2,74.35,54.2,18,18,2/2,cluster/cluster
2022-05-24,30.1,34.1,25.4,71.03,51.7,14,14,2/2,cluster/cluster
2022-05-25,27.47,30.8,24.8,83.83,65.8,15,15,2/2,cluster/cluster
2022-05-26,28.72,32.4,24.5,71.71,56.2,16,16,2/2,cluster/cluster
2022-05-27,29.95,33.6,26.1,69.9,48.4,16,16,2/2,cluster/cluster
2022-05-28,29.43,32.3,26.8,70.61,54.6,16,16,2/2,cluster/cluster
2022-05-29,30.44,34.0,27.5,65.07,48.0,16,16,2/2,cluster/cluster
2022-05-30,30.59,34.0,27.1,66.08,47.7,16,16,2/2,cluster/cluster
2022-05-31,30.64,33.6,27.6,68.94,52.6,16,16,2/2,cluster/cluster
2022-06-01,29.12,31.2,27.7,74.81,60.9,16,16,2/2,cluster/cluster
2022-06-02,28.25,31.1,26.3,76.78,60.6,16,16,2/2,cluster/cluster
2022-06-03,28.14,30.8,25.9,77.83,62.0,16,16,2/2,cluster/cluster
2022-06-04,28.58,32.5,23.9,75.44,55.3,16,16,2/2,cluster/cluster
2022-06-05,27.56,31.7,24.0,81.8,63.9,16,16,2/2,cluster/cluster
2022-06-06,28.61,31.7,24.8,74.04,54.7,16,16,2/2,cluster/cluster
2022-06-07,27.47,29.0,25.7,82.0,73.0,16,16,2/2,cluster/cluster
2022-06-08,28.74,33.7,25.0,74.85,47.5,18,18,2/2,cluster/cluster
2022-06-09,27.71,31.5,25.4,80.18,63.4,16,16,2/2,cluster/cluster
2022-06-10,28.82,34.2,25.3,75.16,47.4,16,16,2/2,cluster/cluster
2022-06-11,27.69,30.9,23.4,79.39,64.6,16,16,2/2,cluster/cluster
2022-06-12,27.17,29.4,25.3,80.16,67.3,16,16,2/2,cluster/cluster
2022-06-13,27.99,32.2,22.3,75.38,52.9,14,14,2/2,cluster/cluster
2022-06-14,27.97,31.9,24.6,76.47,56.0,16,16,2/2,cluster/cluster
2022-06-15,28.19,31.2,25.2,78.94,58.0,16,16,2/2,cluster/cluster
2022-06-16,26.06,28.2,24.7,88.73,79.6,16,16,2/2,cluster/cluster
2022-06-17,28.02,31.1,25.2,77.55,58.7,16,16,2/2,cluster/cluster
2022-06-18,28.09,31.5,25.0,75.34,54.9,16,16,2/2,cluster/cluster
2022-06-19,28.15,31.5,24.7,75.97,58.9,16,16,2/2,cluster/cluster
2022-06-20,26.63,28.8,24.8,82.16,70.4,16,16,2/2,cluster/cluster
2022-06-21,26.75,28.5,23.7,85.12,73.8,18,18,2/2,cluster/cluster
2022-06-22,28.29,31.2,25.8,74.46,60.5,14,14,2/2,cluster/cluster
2022-06-23,26.9,28.8,24.8,82.78,67.8,16,16,2/2,cluster/cluster
2022-06-24,27.25,30.3,24.1,82.0,64.8,16,16,2/2,cluster/cluster
2022-06-25,26.79,28.8,24.6,83.47,69.1,16,16,2/2,cluster/cluster
2022-06-26,29.11,32.6,25.4,74.06,53.5,16,16,2/2,cluster/cluster
2022-06-27,29.16,32.5,25.8,74.73,53.9,15,15,2/2,cluster/cluster
2022-06-28,27.61,31.9,24.7,81.04,57.9,16,16,2/2,cluster/cluster
2022-06-29,28.36,31.9,24.8,73.47,52.3,16,16,2/2,cluster/cluster
2022-06-30,27.3,29.0,24.6,75.38,59.5,16,16,2/2,cluster/cluster
2022-07-01,29.2,32.2,26.6,69.89,51.2,16,16,2/2,cluster/cluster
2022-07-02,29.33,32.1,26.7,67.95,48.6,16,16,2/2,cluster/cluster
2022-07-03,29.66,32.4,26.4,68.28,55.1,16,16,2/2,cluster/cluster
2022-07-04,29.83,33.1,25.9,69.26,52.2,16,16,2/2,cluster/cluster
2022-07-05,27.77,31.5,26.2,78.66,68.2,16,16,2/2,cluster/cluster
2022-07-06,27.82,31.4,26.1,77.92,63.7,16,16,2/2,cluster/cluster
2022-07-07,29.33,33.1,25.6,70.12,50.3,16,16,2/2,cluster/cluster
2022-07-08,29.21,32.4,25.1,67.83,51.1,16,16,2/2,cluster/cluster
2022-07-09,30.11,32.8,26.8,67.88,53.1,16,16,2/2,cluster/cluster
2022-07-10,28.3,29.8,26.7,75.09,60.4,16,16,2/2,cluster/cluster
2022-07-11,28.83,31.9,25.6,72.95,56.1,16,16,2/2,cluster/cluster
2022-07-12,28.41,30.5,26.4,76.66,63.7,16,16,2/2,cluster/cluster
2022-07-13,29.02,31.6,26.7,71.8,56.8,16,16,2/2,cluster/cluster
2022-07-14,29.37,32.1,27.3,73.96,57.5,16,16,2/2,cluster/cluster
2022-07-15,28.97,31.5,26.7,78.24,67.9,16,16,2/2,cluster/cluster
2022-07-16,29.72,32.4,27.0,69.64,54.7,16,16,2/2,cluster/cluster
2022-07-17,30.62,34.2,28.0,69.81,52.3,16,16,2/2,cluster/cluster
2022-07-18,30.38,33.2,28.0,69.71,54.8,16,16,2/2,cluster/cluster
2022-07-19,30.46,33.4,27.8,68.7,52.0,16,16,2/2,cluster/cluster
2022-07-20,27.19,29.5,23.9,76.67,61.6,16,16,2/2,cluster/cluster
2022-07-21,28.27,31.2,25.9,77.58,62.2,16,16,2/2,cluster/cluster
2022-07-22,26.98,30.4,25.1,83.96,65.6,18,18,2/2,cluster/cluster
2022-07-23,28.68,32.9,25.0,74.56,52.8,14,14,2/2,cluster/cluster
2022-07-24,27.23,31.8,24.6,81.62,53.3,16,16,2/2,cluster/cluster
2022-07-25,27.07,31.0,24.6,82.16,59.9,16,16,2/2,cluster/cluster
2022-07-26,26.71,29.8,24.1,81.76,59.5,16,16,2/2,cluster/cluster
2022-07-27,29.47,32.3,26.0,69.9,53.4,16,16,2/2,cluster/cluster
2022-07-28,28.09,29.9,26.3,81.87,72.9,16,16,2/2,cluster/cluster
2022-07-29,27.31,30.3,23.6,83.63,72.1,16,16,2/2,cluster/cluster
2022-07-30,28.48,32.0,24.9,74.91,58.8,16,16,2/2,cluster/cluster
2022-07-31,29.49,32.6,26.7,72.36,55.0,16,16,2/2,cluster/cluster
2022-08-01,28.08,30.7,25.4,78.73,56.5,18,18,2/2,cluster/cluster
2022-08-02,26.31,31.2,23.6,86.87,69.7,14,14,2/2,cluster/cluster
2022-08-03,26.18,28.4,24.6,86.21,73.0,16,16,2/2,cluster/cluster
2022-08-04,26.0,28.5,23.6,85.03,72.5,16,16,2/2,cluster/cluster
2022-08-05,27.78,30.6,24.9,74.36,56.6,16,16,2/2,cluster/cluster
2022-08-06,29.32,32.8,25.5,66.12,48.9,16,16,2/2,cluster/cluster
2022-08-07,28.39,31.1,23.3,73.14,61.9,16,16,2/2,cluster/cluster
2022-08-08,29.95,32.6,27.4,68.99,53.3,16,16,2/2,cluster/cluster
2022-08-09,29.84,32.9,26.3,67.64,50.7,16,16,2/2,cluster/cluster
2022-08-10,29.81,32.4,27.2,68.69,52.6,16,16,2/2,cluster/cluster
2022-08-11,30.36,33.0,27.6,67.53,51.5,16,16,2/2,cluster/cluster
2022-08-12,29.59,33.3,24.4,72.95,58.5,16,16,2/2,cluster/cluster
2022-08-13,26.95,29.8,24.8,84.38,74.0,16,16,2/2,cluster/cluster
2022-08-14,27.38,32.2,24.3,79.89,57.4,16,16,2/2,cluster/cluster
2022-08-15,28.61,31.0,25.8,76.12,59.2,16,16,2/2,cluster/cluster
2022-08-16,27.36,30.5,22.5,80.05,66.6,16,16,2/2,cluster/cluster
2022-08-17,29.28,32.8,25.9,73.15,54.8,18,18,2/2,cluster/cluster
2022-08-18,28.16,31.2,25.5,75.31,59.6,14,14,2/2,cluster/cluster
2022-08-19,27.75,31.5,25.0,79.65,62.3,11,11,2/2,cluster/cluster
2022-08-20,27.59,31.2,25.0,84.96,66.1,8,8,2/2,cluster/cluster
2022-08-21,26.63,29.7,23.7,84.76,70.2,9,9,2/2,cluster/cluster
2022-08-22,29.34,31.8,25.3,70.46,54.8,7,7,2/2,cluster/cluster
2022-08-23,26.38,27.6,25.4,86.46,81.9,8,8,2/2,cluster/cluster
2022-08-24,27.8,31.5,24.7,80.22,58.3,8,8,2/2,cluster/cluster
2022-08-25,26.82,30.1,24.9,85.22,71.3,12,12,2/2,cluster/cluster
2022-08-26,25.58,26.3,25.1,90.28,84.3,16,16,2/2,cluster/cluster
2022-08-27,26.21,32.3,22.3,84.58,56.0,16,16,2/2,cluster/cluster
2022-08-28,26.71,30.3,24.1,84.21,67.7,16,16,2/2,cluster/cluster
2022-08-29,26.67,29.1,24.7,83.75,70.2,16,16,2/2,cluster/cluster
2022-08-30,27.36,30.1,25.8,79.34,65.2,16,16,2/2,cluster/cluster
2022-08-31,28.71,32.3,25.3,72.07,47.6,16,16,2/2,cluster/cluster
2022-09-01,28.23,32.0,25.8,78.22,57.5,16,16,2/2,cluster/cluster
2022-09-02,26.43,28.1,25.2,84.96,73.2,18,18,2/2,cluster/cluster
2022-09-03,28.86,31.6,25.9,71.25,51.8,14,14,2/2,cluster/cluster
2022-09-04,27.39,29.3,25.6,81.46,68.5,16,16,2/2,cluster/cluster
2022-09-05,26.57,31.6,23.0,86.12,70.9,16,16,2/2,cluster/cluster
2022-09-06,28.49,32.2,24.6,74.23,52.3,16,16,2/2,cluster/cluster
2022-09-07,27.06,28.6,25.8,79.64,67.5,16,16,2/2,cluster/cluster
2022-09-08,28.75,32.5,26.2,71.06,48.1,16,16,2/2,cluster/cluster
2022-09-09,26.21,27.3,24.9,84.78,74.6,16,16,2/2,cluster/cluster
2022-09-10,28.32,31.6,25.7,75.87,59.5,16,16,2/2,cluster/cluster
2022-09-11,26.92,29.3,24.1,81.21,71.0,16,16,2/2,cluster/cluster
2022-09-12,28.03,31.7,24.6,72.69,54.5,16,16,2/2,cluster/cluster
2022-09-13,27.51,30.6,25.4,78.85,65.8,16,16,2/2,cluster/cluster
2022-09-14,27.07,29.2,25.6,74.46,66.0,16,16,2/2,cluster/cluster
2022-09-15,28.52,31.6,25.4,71.76,54.8,16,16,2/2,cluster/cluster
2022-09-16,29.2,32.8,25.9,70.72,50.8,16,16,2/2,cluster/cluster
2022-09-17,28.33,30.3,26.1,77.55,65.3,16,16,2/2,cluster/cluster
2022-09-18,25.68,28.1,22.6,88.78,80.9,16,16,2/2,cluster/cluster
2022-09-19,27.69,30.2,25.2,73.75,60.1,16,16,2/2,cluster/cluster
2022-09-20,27.26,29.3,25.6,78.54,68.9,16,16,2/2,cluster/cluster
2022-09-21,28.93,32.2,25.4,72.88,50.3,16,16,2/2,cluster/cluster
2022-09-22,26.61,28.7,22.8,79.76,56.9,16,16,2/2,cluster/cluster
2022-09-23,29.21,32.5,25.9,66.28,43.9,16,16,2/2,cluster/cluster
2022-09-24,28.06,31.6,25.2,78.05,57.3,16,16,2/2,cluster/cluster
2022-09-25,26.38,31.0,22.6,82.97,61.2,16,16,2/2,cluster/cluster
2022-09-26,27.98,30.4,25.4,78.03,66.5,16,16,2/2,cluster/cluster
2022-09-27,28.96,32.2,25.3,70.34,47.8,16,16,2/2,cluster/cluster
2022-09-28,28.65,31.7,25.2,72.44,55.2,16,16,2/2,cluster/cluster
2022-09-29,28.37,31.6,24.0,74.94,60.0,16,16,2/2,cluster/cluster
2022-09-30,29.12,32.8,25.7,72.82,49.6,16,16,2/2,cluster/cluster
2022-10-01,27.04,30.1,24.6,84.47,68.6,16,16,2/2,cluster/cluster
2022-10-02,27.31,31.7,23.4,78.47,57.7,16,16,2/2,cluster/cluster
2022-10-03,26.99,31.8,23.8,84.28,57.3,16,16,2/2,cluster/cluster
2022-10-04,26.56,30.8,24.6,84.84,60.8,16,16,2/2,cluster/cluster
2022-10-05,26.05,28.5,23.5,85.14,70.9,16,16,2/2,cluster/cluster
2022-10-06,25.85,29.5,23.8,88.86,73.1,16,16,2/2,cluster/cluster
2022-10-07,25.16,28.2,23.7,91.16,78.5,16,16,2/2,cluster/cluster
2022-10-08,27.68,31.6,23.6,77.17,54.4,16,16,2/2,cluster/cluster
2022-10-09,27.81,30.8,24.8,77.39,57.9,16,16,2/2,cluster/cluster
2022-10-10,26.74,28.8,23.2,80.41,68.8,16,16,2/2,cluster/cluster
2022-10-11,28.84,33.3,24.9,71.66,48.4,16,16,2/2,cluster/cluster
2022-10-12,26.4,29.3,24.3,78.86,63.1,16,16,2/2,cluster/cluster
2022-10-13,28.54,32.4,24.9,72.38,52.3,16,16,2/2,cluster/cluster
2022-10-14,27.88,30.3,25.2,77.54,68.5,16,16,2/2,cluster/cluster
2022-10-15,28.73,32.1,25.9,73.41,60.3,16,16,2/2,cluster/cluster
2022-10-16,27.36,30.9,23.4,78.34,58.9,16,16,2/2,cluster/cluster
2022-10-17,28.06,31.4,23.7,72.15,55.8,16,16,2/2,cluster/cluster
2022-10-18,28.39,31.4,25.3,73.28,52.3,16,16,2/2,cluster/cluster
2022-10-19,29.18,32.1,26.3,71.12,48.6,16,16,2/2,cluster/cluster
2022-10-20,29.96,33.8,26.5,67.38,41.9,16,16,2/2,cluster/cluster
2022-10-21,27.23,30.0,24.7,84.48,72.2,16,16,2/2,cluster/cluster
2022-10-22,27.31,31.0,24.1,81.33,61.9,16,16,2/2,cluster/cluster
2022-10-23,26.7,29.8,23.9,80.36,63.4,16,16,2/2,cluster/cluster
2022-10-24,27.43,30.2,25.4,80.61,64.9,16,16,2/2,cluster/cluster
2022-10-25,27.51,31.1,23.7,78.08,60.5,16,16,2/2,cluster/cluster
2022-10-26,25.82,28.8,23.7,87.46,76.6,16,16,2/2,cluster/cluster
2022-10-27,27.73,31.2,24.1,73.1,56.3,16,16,2/2,cluster/cluster
2022-10-28,28.35,31.9,25.1,73.11,54.5,16,16,2/2,cluster/cluster
2022-10-29,28.17,31.9,25.4,73.7,57.8,16,16,2/2,cluster/cluster
2022-10-30,28.61,32.4,25.4,72.42,57.6,16,16,2/2,cluster/cluster
2022-10-31,27.32,31.2,23.6,77.86,60.1,16,16,2/2,cluster/cluster
2022-11-01,27.27,29.8,24.6,81.41,66.1,16,16,2/2,cluster/cluster
2022-11-02,27.93,31.4,25.3,79.61,60.8,16,16,2/2,cluster/cluster
2022-11-03,27.56,30.6,25.4,79.8,64.4,16,16,2/2,cluster/cluster
2022-11-04,28.61,32.2,23.9,71.78,51.3,16,16,2/2,cluster/cluster
2022-11-05,25.19,27.0,22.4,90.19,77.3,18,18,2/2,cluster/cluster
2022-11-06,27.12,30.5,24.5,79.31,59.4,16,16,2/2,cluster/cluster
2022-11-07,27.6,33.1,23.9,77.01,52.5,16,16,2/2,cluster/cluster
2022-11-08,26.62,30.9,24.3,84.45,61.5,16,16,2/2,cluster/cluster
2022-11-09,26.59,28.7,24.3,83.72,74.9,16,16,2/2,cluster/cluster
2022-11-10,26.47,30.1,24.1,86.63,66.9,16,16,2/2,cluster/cluster
2022-11-11,27.25,30.1,24.4,81.77,65.9,16,16,2/2,cluster/cluster
2022-11-12,26.24,30.3,24.5,90.46,66.3,14,14,2/2,cluster/cluster
2022-11-13,26.27,30.0,24.1,88.83,68.5,16,16,2/2,cluster/cluster
2022-11-14,27.06,31.1,23.2,81.81,61.8,16,16,2/2,cluster/cluster
2022-11-15,27.84,31.2,23.8,74.86,58.8,16,16,2/2,cluster/cluster
2022-11-16,28.51,33.2,24.8,76.78,53.9,16,16,2/2,cluster/cluster
2022-11-17,27.56,31.2,24.5,78.0,61.2,16,16,2/2,cluster/cluster
2022-11-18,28.55,31.2,26.4,73.64,61.4,16,16,2/2,cluster/cluster
2022-11-19,25.73,27.3,23.1,86.86,79.1,16,16,2/2,cluster/cluster
2022-11-20,27.44,30.0,24.0,78.97,65.4,16,16,2/2,cluster/cluster
2022-11-21,28.19,31.6,24.3,75.54,57.2,16,16,2/2,cluster/cluster
2022-11-22,29.18,31.9,26.3,73.38,55.1,16,16,2/2,cluster/cluster
2022-11-23,27.45,30.1,25.1,77.92,65.1,16,16,2/2,cluster/cluster
2022-11-24,29.07,33.3,26.0,72.38,49.3,16,16,2/2,cluster/cluster
2022-11-25,27.34,30.4,23.6,78.49,65.1,8,8,2/2,cluster/cluster
2022-11-26,28.79,32.1,26.2,72.33,56.4,8,8,2/2,cluster/cluster
2022-11-27,26.35,28.2,25.1,79.47,73.0,8,8,2/2,cluster/cluster
2022-11-28,27.06,31.2,24.1,78.69,58.3,8,8,2/2,cluster/cluster
2022-11-29,27.27,31.4,25.0,78.64,57.8,8,8,2/2,cluster/cluster
2022-11-30,28.3,33.1,24.5,74.98,50.0,12,12,2/2,cluster/cluster
2022-12-01,26.24,30.9,24.1,86.64,62.4,16,16,2/2,cluster/cluster
2022-12-02,25.94,28.6,23.8,86.16,71.0,16,16,2/2,cluster/cluster
2022-12-03,27.29,30.8,23.4,79.43,60.4,16,16,2/2,cluster/cluster
2022-12-04,27.82,30.9,23.5,78.66,64.4,16,16,2/2,cluster/cluster
2022-12-05,26.13,29.5,23.7,89.6,74.4,16,16,2/2,cluster/cluster
2022-12-06,27.06,31.2,24.1,82.68,56.5,16,16,2/2,cluster/cluster
2022-12-07,27.76,31.9,25.1,79.56,59.6,16,16,2/2,cluster/cluster
2022-12-08,26.99,30.1,24.6,83.54,66.4,16,16,2/2,cluster/cluster
2022-12-09,26.2,28.3,24.0,84.11,70.5,16,16,2/2,cluster/cluster
2022-12-10,26.81,30.1,24.0,81.28,62.4,16,16,2/2,cluster/cluster
2022-12-11,24.88,26.1,23.5,92.21,79.6,16,16,2/2,cluster/cluster
2022-12-12,26.72,29.9,24.1,80.76,63.4,16,16,2/2,cluster/cluster
2022-12-13,26.36,30.6,24.6,87.51,73.3,16,16,2/2,cluster/cluster
2022-12-14,25.15,26.2,24.2,91.62,86.2,16,16,2/2,cluster/cluster
2022-12-15,25.73,27.9,24.3,87.44,74.8,16,16,2/2,cluster/cluster
2022-12-16,27.46,33.1,24.2,78.46,52.9,18,18,2/2,cluster/cluster
2022-12-17,27.19,31.4,24.8,82.89,61.0,14,14,2/2,cluster/cluster
2022-12-18,26.81,31.0,24.1,84.06,59.3,16,16,2/2,cluster/cluster
2022-12-19,25.89,27.5,24.6,88.17,82.1,16,16,2/2,cluster/cluster
2022-12-20,26.63,30.9,23.4,82.83,65.9,16,16,2/2,cluster/cluster
2022-12-21,27.79,32.0,24.1,77.44,53.0,16,16,2/2,cluster/cluster
2022-12-22,26.34,28.6,24.7,81.91,71.4,16,16,2/2,cluster/cluster
2022-12-23,26.19,29.4,23.6,82.85,66.5,16,16,2/2,cluster/cluster
2022-12-24,27.06,29.8,24.2,75.95,56.7,16,16,2/2,cluster/cluster
2022-12-25,27.66,30.8,24.5,70.13,54.5,16,16,2/2,cluster/cluster
2022-12-26,27.22,29.7,25.3,72.92,62.7,16,16,2/2,cluster/cluster
2022-12-27,26.92,30.6,24.9,76.32,62.8,18,18,2/2,cluster/cluster
2022-12-28,26.85,28.8,24.8,75.79,64.4,14,14,2/2,cluster/cluster
2022-12-29,27.07,30.3,25.0,77.23,61.0,16,16,2/2,cluster/cluster
2022-12-30,27.64,30.9,24.8,70.16,54.8,16,16,2/2,cluster/cluster
2022-12-31,27.31,30.4,23.6,73.23,58.7,16,16,2/2,cluster/cluster
2023-01-01,25.49,26.2,24.9,83.12,77.8,22,22,2/2,cluster/cluster
2023-01-10,29.76,31.6,26.3,67.9,56.7,8,8,2/2,cluster/cluster
2023-01-11,26.06,30.5,23.3,85.5,63.6,16,16,2/2,cluster/cluster
2023-01-12,27.94,32.7,24.1,74.81,54.3,16,16,2/2,cluster/cluster
2023-01-13,26.99,31.9,25.5,81.12,55.0,16,16,2/2,cluster/cluster
2023-01-14,27.98,32.4,24.5,76.81,54.1,16,16,2/2,cluster/cluster
2023-01-15,27.94,31.5,24.8,79.52,61.8,16,16,2/2,cluster/cluster
2023-01-16,27.74,31.5,25.2,77.72,59.3,16,16,2/2,cluster/cluster
2023-01-17,28.34,31.5,25.3,66.56,47.8,16,16,2/2,cluster/cluster
2023-01-18,27.67,30.7,25.0,73.92,61.3,16,16,2/2,cluster/cluster
2023-01-19,26.28,29.0,24.9,80.81,68.1,16,16,2/2,cluster/cluster
2023-01-20,25.48,27.3,24.0,89.87,79.8,18,18,2/2,cluster/cluster
2023-01-21,27.6,30.2,24.6,77.94,60.8,14,14,2/2,cluster/cluster
2023-01-22,25.79,28.6,24.2,90.66,77.4,16,16,2/2,cluster/cluster
2023-01-23,24.76,26.0,23.7,94.62,86.4,16,16,2/2,cluster/cluster
2023-01-24,23.74,24.5,22.9,96.46,91.8,16,16,2/2,cluster/cluster
2023-01-25,23.45,24.5,22.4,95.7,89.1,16,16,2/2,cluster/cluster
2023-01-26,24.78,27.2,22.9,89.29,76.3,16,16,2/2,cluster/cluster
2023-01-27,27.0,30.2,23.8,77.0,60.0,16,16,2/2,cluster/cluster
2023-01-28,24.17,25.3,23.5,90.21,83.0,16,16,2/2,cluster/cluster
2023-01-29,24.26,25.8,23.2,89.29,78.2,16,16,2/2,cluster/cluster
2023-01-30,25.47,27.7,23.6,87.26,73.2,16,16,2/2,cluster/cluster
2023-01-31,24.76,26.5,24.0,91.19,84.8,16,16,2/2,cluster/cluster
2023-02-01,26.62,29.7,23.5,80.44,65.5,16,16,2/2,cluster/cluster
2023-02-02,27.07,31.0,24.7,80.28,61.7,16,16,2/2,cluster/cluster
2023-02-03,27.26,31.4,23.9,80.89,62.5,16,16,2/2,cluster/cluster
2023-02-04,24.61,26.5,23.8,91.39,81.9,16,16,2/2,cluster/cluster
2023-02-05,26.42,31.2,24.1,85.04,63.2,16,16,2/2,cluster/cluster
2023-02-06,26.39,29.3,24.0,78.67,56.2,16,16,2/2,cluster/cluster
2023-02-07,27.41,31.5,23.9,74.63,56.2,16,16,2/2,cluster/cluster
2023-02-08,27.69,31.5,24.8,78.16,59.6,16,16,2/2,cluster/cluster
2023-02-09,27.52,30.5,25.2,80.03,64.5,16,16,2/2,cluster/cluster
2023-02-10,27.83,32.0,25.1,77.84,53.7,16,16,2/2,cluster/cluster
2023-02-11,27.56,31.3,25.3,79.33,60.9,16,16,2/2,cluster/cluster
2023-02-12,26.14,30.7,22.8,84.94,63.4,16,16,2/2,cluster/cluster
2023-02-13,27.15,31.6,23.9,79.49,52.4,16,16,2/2,cluster/cluster
2023-02-14,27.47,32.4,24.1,79.79,56.0,16,16,2/2,cluster/cluster
2023-02-15,26.18,28.6,23.4,84.79,71.9,16,16,2/2,cluster/cluster
2023-02-16,27.08,30.6,22.9,72.21,50.9,16,16,2/2,cluster/cluster
2023-02-17,27.0,30.0,24.0,77.52,60.9,16,16,2/2,cluster/cluster
2023-02-18,27.82,31.6,24.4,75.96,59.7,16,16,2/2,cluster/cluster
2023-02-19,28.04,31.6,25.3,75.49,55.9,16,16,2/2,cluster/cluster
2023-02-20,26.96,30.3,25.2,78.72,65.7,16,16,2/2,cluster/cluster
2023-02-21,27.27,30.4,24.2,73.97,57.9,16,16,2/2,cluster/cluster
2023-02-22,27.21,30.2,25.1,75.66,62.2,16,16,2/2,cluster/cluster
2023-02-23,27.34,30.3,25.2,73.71,54.6,18,18,2/2,cluster/cluster
2023-02-24,27.9,31.1,25.3,70.05,52.4,16,16,2/2,cluster/cluster
2023-02-25,27.51,30.7,24.7,72.72,54.7,16,16,2/2,cluster/cluster
2023-02-26,28.08,31.1,24.7,68.44,55.9,14,14,2/2,cluster/cluster
2023-02-27,26.55,29.6,24.0,81.6,65.4,16,16,2/2,cluster/cluster
2023-02-28,24.46,25.6,23.2,94.04,83.8,16,16,2/2,cluster/cluster
2023-03-01,23.42,25.4,22.0,93.45,82.9,16,16,2/2,cluster/cluster
2023-03-02,25.31,30.6,22.9,84.92,60.7,16,16,2/2,cluster/cluster
2023-03-03,24.29,25.3,23.4,96.09,90.7,16,16,2/2,cluster/cluster
2023-03-04,23.82,24.7,22.6,93.68,85.1,18,18,2/2,cluster/cluster
2023-03-05,25.93,29.3,23.4,84.46,69.6,14,14,2/2,cluster/cluster
2023-03-06,26.43,31.0,23.4,78.27,57.8,16,16,2/2,cluster/cluster
2023-03-07,26.21,28.7,23.6,78.79,66.7,16,16,2/2,cluster/cluster
2023-03-08,26.74,30.5,24.1,81.19,62.6,16,16,2/2,cluster/cluster
2023-03-09,27.62,31.4,24.7,77.72,62.9,16,16,2/2,cluster/cluster
2023-03-10,27.68,30.9,25.0,78.47,63.5,16,16,2/2,cluster/cluster
2023-03-11,27.69,31.2,25.2,76.83,61.2,16,16,2/2,cluster/cluster
2023-03-12,27.37,32.2,24.6,77.28,52.1,16,16,2/2,cluster/cluster
2023-03-13,27.19,29.9,24.7,73.34,57.8,16,16,2/2,cluster/cluster
2023-03-14,26.57,29.0,24.4,76.16,62.9,16,16,2/2,cluster/cluster
2023-03-15,26.91,29.6,24.1,72.74,59.5,16,16,2/2,cluster/cluster
2023-03-16,27.99,32.2,24.5,71.04,54.1,16,16,2/2,cluster/cluster
2023-03-17,28.07,31.5,25.0,73.24,52.3,16,16,2/2,cluster/cluster
2023-03-18,27.94,31.2,25.1,73.89,57.5,16,16,2/2,cluster/cluster
2023-03-19,27.74,32.4,25.5,78.97,61.2,16,16,2/2,cluster/cluster
2023-03-20,27.32,32.3,24.9,83.42,59.2,16,16,2/2,cluster/cluster
2023-03-21,27.06,31.0,23.8,82.47,57.6,16,16,2/2,cluster/cluster
2023-03-22,28.38,32.4,25.5,77.04,53.7,16,16,2/2,cluster/cluster
2023-03-23,28.94,33.3,25.2,74.74,53.8,16,16,2/2,cluster/cluster
2023-03-24,27.82,32.8,25.3,80.48,56.4,16,16,2/2,cluster/cluster
2023-03-25,26.79,30.5,24.2,85.7,63.7,16,16,2/2,cluster/cluster
2023-03-26,27.85,32.8,24.5,80.39,59.2,16,16,2/2,cluster/cluster
2023-03-27,25.48,26.6,23.5,90.56,81.9,16,16,2/2,cluster/cluster
2023-03-28,28.95,33.2,24.7,74.71,51.8,16,16,2/2,cluster/cluster
2023-03-29,28.71,33.0,25.6,73.87,48.2,16,16,2/2,cluster/cluster
2023-03-30,27.81,32.2,22.8,78.43,58.1,16,16,2/2,cluster/cluster
2023-03-31,27.76,32.1,24.4,79.65,55.0,16,16,2/2,cluster/cluster
2023-04-01,27.66,31.1,25.1,80.53,58.4,16,16,2/2,cluster/cluster
2023-04-02,28.38,32.6,25.4,78.33,52.2,16,16,2/2,cluster/cluster
2023-04-03,25.93,27.5,24.6,87.53,75.1,16,16,2/2,cluster/cluster
2023-04-04,28.91,33.2,24.9,71.62,50.7,16,16,2/2,cluster/cluster
2023-04-05,27.65,29.1,25.5,80.97,70.3,16,16,2/2,cluster/cluster
2023-04-06,28.01,31.1,25.3,76.19,62.5,15,15,2/2,cluster/cluster
2023-04-07,27.79,30.5,25.7,75.67,65.7,8,8,2/2,cluster/cluster
2023-04-08,28.19,32.7,25.5,72.11,49.0,8,8,2/2,cluster/cluster
2023-04-09,28.76,31.9,25.7,72.39,55.9,8,8,2/2,cluster/cluster
2023-04-10,28.06,33.2,25.4,74.94,48.1,9,9,2/2,cluster/cluster
2023-04-11,29.76,34.1,25.4,64.09,39.1,7,7,2/2,cluster/cluster
2023-04-12,29.27,33.0,25.6,69.81,51.7,8,8,2/2,cluster/cluster
2023-04-13,28.74,33.2,25.8,76.8,55.6,12,12,2/2,cluster/cluster
2023-04-14,29.9,33.9,25.6,74.15,53.0,14,14,2/2,cluster/cluster
2023-04-15,29.79,32.6,27.0,76.82,65.2,16,16,2/2,cluster/cluster
2023-04-16,28.94,32.3,26.1,73.99,57.4,16,16,2/2,cluster/cluster
2023-04-17,29.34,32.8,26.1,73.96,53.5,16,16,2/2,cluster/cluster
2023-04-18,30.12,33.8,27.0,73.22,46.3,16,16,2/2,cluster/cluster
2023-04-19,28.27,31.6,25.4,82.72,62.5,16,16,2/2,cluster/cluster
2023-04-20,26.76,29.2,23.3,85.31,71.0,16,16,2/2,cluster/cluster
2023-04-21,28.52,33.3,25.1,76.31,48.8,16,16,2/2,cluster/cluster
2023-04-22,29.37,32.2,26.4,76.43,63.1,16,16,2/2,cluster/cluster
2023-04-23,29.49,33.5,26.8,75.77,49.5,16,16,2/2,cluster/cluster
2023-04-24,28.75,32.8,24.3,79.11,52.1,16,16,2/2,cluster/cluster
2023-04-25,28.48,32.5,26.0,80.54,60.5,16,16,2/2,cluster/cluster
2023-04-26,28.78,33.0,25.6,77.16,51.2,16,16,2/2,cluster/cluster
2023-04-27,28.11,32.4,25.2,84.89,61.2,16,16,2/2,cluster/cluster
2023-04-28,27.07,31.3,24.8,87.99,63.0,16,16,2/2,cluster/cluster
2023-04-29,28.85,34.2,25.0,78.79,53.8,16,16,2/2,cluster/cluster
2023-04-30,27.48,31.1,25.5,87.19,63.3,16,16,2/2,cluster/cluster
2023-05-01,29.61,33.4,25.3,74.86,55.3,16,16,2/2,cluster/cluster
2023-05-02,29.78,32.7,26.5,75.36,58.2,16,16,2/2,cluster/cluster
2023-05-03,28.84,32.7,26.2,80.26,56.5,16,16,2/2,cluster/cluster
2023-05-04,28.81,34.6,25.9,80.89,52.8,16,16,2/2,cluster/cluster
2023-05-05,28.93,32.2,25.7,79.81,62.4,16,16,2/2,cluster/cluster
2023-05-06,28.98,32.7,24.8,76.58,57.3,16,16,2/2,cluster/cluster
2023-05-07,28.71,31.3,25.2,78.43,59.8,16,16,2/2,cluster/cluster
2023-05-08,30.73,33.5,28.3,63.13,46.3,16,16,2/2,cluster/cluster
2023-05-09,30.21,33.9,26.7,65.24,45.2,18,18,2/2,cluster/cluster
2023-05-10,31.36,34.2,28.2,66.47,49.8,14,14,2/2,cluster/cluster
2023-05-11,31.06,34.1,28.5,69.6,51.8,16,16,2/2,cluster/cluster
2023-05-12,30.89,34.4,27.6,68.09,45.2,16,16,2/2,cluster/cluster
2023-05-13,31.26,35.9,27.0,65.91,40.6,16,16,2/2,cluster/cluster
2023-05-14,29.09,32.9,25.3,77.63,52.1,16,16,2/2,cluster/cluster
2023-05-15,28.32,32.7,26.1,80.04,58.6,16,16,2/2,cluster/cluster
2023-05-16,27.27,30.0,24.3,82.32,65.8,16,16,2/2,cluster/cluster
2023-05-17,28.09,30.7,26.1,82.37,64.4,16,16,2/2,cluster/cluster
2023-05-18,29.56,33.4,26.0,74.32,57.1,16,16,2/2,cluster/cluster
2023-05-19,28.98,31.8,25.9,78.06,65.2,16,16,2/2,cluster/cluster
2023-05-20,29.75,33.1,27.3,73.71,56.7,16,16,2/2,cluster/cluster
2023-05-21,26.7,28.5,22.6,87.33,74.7,16,16,2/2,cluster/cluster
2023-05-22,29.54,33.3,25.3,72.35,53.8,16,16,2/2,cluster/cluster
2023-05-23,28.88,31.6,24.1,75.41,59.8,16,16,2/2,cluster/cluster
2023-05-24,30.33,33.1,27.4,68.51,51.5,16,16,2/2,cluster/cluster
2023-05-25,30.07,32.5,28.4,73.11,60.0,16,16,2/2,cluster/cluster
2023-05-26,28.95,31.9,27.5,79.23,61.2,16,16,2/2,cluster/cluster
2023-05-27,29.26,32.6,25.9,76.38,59.1,16,16,2/2,cluster/cluster
2023-05-28,29.69,32.6,25.9,72.35,56.6,16,16,2/2,cluster/cluster
2023-05-29,30.27,34.1,25.8,67.2,48.7,16,16,2/2,cluster/cluster
2023-05-30,30.25,32.7,26.1,68.15,57.5,16,16,2/2,cluster/cluster
2023-05-31,30.47,33.3,28.0,69.34,52.3,16,16,2/2,cluster/cluster
2023-06-01,27.18,29.6,24.7,82.64,75.9,16,16,2/2,cluster/cluster
2023-06-02,29.43,33.0,25.1,72.27,56.2,16,16,2/2,cluster/cluster
2023-06-03,29.21,31.6,25.1,79.46,64.2,16,16,2/2,cluster/cluster
2023-06-04,26.96,29.9,25.9,89.44,73.7,16,16,2/2,cluster/cluster
2023-06-05,29.28,33.1,24.8,69.91,50.6,16,16,2/2,cluster/cluster
2023-06-06,28.42,30.4,26.2,77.72,64.6,16,16,2/2,cluster/cluster
2023-06-07,28.63,30.7,26.8,80.19,65.8,16,16,2/2,cluster/cluster
2023-06-08,29.57,32.7,26.2,75.09,56.2,16,16,2/2,cluster/cluster
2023-06-09,30.05,33.2,26.6,71.0,53.2,16,16,2/2,cluster/cluster
2023-06-10,29.84,32.6,27.0,73.36,53.9,16,16,2/2,cluster/cluster
2023-06-11,30.08,32.8,26.8,70.99,53.2,16,16,2/2,cluster/cluster
2023-06-12,27.66,30.5,23.9,83.69,71.1,16,16,2/2,cluster/cluster
2023-06-13,29.21,32.8,25.8,78.09,58.8,16,16,2/2,cluster/cluster
2023-06-14,28.32,30.4,26.5,81.64,68.5,16,16,2/2,cluster/cluster
2023-06-15,29.21,32.8,25.3,76.58,54.3,16,16,2/2,cluster/cluster
2023-06-16,30.46,33.2,27.7,70.54,52.9,16,16,2/2,cluster/cluster
2023-06-17,30.4,33.1,28.0,71.38,54.0,16,16,2/2,cluster/cluster
2023-06-18,27.83,30.5,26.2,81.89,69.2,16,16,2/2,cluster/cluster
2023-06-19,29.46,34.4,26.1,72.94,48.5,16,16,2/2,cluster/cluster
2023-06-20,29.88,33.3,27.0,75.54,56.9,16,16,2/2,cluster/cluster
2023-06-21,30.22,33.3,27.2,72.19,56.2,16,16,2/2,cluster/cluster
2023-06-22,30.29,32.8,27.2,70.99,55.7,16,16,2/2,cluster/cluster
2023-06-23,29.48,32.5,27.2,75.01,54.4,16,16,2/2,cluster/cluster
2023-06-24,28.13,31.7,24.0,79.33,62.5,16,16,2/2,cluster/cluster
2023-06-25,28.94,31.6,25.8,73.98,54.2,16,16,2/2,cluster/cluster
2023-06-26,27.64,29.9,23.3,78.5,65.3,16,16,2/2,cluster/cluster
2023-06-27,27.93,30.5,23.9,79.23,64.8,16,16,2/2,cluster/cluster
2023-06-28,28.14,31.2,24.8,79.41,66.0,16,16,2/2,cluster/cluster
2023-06-29,28.94,32.1,24.8,76.66,58.6,16,16,2/2,cluster/cluster
2023-06-30,28.04,30.2,25.4,82.94,69.4,16,16,2/2,cluster/cluster
2023-07-01,28.14,31.9,24.2,76.69,56.0,16,16,2/2,cluster/cluster
2023-07-02,29.71,32.9,26.9,70.88,51.9,16,16,2/2,cluster/cluster
2023-07-03,28.66,31.2,25.5,81.53,63.4,16,16,2/2,cluster/cluster
2023-07-04,29.76,32.8,26.3,74.93,53.6,16,16,2/2,cluster/cluster
2023-07-05,29.29,33.9,25.5,76.42,52.8,16,16,2/2,cluster/cluster
2023-07-06,27.02,29.2,25.0,81.85,61.3,16,16,2/2,cluster/cluster
2023-07-07,28.36,32.1,25.4,76.8,55.7,16,16,2/2,cluster/cluster
2023-07-08,28.79,31.9,25.6,77.45,60.3,16,16,2/2,cluster/cluster
2023-07-09,27.01,29.1,24.9,86.75,71.0,16,16,2/2,cluster/cluster
2023-07-10,27.52,30.8,25.3,81.69,60.7,16,16,2/2,cluster/cluster
2023-07-11,25.67,27.5,24.2,90.3,77.6,16,16,2/2,cluster/cluster
2023-07-12,27.75,32.0,24.9,82.68,64.6,16,16,2/2,cluster/cluster
2023-07-13,29.34,32.6,25.5,73.29,49.7,16,16,2/2,cluster/cluster
2023-07-14,25.97,28.7,24.3,90.44,72.8,16,16,2/2,cluster/cluster
2023-07-15,28.18,31.7,24.7,78.49,56.7,16,16,2/2,cluster/cluster
2023-07-16,29.69,32.8,26.4,71.2,53.0,16,16,2/2,cluster/cluster
2023-07-17,28.77,31.0,26.2,79.31,67.0,16,16,2/2,cluster/cluster
2023-07-18,27.69,30.7,25.3,82.46,66.0,16,16,2/2,cluster/cluster
2023-07-19,27.26,28.8,25.1,87.03,76.8,16,16,2/2,cluster/cluster
2023-07-20,25.39,27.5,22.4,93.54,81.8,16,16,2/2,cluster/cluster
2023-07-21,28.98,32.1,26.2,77.09,55.0,16,16,2/2,cluster/cluster
2023-07-22,29.36,31.8,27.2,75.57,61.2,16,16,2/2,cluster/cluster
2023-07-23,29.02,31.4,27.5,76.43,63.5,16,16,2/2,cluster/cluster
2023-07-24,29.61,33.6,26.2,65.54,44.1,16,16,2/2,cluster/cluster
2023-07-25,30.22,33.7,27.3,66.79,42.7,16,16,2/2,cluster/cluster
2023-07-26,30.02,32.6,27.7,72.23,54.8,16,16,2/2,cluster/cluster
2023-07-27,30.06,32.1,27.8,73.33,57.3,16,16,2/2,cluster/cluster
2023-07-28,29.88,32.1,27.8,74.47,59.0,16,16,2/2,cluster/cluster
2023-07-29,29.64,32.3,26.5,73.82,54.9,16,16,2/2,cluster/cluster
2023-07-30,29.92,32.8,27.7,65.69,49.6,16,16,2/2,cluster/cluster
2023-07-31,29.37,32.6,27.6,67.44,48.7,16,16,2/2,cluster/cluster
2023-08-01,29.84,32.9,27.4,67.84,48.2,16,16,2/2,cluster/cluster
2023-08-02,30.13,32.7,27.9,69.11,54.8,16,16,2/2,cluster/cluster
2023-08-03,26.03,28.7,22.8,87.05,75.7,16,16,2/2,cluster/cluster
2023-08-04,29.08,33.0,25.1,75.63,50.5,16,16,2/2,cluster/cluster
2023-08-05,30.14,33.1,27.3,70.97,52.3,16,16,2/2,cluster/cluster
2023-08-06,30.27,34.0,26.2,65.29,47.6,16,16,2/2,cluster/cluster
2023-08-07,30.16,33.3,26.7,68.15,48.4,16,16,2/2,cluster/cluster
2023-08-08,29.01,31.7,27.0,74.82,60.6,16,16,2/2,cluster/cluster
2023-08-09,29.48,33.0,25.8,72.34,50.0,16,16,2/2,cluster/cluster
2023-08-10,30.01,33.3,27.5,67.32,50.7,16,16,2/2,cluster/cluster
2023-08-11,28.83,31.9,24.1,73.86,59.6,16,16,2/2,cluster/cluster
2023-08-12,29.24,31.4,26.9,72.99,58.0,16,16,2/2,cluster/cluster
2023-08-13,28.93,31.5,27.0,75.29,63.3,16,16,2/2,cluster/cluster
2023-08-14,27.04,30.2,23.7,82.58,67.0,16,16,2/2,cluster/cluster
2023-08-15,28.29,32.5,24.8,76.88,53.5,16,16,2/2,cluster/cluster
2023-08-16,27.82,31.3,25.9,80.69,64.3,16,16,2/2,cluster/cluster
2023-08-17,27.36,30.9,25.2,84.99,62.6,16,16,2/2,cluster/cluster
2023-08-18,26.32,27.0,25.1,87.79,80.0,16,16,2/2,cluster/cluster
2023-08-19,26.29,28.3,24.7,90.4,76.0,16,16,2/2,cluster/cluster
2023-08-20,28.44,30.7,25.2,79.09,63.3,16,16,2/2,cluster/cluster
2023-08-21,26.53,28.2,23.2,84.76,73.4,16,16,2/2,cluster/cluster
2023-08-22,29.02,33.5,25.1,71.93,43.8,16,16,2/2,cluster/cluster
2023-08-23,29.66,32.6,25.8,68.58,48.0,16,16,2/2,cluster/cluster
2023-08-24,29.39,32.2,27.1,72.34,57.6,16,16,2/2,cluster/cluster
2023-08-25,27.94,31.4,24.1,80.99,64.3,16,16,2/2,cluster/cluster
2023-08-26,28.31,31.9,25.7,78.44,58.4,16,16,2/2,cluster/cluster
2023-08-27,28.77,32.0,25.1,75.89,59.3,16,16,2/2,cluster/cluster
2023-08-28,28.54,30.3,26.5,78.58,66.6,16,16,2/2,cluster/cluster
2023-08-29,28.36,30.5,27.3,78.31,64.4,16,16,2/2,cluster/cluster
2023-08-30,28.79,31.5,25.2,72.96,57.2,16,16,2/2,cluster/cluster
2023-08-31,29.31,31.8,27.3,71.33,52.6,16,16,2/2,cluster/cluster
2023-09-01,29.62,32.1,27.1,69.61,52.3,16,16,2/2,cluster/cluster
2023-09-02,30.04,33.5,25.8,63.73,43.0,16,16,2/2,cluster/cluster
2023-09-03,29.81,32.2,27.6,68.58,52.5,16,16,2/2,cluster/cluster
2023-09-04,29.48,32.0,27.5,67.59,55.8,16,16,2/2,cluster/cluster
2023-09-05,29.37,32.3,27.3,69.51,54.7,16,16,2/2,cluster/cluster
2023-09-06,26.76,30.0,24.0,85.71,69.5,16,16,2/2,cluster/cluster
2023-09-07,28.17,32.7,24.2,77.29,49.0,16,16,2/2,cluster/cluster
2023-09-08,29.89,32.6,27.4,70.14,52.2,16,16,2/2,cluster/cluster
2023-09-09,27.57,29.8,24.1,83.22,70.4,16,16,2/2,cluster/cluster
2023-09-10,27.69,31.7,25.3,82.06,61.7,16,16,2/2,cluster/cluster
2023-09-11,28.24,30.6,25.8,77.8,64.5,16,16,2/2,cluster/cluster
2023-09-12,29.23,31.9,26.4,74.03,57.9,16,16,2/2,cluster/cluster
2023-09-13,30.01,33.1,27.4,70.55,51.7,16,16,2/2,cluster/cluster
2023-09-14,30.23,33.8,26.3,65.26,43.6,16,16,2/2,cluster/cluster
2023-09-15,30.19,33.6,26.9,65.19,43.7,16,16,2/2,cluster/cluster
2023-09-16,30.04,33.1,27.4,68.64,52.8,16,16,2/2,cluster/cluster
2023-09-17,29.12,32.0,26.3,74.91,55.9,16,16,2/2,cluster/cluster
2023-09-18,29.42,32.5,26.0,73.29,53.6,16,16,2/2,cluster/cluster
2023-09-19,28.64,33.1,24.5,78.97,54.3,16,16,2/2,cluster/cluster
2023-09-20,26.93,31.0,24.5,87.63,69.6,16,16,2/2,cluster/cluster
2023-09-21,27.74,32.5,24.6,81.35,59.4,16,16,2/2,cluster/cluster
2023-09-22,27.05,30.2,24.9,84.42,72.0,16,16,2/2,cluster/cluster
2023-09-23,28.62,32.6,25.5,78.38,56.9,16,16,2/2,cluster/cluster
2023-09-24,26.75,28.2,25.1,87.28,75.2,16,16,2/2,cluster/cluster
2023-09-25,28.68,32.1,25.0,75.5,53.9,16,16,2/2,cluster/cluster
2023-09-26,29.54,32.0,26.1,72.79,53.0,16,16,2/2,cluster/cluster
2023-09-27,30.24,33.5,27.2,65.45,44.5,16,16,2/2,cluster/cluster
2023-09-28,30.29,33.3,27.3,67.39,46.7,16,16,2/2,cluster/cluster
2023-09-29,30.11,33.8,26.9,70.28,48.9,16,16,2/2,cluster/cluster
2023-09-30,27.46,29.2,25.2,83.33,65.0,16,16,2/2,cluster/cluster
2023-10-01,29.44,34.0,25.5,72.92,50.1,16,16,2/2,cluster/cluster
2023-10-02,29.72,32.4,26.2,73.04,56.8,16,16,2/2,cluster/cluster
2023-10-03,28.47,31.4,27.4,77.19,66.0,16,16,2/2,cluster/cluster
2023-10-04,29.53,34.0,25.7,73.0,51.2,16,16,2/2,cluster/cluster
2023-10-05,30.55,34.5,26.9,67.39,41.1,16,16,2/2,cluster/cluster
2023-10-06,30.64,34.0,27.6,69.02,47.7,16,16,2/2,cluster/cluster
2023-10-07,30.09,33.9,27.7,73.32,52.3,12,12,2/2,cluster/cluster
2023-10-08,30.24,34.1,26.5,67.82,44.4,22,22,2/2,cluster/cluster
2023-10-09,31.14,32.6,26.5,61.62,51.7,8,8,2/2,cluster/cluster
2023-10-10,29.14,32.3,26.4,76.0,59.1,16,16,2/2,cluster/cluster
2023-10-11,28.73,33.5,25.8,76.89,50.1,16,16,2/2,cluster/cluster
2023-10-12,30.34,34.6,26.2,68.95,38.8,16,16,2/2,cluster/cluster
2023-10-13,30.66,35.0,26.5,65.98,38.2,16,16,2/2,cluster/cluster
2023-10-14,30.53,33.1,27.0,67.74,47.4,16,16,2/2,cluster/cluster
2023-10-15,30.53,33.5,26.8,66.28,46.4,16,16,2/2,cluster/cluster
2023-10-16,30.13,33.4,26.8,68.02,49.7,16,16,2/2,cluster/cluster
2023-10-17,30.99,34.3,27.2,64.36,45.5,16,16,2/2,cluster/cluster
2023-10-18,27.42,31.2,24.9,83.83,66.2,16,16,2/2,cluster/cluster
2023-10-19,28.11,32.7,24.9,80.14,50.4,16,16,2/2,cluster/cluster
2023-10-20,27.74,31.5,25.4,83.17,57.7,16,16,2/2,cluster/cluster
2023-10-21,28.16,32.4,25.3,81.48,56.3,16,16,2/2,cluster/cluster
2023-10-22,27.81,32.9,25.2,79.53,49.7,16,16,2/2,cluster/cluster
2023-10-23,27.61,32.1,24.9,81.67,56.4,16,16,2/2,cluster/cluster
2023-10-24,28.16,34.9,23.3,76.92,43.0,16,16,2/2,cluster/cluster
2023-10-25,27.26,30.5,24.5,82.71,64.9,16,16,2/2,cluster/cluster
2023-10-26,29.12,33.1,25.0,73.49,48.4,16,16,2/2,cluster/cluster
2023-10-27,30.06,33.7,26.2,68.61,40.8,16,16,2/2,cluster/cluster
2023-10-28,27.8,29.1,26.5,80.47,71.3,18,18,2/2,cluster/cluster
2023-10-29,29.3,33.3,25.3,73.16,48.9,14,14,2/2,cluster/cluster
2023-10-30,28.52,34.3,25.8,77.24,51.2,16,16,2/2,cluster/cluster
2023-10-31,28.01,32.9,24.6,79.35,53.9,16,16,2/2,cluster/cluster
2023-11-01,27.68,32.1,25.4,83.81,54.2,16,16,2/2,cluster/cluster
2023-11-02,28.86,33.7,24.9,75.17,45.4,16,16,2/2,cluster/cluster
2023-11-03,29.59,34.1,25.3,71.89,47.3,16,16,2/2,cluster/cluster
2023-11-04,28.63,31.7,25.6,75.94,60.4,16,16,2/2,cluster/cluster
2023-11-05,28.28,32.8,25.6,79.59,54.4,16,16,2/2,cluster/cluster
2023-11-06,28.1,33.5,24.9,81.67,53.2,16,16,2/2,cluster/cluster
2023-11-07,28.34,34.0,24.9,78.53,51.8,16,16,2/2,cluster/cluster
2023-11-08,28.17,31.7,24.8,78.11,56.8,16,16,2/2,cluster/cluster
2023-11-09,27.93,32.4,25.6,83.36,62.7,16,16,2/2,cluster/cluster
2023-11-10,28.6,32.3,26.3,79.49,59.9,16,16,2/2,cluster/cluster
2023-11-11,29.42,33.6,25.6,72.0,49.6,16,16,2/2,cluster/cluster
2023-11-12,28.94,33.0,25.6,76.58,54.1,16,16,2/2,cluster/cluster
2023-11-13,28.61,32.5,25.9,79.07,57.2,16,16,2/2,cluster/cluster
2023-11-14,26.55,28.7,25.6,89.24,75.4,16,16,2/2,cluster/cluster
2023-11-15,28.26,32.5,24.9,79.03,56.1,16,16,2/2,cluster/cluster
2023-11-16,27.98,33.4,23.9,80.71,51.8,16,16,2/2,cluster/cluster
2023-11-17,27.47,32.0,24.9,83.38,61.2,16,16,2/2,cluster/cluster
2023-11-18,28.32,31.5,25.4,80.38,58.9,16,16,2/2,cluster/cluster
2023-11-19,27.41,29.4,25.4,83.58,72.4,16,16,2/2,cluster/cluster
2023-11-20,28.82,33.2,25.5,79.74,56.0,16,16,2/2,cluster/cluster
2023-11-21,27.11,30.2,25.6,88.98,73.1,16,16,2/2,cluster/cluster
2023-11-22,27.91,30.9,25.0,81.09,60.0,16,16,2/2,cluster/cluster
2023-11-23,27.96,31.3,25.1,80.83,61.8,16,16,2/2,cluster/cluster
2023-11-24,27.38,31.9,25.0,83.54,63.3,16,16,2/2,cluster/cluster
2023-11-25,26.99,31.3,25.1,85.87,59.7,16,16,2/2,cluster/cluster
2023-11-26,26.74,31.8,24.2,85.75,57.4,18,18,2/2,cluster/cluster
2023-11-27,27.91,31.0,24.8,77.67,59.4,14,14,2/2,cluster/cluster
2023-11-28,27.88,31.9,24.9,82.09,61.6,16,16,2/2,cluster/cluster
2023-11-29,27.57,32.0,25.3,85.77,57.1,16,16,2/2,cluster/cluster
2023-11-30,27.38,31.5,24.6,85.71,60.0,16,16,2/2,cluster/cluster
2023-12-01,26.77,31.4,23.4,84.71,61.1,16,16,2/2,cluster/cluster
2023-12-02,27.86,31.6,24.8,79.19,57.5,16,16,2/2,cluster/cluster
2023-12-03,25.23,26.1,23.1,94.25,84.9,16,16,2/2,cluster/cluster
2023-12-04,27.39,31.0,24.8,80.89,58.0,16,16,2/2,cluster/cluster
2023-12-05,28.32,33.7,24.9,77.78,52.1,16,16,2/2,cluster/cluster
2023-12-06,25.96,30.9,23.2,92.51,68.0,16,16,2/2,cluster/cluster
2023-12-07,27.17,31.7,24.5,84.61,65.7,16,16,2/2,cluster/cluster
2023-12-08,28.34,32.3,24.7,80.61,60.1,16,16,2/2,cluster/cluster
2023-12-09,27.54,29.7,25.7,84.67,69.7,16,16,2/2,cluster/cluster
2023-12-10,27.86,30.5,25.6,81.46,66.8,16,16,2/2,cluster/cluster
2023-12-11,28.01,31.0,25.8,83.44,63.3,16,16,2/2,cluster/cluster
2023-12-12,25.73,29.0,24.0,93.41,73.7,16,16,2/2,cluster/cluster
2023-12-13,27.36,31.4,24.3,84.44,62.1,16,16,2/2,cluster/cluster
2023-12-14,28.0,31.7,24.7,83.04,64.6,16,16,2/2,cluster/cluster
2023-12-15,28.14,33.5,24.6,83.02,60.0,16,16,2/2,cluster/cluster
2023-12-16,27.86,31.2,25.3,86.22,67.0,16,16,2/2,cluster/cluster
2023-12-17,28.07,31.2,25.3,82.68,64.1,16,16,2/2,cluster/cluster
2023-12-18,27.79,30.5,25.3,83.94,64.8,16,16,2/2,cluster/cluster
2023-12-19,26.84,30.8,23.7,88.39,65.8,16,16,2/2,cluster/cluster
2023-12-20,27.91,31.0,25.2,83.63,62.6,16,16,2/2,cluster/cluster
2023-12-21,27.36,31.0,25.3,86.94,67.8,16,16,2/2,cluster/cluster
2023-12-22,27.61,30.4,25.0,81.84,60.1,16,16,2/2,cluster/cluster
2023-12-23,26.43,28.1,24.9,88.35,78.9,16,16,2/2,cluster/cluster
2023-12-24,27.96,31.5,24.8,82.96,62.3,16,16,2/2,cluster/cluster
2023-12-25,25.74,28.5,23.5,94.05,78.5,16,16,2/2,cluster/cluster
2023-12-26,26.93,29.6,24.6,87.56,72.5,16,16,2/2,cluster/cluster
2023-12-27,25.66,26.5,24.8,95.77,88.6,16,16,2/2,cluster/cluster
2023-12-28,26.48,30.0,25.2,92.99,74.2,16,16,2/2,cluster/cluster
2023-12-29,27.7,30.5,25.3,85.8,71.6,16,16,2/2,cluster/cluster
2023-12-30,27.74,30.4,25.9,87.66,67.9,16,16,2/2,cluster/cluster
2023-12-31,26.2,28.4,24.6,92.34,80.4,16,16,2/2,cluster/cluster
2024-01-01,25.77,26.8,24.8,94.84,85.3,16,16,2/2,cluster/cluster
2024-01-02,27.82,32.2,24.6,83.21,60.2,16,16,2/2,cluster/cluster
2024-01-03,27.89,31.0,25.6,84.23,65.4,16,16,2/2,cluster/cluster
2024-01-04,25.24,26.9,23.6,95.45,83.9,16,16,2/2,cluster/cluster
2024-01-05,26.33,28.7,24.4,92.11,76.9,16,16,2/2,cluster/cluster
2024-01-06,27.54,30.9,25.3,86.17,60.4,16,16,2/2,cluster/cluster
2024-01-07,24.44,26.7,22.9,96.95,85.1,16,16,2/2,cluster/cluster
2024-01-08,26.36,31.1,23.2,87.47,65.4,16,16,2/2,cluster/cluster
2024-01-09,26.54,29.9,23.7,89.21,72.2,16,16,2/2,cluster/cluster
2024-01-10,26.31,28.2,24.3,92.4,77.8,16,16,2/2,cluster/cluster
2024-01-11,27.31,29.6,25.0,87.58,72.0,16,16,2/2,cluster/cluster
2024-01-12,25.29,26.8,24.1,94.43,87.2,16,16,2/2,cluster/cluster
2024-01-13,27.14,30.0,24.1,82.62,64.1,16,16,2/2,cluster/cluster
2024-01-14,27.66,30.3,25.3,81.54,61.4,16,16,2/2,cluster/cluster
2024-01-15,28.04,31.3,25.6,82.33,66.3,16,16,2/2,cluster/cluster
2024-01-16,26.92,29.8,24.2,86.69,68.7,16,16,2/2,cluster/cluster
2024-01-17,27.48,30.8,25.0,81.97,64.6,16,16,2/2,cluster/cluster
2024-01-18,26.52,29.1,24.8,85.56,72.1,16,16,2/2,cluster/cluster
2024-01-19,26.84,29.8,25.2,83.6,66.8,16,16,2/2,cluster/cluster
2024-01-20,24.89,26.2,23.6,91.46,81.1,16,16,2/2,cluster/cluster
2024-01-21,27.56,32.2,23.3,72.61,49.5,16,16,2/2,cluster/cluster
2024-01-22,28.49,33.0,24.6,74.51,52.0,16,16,2/2,cluster/cluster
2024-01-23,27.42,32.8,24.2,81.16,54.9,16,16,2/2,cluster/cluster
2024-01-24,26.26,29.7,24.3,90.01,73.5,16,16,2/2,cluster/cluster
2024-01-25,25.94,28.3,24.5,90.34,77.3,16,16,2/2,cluster/cluster
2024-01-26,27.76,31.0,25.3,81.36,65.7,16,16,2/2,cluster/cluster
2024-01-27,28.16,31.2,25.9,76.94,62.7,16,16,2/2,cluster/cluster
2024-01-28,28.04,31.4,25.4,76.7,61.0,16,16,2/2,cluster/cluster
2024-01-29,28.0,30.8,25.5,74.59,60.3,16,16,2/2,cluster/cluster
2024-01-30,27.57,29.8,25.0,75.88,62.2,16,16,2/2,cluster/cluster
2024-01-31,27.74,31.1,25.0,76.43,60.3,18,18,2/2,cluster/cluster
2024-02-01,28.67,32.0,25.8,73.22,58.3,14,14,2/2,cluster/cluster
2024-02-02,27.94,32.2,25.9,78.65,59.5,16,16,2/2,cluster/cluster
2024-02-03,28.62,33.2,24.7,74.92,52.2,16,16,2/2,cluster/cluster
2024-02-04,28.76,32.7,25.0,70.41,47.2,16,16,2/2,cluster/cluster
2024-02-05,28.91,33.2,25.0,70.21,51.6,16,16,2/2,cluster/cluster
2024-02-06,28.76,32.8,25.1,72.48,51.9,16,16,2/2,cluster/cluster
2024-02-07,28.59,32.0,25.8,76.11,60.0,16,16,2/2,cluster/cluster
2024-02-08,28.88,32.6,25.6,75.63,53.6,16,16,2/2,cluster/cluster
2024-02-09,28.01,32.7,25.9,79.53,56.3,16,16,2/2,cluster/cluster
2024-02-10,27.8,31.3,24.2,72.42,55.3,16,16,2/2,cluster/cluster
2024-02-11,27.82,31.0,24.9,75.84,58.8,16,16,2/2,cluster/cluster
2024-02-12,26.91,29.9,25.1,80.81,66.3,18,18,2/2,cluster/cluster
2024-02-13,26.36,27.6,25.0,86.94,80.8,14,14,2/2,cluster/cluster
2024-02-14,27.44,30.0,24.4,83.71,68.2,16,16,2/2,cluster/cluster
2024-02-15,26.99,29.0,25.8,87.12,74.6,16,8,2/2,cluster/cluster
2024-02-16,27.96,30.5,25.9,78.28,64.1,16,9,2/2,cluster/cluster
2024-02-17,27.56,29.9,25.0,77.97,65.7,16,8,2/2,cluster/cluster
2024-02-18,28.47,31.5,25.5,76.06,61.7,16,8,2/2,cluster/cluster
2024-02-19,28.61,31.8,25.8,78.79,62.2,16,8,2/2,cluster/cluster
2024-02-20,28.96,33.1,25.9,75.67,55.5,15,9,2/2,cluster/cluster
2024-02-21,29.6,32.6,25.9,76.51,59.6,13,10,2/2,cluster/cluster
2024-02-22,28.9,33.2,26.0,78.56,58.2,16,8,2/2,cluster/cluster
2024-02-23,28.52,32.5,26.0,77.34,62.6,16,8,2/2,cluster/cluster
2024-02-24,28.3,31.0,26.0,74.28,61.9,16,8,2/2,cluster/cluster
2024-02-25,28.92,32.3,25.6,71.16,55.0,16,8,2/2,cluster/cluster
2024-02-26,28.79,31.7,26.1,73.94,57.9,16,8,2/2,cluster/cluster
2024-02-27,28.16,30.0,26.5,77.54,69.6,16,8,2/2,cluster/cluster
2024-02-28,28.52,31.8,26.2,71.21,51.3,16,8,2/2,cluster/cluster
2024-02-29,29.23,33.1,25.6,68.76,49.7,16,8,2/2,cluster/cluster
2024-03-01,28.96,32.3,26.6,76.46,62.5,16,8,2/2,cluster/cluster
2024-03-02,27.82,31.6,26.1,84.74,67.1,16,8,2/2,cluster/cluster
2024-03-03,26.69,29.6,24.4,88.67,76.9,16,8,2/2,cluster/cluster
2024-03-04,27.66,30.5,25.0,87.39,75.5,16,8,2/2,cluster/cluster
2024-03-05,26.77,32.5,24.9,88.38,64.1,16,8,2/2,cluster/cluster
2024-03-06,27.37,33.3,24.0,86.76,61.4,16,8,2/2,cluster/cluster
2024-03-07,28.46,33.0,25.2,84.05,59.8,16,8,2/2,cluster/cluster
2024-03-08,27.67,29.8,26.0,86.92,75.4,16,8,2/2,cluster/cluster
2024-03-09,28.74,32.7,25.8,74.55,50.6,16,8,2/2,cluster/cluster
2024-03-10,27.53,29.6,25.5,86.97,76.5,16,8,2/2,cluster/cluster
2024-03-11,28.67,32.4,25.2,72.08,52.0,16,8,2/2,cluster/cluster
2024-03-12,29.51,33.1,26.4,67.62,46.5,16,8,2/2,cluster/cluster
2024-03-13,29.34,33.5,25.8,66.54,47.6,16,8,2/2,cluster/cluster
2024-03-14,29.2,33.5,25.4,71.26,51.6,16,8,2/2,cluster/cluster
2024-03-15,28.74,32.5,25.6,71.96,54.1,16,8,2/2,cluster/cluster
2024-03-16,29.26,33.0,25.7,69.83,50.8,16,8,2/2,cluster/cluster
2024-03-17,29.67,33.6,25.8,68.38,48.9,16,8,2/2,cluster/cluster
2024-03-18,29.82,34.0,26.0,65.59,47.2,16,8,2/2,cluster/cluster
2024-03-19,28.86,33.3,26.7,74.35,56.8,16,8,2/2,cluster/cluster
2024-03-20,28.89,31.6,26.4,73.39,63.8,16,8,2/2,cluster/cluster
2024-03-21,28.82,31.9,26.7,74.92,62.5,16,8,2/2,cluster/cluster
2024-03-22,29.2,33.0,26.2,68.78,52.2,16,8,2/2,cluster/cluster
2024-03-23,29.69,33.7,26.4,70.04,54.5,16,8,2/2,cluster/cluster
2024-03-24,29.88,33.6,26.5,69.4,52.4,16,8,2/2,cluster/cluster
2024-03-25,30.01,34.7,26.5,67.7,48.4,16,10,2/2,cluster/cluster
2024-03-26,30.16,33.8,27.0,70.4,50.9,16,16,2/2,cluster/cluster
2024-03-27,30.11,34.1,26.2,69.29,48.5,16,16,2/2,cluster/cluster
2024-03-28,29.94,33.8,27.3,72.29,54.7,16,16,2/2,cluster/cluster
2024-03-29,30.41,33.5,27.4,69.46,46.5,16,16,2/2,cluster/cluster
2024-03-30,29.82,33.8,27.5,72.81,56.5,16,16,2/2,cluster/cluster
2024-03-31,29.2,32.6,26.0,77.56,58.0,16,16,2/2,cluster/cluster
2024-04-01,29.44,32.3,26.3,77.82,60.3,16,16,2/2,cluster/cluster
2024-04-02,30.91,34.7,27.3,69.59,47.7,16,16,2/2,cluster/cluster
2024-04-03,29.34,31.6,27.4,78.64,64.8,16,16,2/2,cluster/cluster
2024-04-04,29.09,33.7,26.1,79.19,54.5,16,16,2/2,cluster/cluster
2024-04-05,29.89,34.6,26.1,72.69,45.6,16,16,2/2,cluster/cluster
2024-04-06,30.36,34.4,26.7,69.95,48.9,16,16,2/2,cluster/cluster
2024-04-07,29.9,34.3,27.2,75.12,52.7,16,16,2/2,cluster/cluster
2024-04-08,29.04,32.8,25.0,80.42,62.6,16,16,2/2,cluster/cluster
2024-04-09,30.18,34.1,26.3,75.21,51.9,16,16,2/2,cluster/cluster
2024-04-10,28.64,31.2,26.3,83.87,69.5,16,16,2/2,cluster/cluster
2024-04-11,28.24,31.3,25.8,86.17,63.4,16,16,2/2,cluster/cluster
2024-04-12,25.98,28.2,24.7,94.76,82.3,16,16,2/2,cluster/cluster
2024-04-13,29.15,33.0,25.3,78.35,56.7,16,16,2/2,cluster/cluster
2024-04-14,28.36,31.4,26.8,83.9,68.0,16,16,2/2,cluster/cluster
2024-04-15,28.96,32.7,26.7,83.06,68.0,16,16,2/2,cluster/cluster
2024-04-16,27.77,28.9,26.7,89.12,83.3,16,16,2/2,cluster/cluster
2024-04-17,28.61,31.8,26.3,80.38,58.8,16,16,2/2,cluster/cluster
2024-04-18,29.56,33.2,26.1,76.61,53.5,16,16,2/2,cluster/cluster
2024-04-19,29.39,32.2,27.2,81.4,65.4,16,16,2/2,cluster/cluster
2024-04-20,28.93,32.1,26.0,84.09,63.0,16,16,2/2,cluster/cluster
2024-04-21,29.44,34.5,26.3,80.79,57.4,16,16,2/2,cluster/cluster
2024-04-22,29.24,33.4,26.5,85.29,60.5,16,16,2/2,cluster/cluster
2024-04-23,30.32,33.8,26.9,79.79,59.0,16,16,2/2,cluster/cluster
2024-04-24,29.72,33.1,26.8,80.16,57.8,16,16,2/2,cluster/cluster
2024-04-25,30.76,34.3,27.6,73.34,53.5,16,16,2/2,cluster/cluster
2024-04-26,30.11,34.4,27.0,77.9,55.5,16,16,2/2,cluster/cluster
2024-04-27,30.41,34.9,26.7,78.19,51.2,16,16,2/2,cluster/cluster
2024-04-28,29.86,33.3,27.3,80.06,57.7,16,16,2/2,cluster/cluster
2024-04-29,30.7,34.7,26.7,73.47,55.3,16,16,2/2,cluster/cluster
2024-04-30,30.98,34.1,27.4,73.51,54.1,16,16,2/2,cluster/cluster
2024-05-01,30.14,32.6,27.9,78.66,63.7,16,16,2/2,cluster/cluster
2024-05-02,28.47,32.2,26.0,89.1,69.2,15,15,2/2,cluster/cluster
2024-05-03,29.33,33.9,25.9,82.48,60.4,13,13,2/2,cluster/cluster
2024-05-04,25.66,27.4,23.6,96.71,84.9,16,16,2/2,cluster/cluster
2024-05-05,29.61,33.4,25.3,76.46,55.4,16,16,2/2,cluster/cluster
2024-05-06,30.29,34.7,27.3,78.31,49.2,16,16,2/2,cluster/cluster
2024-05-07,27.99,31.2,27.1,89.76,65.1,16,16,2/2,cluster/cluster
2024-05-08,28.31,31.1,25.1,84.06,69.3,16,16,2/2,cluster/cluster
2024-05-09,30.31,34.4,26.4,74.31,44.0,16,16,2/2,cluster/cluster
2024-05-10,29.65,32.7,27.4,77.64,68.1,16,16,2/2,cluster/cluster
2024-05-11,29.84,35.1,26.4,78.49,51.2,16,16,2/2,cluster/cluster
2024-05-12,28.86,32.1,26.6,85.59,62.9,16,16,2/2,cluster/cluster
2024-05-13,28.99,33.1,25.0,82.46,59.4,16,16,2/2,cluster/cluster
2024-05-14,29.22,34.6,25.7,77.54,51.1,16,16,2/2,cluster/cluster
2024-05-15,28.73,31.9,26.5,87.45,68.9,16,16,2/2,cluster/cluster
2024-05-16,27.23,30.6,25.5,92.74,78.7,16,16,2/2,cluster/cluster
2024-05-17,29.51,33.1,25.4,79.21,58.7,16,16,2/2,cluster/cluster
2024-05-18,29.43,33.5,26.3,81.51,56.8,16,16,2/2,cluster/cluster
2024-05-19,29.66,33.3,26.7,80.39,61.6,16,16,2/2,cluster/cluster
2024-05-20,28.62,31.0,25.5,84.43,71.1,16,16,2/2,cluster/cluster
2024-05-21,29.64,32.4,26.8,78.91,66.2,16,16,2/2,cluster/cluster
2024-05-22,28.26,30.9,26.8,89.19,74.9,16,16,2/2,cluster/cluster
2024-05-23,29.22,32.7,26.7,84.44,61.6,16,16,2/2,cluster/cluster
2024-05-24,28.52,32.1,25.8,83.34,64.5,16,16,2/2,cluster/cluster
2024-05-25,27.93,32.4,24.4,88.27,64.6,16,16,2/2,cluster/cluster
2024-05-26,29.47,32.9,26.3,84.27,64.4,16,16,2/2,cluster/cluster
2024-05-27,30.81,34.2,28.5,75.04,55.0,16,16,2/2,cluster/cluster
2024-05-28,30.24,33.1,27.9,78.59,65.5,16,16,2/2,cluster/cluster
2024-05-29,30.77,34.8,26.9,74.76,51.8,16,16,2/2,cluster/cluster
2024-05-30,30.08,32.1,27.6,77.38,56.8,16,16,2/2,cluster/cluster
2024-05-31,30.21,32.8,27.4,75.88,61.5,16,16,2/2,cluster/cluster
2024-06-01,27.37,29.5,25.6,87.06,72.6,15,15,2/2,cluster/cluster
2024-06-02,27.47,29.8,24.7,88.05,76.8,12,12,2/2,cluster/cluster
2024-06-03,29.25,33.1,25.5,78.89,56.7,13,13,2/2,cluster/cluster
2024-06-04,29.73,32.8,26.2,78.96,61.6,13,13,2/2,cluster/cluster
2024-06-05,30.95,33.5,27.0,71.96,56.6,13,13,2/2,cluster/cluster
2024-06-06,28.94,32.4,24.8,82.43,58.1,12,12,2/2,cluster/cluster
2024-06-07,28.29,31.7,26.3,84.6,61.9,8,8,2/2,cluster/cluster
2024-06-08,28.93,30.2,27.2,82.33,69.3,8,8,2/2,cluster/cluster
2024-06-09,28.82,31.6,26.5,82.33,60.3,8,8,2/2,cluster/cluster
2024-06-10,29.34,32.4,27.8,79.14,60.5,8,8,2/2,cluster/cluster
2024-06-11,29.5,34.8,26.5,79.0,45.6,8,8,2/2,cluster/cluster
2024-06-12,28.95,31.3,26.0,79.99,67.4,11,11,2/2,cluster/cluster
2024-06-13,29.52,34.1,25.4,74.42,52.1,16,16,2/2,cluster/cluster
2024-06-14,28.28,32.7,25.9,86.38,63.4,16,16,2/2,cluster/cluster
2024-06-15,28.75,31.9,25.9,82.66,68.3,16,16,2/2,cluster/cluster
2024-06-16,28.23,31.7,22.9,80.99,64.1,16,16,2/2,cluster/cluster
2024-06-17,28.55,32.3,25.1,81.27,60.3,16,16,2/2,cluster/cluster
2024-06-18,28.79,32.3,25.7,79.82,60.2,16,16,2/2,cluster/cluster
2024-06-19,28.49,30.4,26.3,84.01,69.7,16,16,2/2,cluster/cluster
2024-06-20,29.55,32.7,26.3,77.02,60.3,16,16,2/2,cluster/cluster
2024-06-21,27.16,30.4,22.7,83.06,59.5,16,16,2/2,cluster/cluster
2024-06-22,26.16,28.3,23.6,87.56,71.7,16,16,2/2,cluster/cluster
2024-06-23,28.36,31.1,25.3,82.13,63.9,16,16,2/2,cluster/cluster
2024-06-24,29.81,32.6,26.3,74.28,61.4,16,16,2/2,cluster/cluster
2024-06-25,29.55,33.0,26.3,81.37,60.0,16,16,2/2,cluster/cluster
2024-06-26,29.18,33.4,25.7,80.26,57.9,16,16,2/2,cluster/cluster
2024-06-27,28.42,31.4,25.6,84.96,66.6,16,16,2/2,cluster/cluster
2024-06-28,28.87,34.3,26.3,80.28,53.7,16,16,2/2,cluster/cluster
2024-06-29,28.17,33.4,26.0,86.47,56.2,11,11,2/2,cluster/cluster
2024-06-30,26.04,28.6,24.1,94.48,76.2,8,8,2/2,cluster/cluster
2024-07-01,27.75,31.1,25.2,86.21,67.2,10,10,2/2,cluster/cluster
2024-07-02,28.74,32.3,25.9,81.76,58.2,16,16,2/2,cluster/cluster
2024-07-03,28.27,31.1,24.6,82.42,68.2,16,16,2/2,cluster/cluster
2024-07-04,30.07,33.2,27.5,70.27,53.7,16,16,2/2,cluster/cluster
2024-07-05,28.14,32.0,22.3,82.38,61.3,16,16,2/2,cluster/cluster
2024-07-06,28.23,30.9,25.9,81.66,63.5,10,10,2/2,cluster/cluster
2024-07-07,28.74,31.2,26.1,79.8,63.5,14,14,2/2,cluster/cluster
2024-07-08,26.71,28.8,25.0,91.99,77.6,16,16,2/2,cluster/cluster
2024-07-09,27.46,29.5,25.7,87.53,76.1,16,16,2/2,cluster/cluster
2024-07-10,28.93,31.4,25.7,79.02,65.6,15,15,2/2,cluster/cluster
2024-07-11,29.39,31.6,26.9,73.86,56.7,16,16,2/2,cluster/cluster
2024-07-12,27.89,31.2,24.9,83.69,62.9,14,14,2/2,cluster/cluster
2024-07-13,28.79,32.0,25.0,79.31,60.5,16,16,2/2,cluster/cluster
2024-07-14,29.16,31.1,27.8,74.8,59.7,16,16,2/2,cluster/cluster
2024-07-15,29.69,31.9,27.5,70.99,58.6,16,16,2/2,cluster/cluster
2024-07-16,29.29,31.3,27.5,73.82,59.6,16,16,2/2,cluster/cluster
2024-07-17,29.74,31.6,27.5,73.7,62.7,15,15,2/2,cluster/cluster
2024-07-18,30.07,32.5,27.6,73.26,58.7,16,16,2/2,cluster/cluster
2024-07-19,30.26,33.0,28.1,72.14,54.0,16,16,2/2,cluster/cluster
2024-07-20,30.29,32.9,28.1,71.08,57.0,16,16,2/2,cluster/cluster
2024-07-21,30.18,32.3,28.3,71.51,56.3,16,16,2/2,cluster/cluster
2024-07-22,30.51,33.1,28.3,73.38,59.0,16,16,2/2,cluster/cluster
2024-07-23,30.49,33.1,28.2,74.38,58.3,16,16,2/2,cluster/cluster
2024-07-24,30.23,33.1,27.9,73.79,58.0,16,16,2/2,cluster/cluster
2024-07-25,29.98,32.6,27.5,70.22,53.8,16,16,2/2,cluster/cluster
2024-07-26,30.18,32.8,28.0,69.11,56.5,16,16,2/2,cluster/cluster
2024-07-27,30.51,33.5,27.9,65.54,45.7,16,16,2/2,cluster/cluster
2024-07-28,30.57,33.7,27.9,67.44,48.2,16,16,2/2,cluster/cluster
2024-07-29,30.78,33.4,28.0,67.56,51.3,15,15,2/2,cluster/cluster
2024-07-30,30.53,33.4,27.8,69.7,54.7,16,16,2/2,cluster/cluster
2024-07-31,29.41,33.6,25.7,75.88,56.7,16,16,2/2,cluster/cluster
2024-08-01,29.74,33.3,25.3,73.26,56.2,14,14,2/2,cluster/cluster
2024-08-02,29.38,32.6,26.7,75.96,58.3,12,12,2/2,cluster/cluster
2024-08-03,29.72,33.4,27.5,73.12,50.8,13,13,2/2,cluster/cluster
2024-08-04,27.05,30.0,24.0,89.68,74.0,13,13,2/2,cluster/cluster
2024-08-05,28.89,32.3,25.5,76.63,56.8,7,7,2/2,cluster/cluster
2024-08-06,29.66,33.1,25.2,68.96,45.4,8,8,2/2,cluster/cluster
2024-08-07,29.46,31.7,26.6,72.08,60.7,8,8,2/2,cluster/cluster
2024-08-08,30.54,32.7,27.1,69.3,54.7,12,12,2/2,cluster/cluster
2024-08-09,28.41,29.7,26.7,83.03,77.1,8,8,2/2,cluster/cluster
2024-08-10,27.43,29.7,25.3,87.36,76.0,8,8,2/2,cluster/cluster
2024-08-11,28.71,31.6,26.4,79.33,62.8,8,8,2/2,cluster/cluster
2024-08-12,28.89,31.9,26.2,75.95,60.8,8,8,2/2,cluster/cluster
2024-08-13,29.45,32.1,26.7,75.89,57.4,8,8,2/2,cluster/cluster
2024-08-14,26.74,28.6,25.2,88.83,74.7,8,8,2/2,cluster/cluster
2024-08-15,29.23,32.5,25.1,77.21,58.8,13,13,2/2,cluster/cluster
2024-08-16,28.68,31.7,26.0,81.35,61.9,16,16,2/2,cluster/cluster
2024-08-17,29.17,32.6,27.3,79.46,61.5,16,16,2/2,cluster/cluster
2024-08-18,29.54,32.4,27.0,75.56,57.5,18,18,2/2,cluster/cluster
2024-08-19,29.82,33.2,27.4,75.23,53.6,16,16,2/2,cluster/cluster
2024-08-20,27.19,32.3,24.5,89.1,57.7,16,16,2/2,cluster/cluster
2024-08-21,28.48,31.5,24.9,77.97,55.5,16,16,2/2,cluster/cluster
2024-08-22,29.96,33.7,26.5,70.12,40.9,16,16,2/2,cluster/cluster
2024-08-23,28.86,33.1,25.1,78.63,53.0,14,14,2/2,cluster/cluster
2024-08-24,26.91,29.4,24.4,81.37,57.4,18,18,2/2,cluster/cluster
2024-08-25,27.01,29.3,24.8,86.14,73.2,14,14,2/2,cluster/cluster
2024-08-26,28.82,31.9,25.6,77.8,56.9,16,16,2/2,cluster/cluster
2024-08-27,27.53,30.6,26.2,88.11,69.3,18,18,2/2,cluster/cluster
2024-08-28,28.84,33.9,23.6,71.06,40.8,14,14,2/2,cluster/cluster
2024-08-29,28.86,31.3,25.5,73.29,59.8,16,16,2/2,cluster/cluster
2024-08-30,29.47,32.3,26.0,72.04,54.2,16,16,2/2,cluster/cluster
2024-08-31,29.77,33.4,26.8,73.15,52.8,18,18,2/2,cluster/cluster
2024-09-01,29.99,33.3,26.4,74.58,55.2,16,16,2/2,cluster/cluster
2024-09-02,30.54,33.5,27.6,73.26,53.9,16,16,2/2,cluster/cluster
2024-09-03,28.84,30.8,25.8,82.31,70.0,14,14,2/2,cluster/cluster
2024-09-04,26.74,28.7,24.5,89.66,74.2,16,16,2/2,cluster/cluster
2024-09-05,29.11,33.5,25.1,77.61,51.5,18,18,2/2,cluster/cluster
2024-09-06,30.08,32.7,27.4,75.26,60.2,16,16,2/2,cluster/cluster
2024-09-07,29.79,32.1,28.0,77.41,62.2,16,16,2/2,cluster/cluster
2024-09-08,28.41,31.9,26.5,80.5,60.5,8,8,2/2,cluster/cluster
2024-09-09,28.61,33.7,25.9,82.28,56.2,15,15,2/2,cluster/cluster
2024-09-10,27.68,31.1,23.3,82.27,63.8,16,16,2/2,cluster/cluster
2024-09-11,29.08,33.4,26.1,80.16,55.4,16,16,2/2,cluster/cluster
2024-09-12,28.56,31.2,26.0,80.17,62.5,16,16,2/2,cluster/cluster
2024-09-13,29.77,32.4,26.1,72.27,54.6,16,16,2/2,cluster/cluster
2024-09-14,27.76,30.8,23.5,79.19,58.8,16,16,2/2,cluster/cluster
2024-09-15,28.24,30.8,26.0,79.91,67.5,14,14,2/2,cluster/cluster
2024-09-16,29.54,32.4,26.2,74.96,57.2,16,16,2/2,cluster/cluster
2024-09-17,29.35,32.2,24.8,71.94,55.2,16,16,2/2,cluster/cluster
2024-09-18,29.55,33.0,25.9,66.8,45.9,16,16,2/2,cluster/cluster
2024-09-19,29.48,31.4,26.2,72.61,55.5,16,16,2/2,cluster/cluster
2024-09-20,30.03,32.4,27.7,73.74,58.2,16,16,2/2,cluster/cluster
2024-09-21,28.04,31.0,24.0,83.1,62.3,16,16,2/2,cluster/cluster
2024-09-22,30.85,34.8,26.6,70.99,45.3,16,16,2/2,cluster/cluster
2024-09-23,29.12,34.8,23.7,82.34,48.9,16,16,2/2,cluster/cluster
2024-09-24,26.99,31.6,23.7,88.42,64.5,16,16,2/2,cluster/cluster
2024-09-25,26.36,31.7,24.6,92.55,64.8,16,16,2/2,cluster/cluster
2024-09-26,25.76,27.4,23.8,92.97,80.5,16,16,2/2,cluster/cluster
2024-09-27,30.73,33.4,25.5,67.61,53.1,10,10,2/2,cluster/cluster
2024-09-28,29.59,33.6,26.1,75.72,52.1,16,16,2/2,cluster/cluster
2024-09-29,29.03,32.2,25.9,80.37,60.1,16,16,2/2,cluster/cluster
2024-09-30,28.52,31.7,25.4,82.34,59.5,16,16,2/2,cluster/cluster
2024-10-01,26.95,31.1,24.4,89.25,63.9,16,16,2/2,cluster/cluster
2024-10-02,29.32,32.5,26.1,78.77,59.6,16,16,2/2,cluster/cluster
2024-10-03,28.68,31.9,26.5,82.89,59.8,16,16,2/2,cluster/cluster
2024-10-04,27.57,31.1,25.0,89.04,65.0,16,16,2/2,cluster/cluster
2024-10-05,27.78,32.2,25.0,83.39,58.7,13,13,2/2,cluster/cluster
2024-10-06,27.43,30.2,24.2,85.95,70.1,16,16,2/2,cluster/cluster
2024-10-07,28.76,33.1,25.4,79.34,53.7,16,16,2/2,cluster/cluster
2024-10-08,29.03,31.3,25.9,77.38,56.9,16,16,2/2,cluster/cluster
2024-10-09,28.44,31.8,25.8,82.38,60.8,16,16,2/2,cluster/cluster
2024-10-10,27.8,31.9,25.6,89.3,67.1,16,16,2/2,cluster/cluster
2024-10-11,28.02,31.3,25.7,88.85,72.0,16,16,2/2,cluster/cluster
2024-10-12,26.84,29.4,25.9,94.66,81.2,16,16,2/2,cluster/cluster
2024-10-13,28.14,32.1,24.7,84.98,60.8,16,16,2/2,cluster/cluster
2024-10-14,25.34,28.2,23.2,93.64,80.9,16,16,2/2,cluster/cluster
2024-10-15,27.25,32.4,24.4,84.7,53.1,16,16,2/2,cluster/cluster
2024-10-16,27.54,29.9,24.6,87.77,74.6,16,16,2/2,cluster/cluster
2024-10-17,26.8,29.3,24.9,95.65,81.6,16,16,2/2,cluster/cluster
2024-10-18,27.67,30.5,24.5,87.39,68.2,16,16,2/2,cluster/cluster
2024-10-19,28.19,32.5,25.6,87.95,61.9,16,16,2/2,cluster/cluster
2024-10-20,27.39,32.0,23.0,80.36,53.4,16,16,2/2,cluster/cluster
2024-10-21,30.27,34.2,26.1,68.98,42.6,16,16,2/2,cluster/cluster
2024-10-22,30.44,34.5,27.2,76.19,51.2,16,16,2/2,cluster/cluster
2024-10-23,30.28,33.7,27.1,74.78,49.7,16,16,2/2,cluster/cluster
2024-10-24,29.83,34.2,26.6,74.79,52.7,16,16,2/2,cluster/cluster
2024-10-25,29.25,33.1,26.7,81.78,60.3,16,16,2/2,cluster/cluster
2024-10-26,29.97,32.8,26.4,73.42,56.9,16,16,2/2,cluster/cluster
2024-10-27,30.31,33.4,26.0,72.91,52.6,16,16,2/2,cluster/cluster
2024-10-28,29.7,32.3,25.0,77.38,58.2,16,16,2/2,cluster/cluster
2024-10-29,30.15,33.2,27.2,79.58,63.6,16,16,2/2,cluster/cluster
2024-10-30,29.99,32.6,26.6,76.22,56.3,16,16,2/2,cluster/cluster
2024-10-31,29.49,31.6,26.8,79.44,66.2,16,16,2/2,cluster/cluster
2024-11-01,28.64,32.3,25.9,83.74,63.3,16,16,2/2,cluster/cluster
2024-11-02,27.41,29.6,26.1,91.98,75.9,16,16,2/2,cluster/cluster
2024-11-03,28.57,33.1,25.7,84.07,53.6,16,16,2/2,cluster/cluster
2024-11-04,27.16,30.3,24.4,90.11,70.1,18,18,2/2,cluster/cluster
2024-11-05,29.24,31.9,25.4,79.22,65.3,20,20,2/2,cluster/cluster
2024-11-06,29.45,31.0,25.6,75.88,65.8,14,14,2/2,cluster/cluster
2024-11-07,26.31,30.0,25.5,94.24,73.5,12,12,2/2,cluster/cluster
2024-11-08,28.24,31.9,25.1,82.0,60.8,16,16,2/2,cluster/cluster
2024-11-09,27.39,30.8,25.6,93.06,71.7,16,16,2/2,cluster/cluster
2024-11-10,27.73,32.7,24.7,87.66,59.7,16,16,2/2,cluster/cluster
2024-11-11,27.09,30.9,25.4,92.86,72.3,16,16,2/2,cluster/cluster
2024-11-12,28.29,32.6,24.9,85.53,61.8,16,16,2/2,cluster/cluster
2024-11-13,26.69,30.3,25.4,95.47,74.8,16,16,2/2,cluster/cluster
2024-11-14,27.37,32.8,24.6,89.62,59.9,16,16,2/2,cluster/cluster
2024-11-15,28.24,32.9,25.2,86.41,55.9,16,16,2/2,cluster/cluster
2024-11-16,27.11,33.5,23.7,89.01,56.8,16,16,2/2,cluster/cluster
2024-11-17,26.02,31.4,24.6,95.08,67.5,16,16,2/2,cluster/cluster
2024-11-18,26.46,29.4,24.7,95.44,81.0,16,16,2/2,cluster/cluster
2024-11-19,26.51,29.2,24.7,94.75,78.8,16,16,2/2,cluster/cluster
2024-11-20,26.29,28.2,24.7,96.28,84.1,16,16,2/2,cluster/cluster
2024-11-21,27.41,31.9,24.7,89.22,61.1,16,16,2/2,cluster/cluster
2024-11-22,27.12,32.4,24.6,89.28,60.6,16,16,2/2,cluster/cluster
2024-11-23,27.26,31.8,24.0,88.71,63.1,16,16,2/2,cluster/cluster
2024-11-24,27.73,31.7,25.4,91.44,69.1,16,16,2/2,cluster/cluster
2024-11-25,27.03,30.5,25.5,96.64,81.7,16,16,2/2,cluster/cluster
2024-11-26,26.34,29.7,24.5,95.41,74.3,16,16,2/2,cluster/cluster
2024-11-27,26.18,29.1,24.6,95.83,82.2,16,16,2/2,cluster/cluster
2024-11-28,26.39,30.0,24.4,95.06,77.2,16,16,2/2,cluster/cluster
2024-11-29,25.16,26.8,23.7,99.06,96.2,16,16,2/2,cluster/cluster
2024-11-30,28.18,32.7,24.3,81.31,58.8,16,16,2/2,cluster/cluster
2024-12-01,28.78,32.0,25.4,82.33,61.8,16,16,2/2,cluster/cluster
2024-12-02,28.36,31.9,25.7,83.81,61.6,16,16,2/2,cluster/cluster
2024-12-03,28.06,31.4,25.5,85.38,64.1,16,16,2/2,cluster/cluster
2024-12-04,28.09,31.3,25.1,82.84,58.3,16,16,2/2,cluster/cluster
2024-12-05,28.77,32.5,25.6,74.44,50.6,16,16,2/2,cluster/cluster
2024-12-06,29.96,33.7,26.1,71.95,49.5,16,16,2/2,cluster/cluster
2024-12-07,29.94,33.9,26.1,74.15,43.3,16,16,2/2,cluster/cluster
2024-12-08,28.99,32.5,26.2,83.31,60.2,16,16,2/2,cluster/cluster
2024-12-09,26.81,29.3,24.4,89.61,74.7,16,16,2/2,cluster/cluster
2024-12-10,26.82,29.9,24.7,84.38,67.9,16,16,2/2,cluster/cluster
2024-12-11,28.48,32.5,25.0,78.36,56.7,16,16,2/2,cluster/cluster
2024-12-12,28.18,30.2,26.0,86.95,74.4,16,16,2/2,cluster/cluster
2024-12-13,26.96,28.9,24.0,92.4,78.9,16,16,2/2,cluster/cluster
2024-12-14,28.98,33.0,25.2,82.16,57.1,16,16,2/2,cluster/cluster
2024-12-15,29.68,34.1,26.4,81.02,56.7,16,16,2/2,cluster/cluster
2024-12-16,27.91,33.9,24.8,90.74,59.0,16,16,2/2,cluster/cluster
2024-12-17,28.0,31.9,25.6,87.34,65.0,16,16,2/2,cluster/cluster
2024-12-18,26.19,27.4,25.3,96.86,91.5,16,16,2/2,cluster/cluster
2024-12-19,26.9,28.8,25.1,89.26,71.3,16,16,2/2,cluster/cluster
2024-12-20,27.27,29.7,24.9,87.24,72.9,16,16,2/2,cluster/cluster
2024-12-21,27.59,31.5,25.3,88.08,65.5,16,16,2/2,cluster/cluster
2024-12-22,28.03,30.9,25.6,80.56,62.5,16,16,2/2,cluster/cluster
2024-12-23,27.44,31.3,25.0,87.46,64.3,16,16,2/2,cluster/cluster
2024-12-24,27.01,31.6,24.4,88.61,62.1,16,16,2/2,cluster/cluster
2024-12-25,27.49,30.8,25.1,79.33,60.5,16,16,2/2,cluster/cluster
2024-12-26,27.49,30.6,25.0,82.58,68.3,16,16,2/2,cluster/cluster
2024-12-27,28.32,32.4,25.7,82.63,56.3,16,16,2/2,cluster/cluster
2024-12-28,28.3,31.6,25.3,82.96,64.4,16,16,2/2,cluster/cluster
2024-12-29,27.99,31.0,25.4,87.49,67.6,16,16,2/2,cluster/cluster
2024-12-30,26.46,30.3,23.3,93.5,71.1,16,16,2/2,cluster/cluster
2024-12-31,27.16,32.2,24.9,89.44,63.8,16,16,2/2,cluster/cluster
2025-01-01,27.01,30.5,24.4,90.18,69.7,16,16,2/2,cluster/cluster
2025-01-02,28.06,31.9,25.3,85.24,65.4,16,16,2/2,cluster/cluster
2025-01-03,28.23,32.0,25.1,84.29,61.1,16,16,2/2,cluster/cluster
2025-01-04,28.18,30.8,25.3,83.71,65.7,16,16,2/2,cluster/cluster
2025-01-05,28.49,31.7,25.3,82.74,64.2,16,16,2/2,cluster/cluster
2025-01-06,28.22,30.8,26.0,84.44,68.6,16,16,2/2,cluster/cluster
2025-01-07,27.61,30.2,25.1,83.22,65.0,16,16,2/2,cluster/cluster
2025-01-08,28.69,32.0,25.9,78.75,56.1,16,16,2/2,cluster/cluster
2025-01-09,28.53,31.9,25.5,74.49,50.8,16,16,2/2,cluster/cluster
2025-01-10,24.39,26.8,22.3,95.39,78.8,16,16,2/2,cluster/cluster
2025-01-11,23.2,24.7,22.2,99.49,99.4,16,16,2/2,cluster/cluster
2025-01-12,25.4,27.1,24.6,99.04,94.4,16,16,2/2,cluster/cluster
2025-01-13,24.61,25.6,23.7,99.41,99.3,16,16,2/2,cluster/cluster
2025-01-14,24.97,27.6,23.9,98.54,90.0,11,11,2/2,cluster/cluster
2025-01-15,26.31,28.7,24.6,93.23,77.5,13,13,2/2,cluster/cluster
2025-01-16,27.16,30.2,24.3,89.18,70.1,16,16,2/2,cluster/cluster
2025-01-17,26.39,28.6,25.2,95.45,83.0,16,16,2/2,cluster/cluster
2025-01-18,26.18,28.9,24.2,94.37,79.6,16,16,2/2,cluster/cluster
2025-01-19,25.45,26.9,24.2,98.98,96.3,16,16,2/2,cluster/cluster
2025-01-20,26.8,29.2,24.1,86.34,71.1,16,16,2/2,cluster/cluster
2025-01-21,25.76,26.9,24.9,93.65,87.3,16,16,2/2,cluster/cluster
2025-01-22,26.09,27.9,24.6,95.12,83.3,16,16,2/2,cluster/cluster
2025-01-23,26.02,28.2,24.4,96.49,89.3,16,16,2/2,cluster/cluster
2025-01-24,25.66,27.6,24.7,99.19,96.1,16,16,2/2,cluster/cluster
2025-01-25,27.02,31.3,24.5,91.94,67.3,16,16,2/2,cluster/cluster
2025-01-26,27.32,30.3,24.9,91.26,74.3,16,16,2/2,cluster/cluster
2025-01-27,25.49,27.3,24.2,99.07,95.0,16,16,2/2,cluster/cluster
2025-01-28,26.19,27.9,24.9,90.64,76.9,16,16,2/2,cluster/cluster
2025-01-29,26.23,28.4,24.6,84.08,68.5,16,16,2/2,cluster/cluster
2025-01-30,26.99,30.3,24.1,74.72,55.3,16,16,2/2,cluster/cluster
2025-01-31,27.11,30.6,23.6,75.01,58.6,16,16,2/2,cluster/cluster
2025-02-01,27.51,32.0,24.7,76.83,57.7,16,16,2/2,cluster/cluster
2025-02-02,27.96,33.3,24.5,79.29,54.2,16,16,2/2,cluster/cluster
2025-02-03,28.31,32.4,25.0,77.02,54.4,16,16,2/2,cluster/cluster
2025-02-04,27.21,31.9,24.4,84.27,60.9,16,16,2/2,cluster/cluster
2025-02-05,24.76,26.4,23.0,97.26,88.4,16,16,2/2,cluster/cluster
2025-02-06,27.36,31.2,23.9,76.47,55.5,16,16,2/2,cluster/cluster
2025-02-07,27.66,31.4,24.0,78.79,58.5,16,16,2/2,cluster/cluster
2025-02-08,27.47,30.7,24.4,78.67,58.0,16,16,2/2,cluster/cluster
2025-02-09,26.81,30.3,24.6,85.1,64.7,16,16,2/2,cluster/cluster
2025-02-10,27.23,30.5,24.2,78.03,60.9,16,16,2/2,cluster/cluster
2025-02-11,27.42,31.6,24.4,80.17,60.9,16,16,2/2,cluster/cluster
2025-02-12,27.85,31.4,24.6,79.08,56.2,16,16,2/2,cluster/cluster
2025-02-13,27.54,32.5,25.0,86.12,54.6,11,11,2/2,cluster/cluster
2025-02-14,27.6,32.5,25.4,86.9,58.2,8,8,2/2,cluster/cluster
2025-02-15,27.54,32.6,24.8,89.38,63.0,8,8,2/2,cluster/cluster
2025-02-16,28.0,31.4,24.6,83.29,60.4,8,8,2/2,cluster/cluster
2025-02-17,27.75,32.6,24.6,85.49,56.1,8,8,2/2,cluster/cluster
2025-02-18,26.91,28.8,25.2,93.44,85.0,8,8,2/2,cluster/cluster
2025-02-19,27.59,30.0,24.9,85.54,69.7,8,8,2/2,cluster/cluster
2025-02-20,28.18,31.2,25.4,82.34,61.6,10,10,2/2,cluster/cluster
2025-02-21,28.04,31.5,25.1,81.66,60.7,16,16,2/2,cluster/cluster
2025-02-22,27.55,32.0,25.4,87.53,60.7,16,16,2/2,cluster/cluster
2025-02-23,26.73,31.0,25.3,92.4,66.6,16,16,2/2,cluster/cluster
2025-02-24,28.09,31.4,25.2,85.01,62.1,16,16,2/2,cluster/cluster
2025-02-25,26.31,29.0,23.3,94.08,75.8,16,16,2/2,cluster/cluster
2025-02-26,27.51,29.7,25.6,90.74,76.7,16,16,2/2,cluster/cluster
2025-02-27,28.19,31.8,25.6,83.59,62.2,16,16,2/2,cluster/cluster
2025-02-28,28.02,30.9,25.8,87.06,69.9,16,16,2/2,cluster/cluster
2025-03-01,28.29,31.0,25.8,83.94,64.1,16,16,2/2,cluster/cluster
2025-03-02,28.14,31.4,25.3,83.01,62.4,16,16,2/2,cluster/cluster
2025-03-03,28.4,32.3,25.0,79.94,54.6,16,16,2/2,cluster/cluster
2025-03-04,28.41,32.8,24.8,81.87,57.7,16,16,2/2,cluster/cluster
2025-03-05,27.18,30.2,25.3,92.64,73.6,16,16,2/2,cluster/cluster
2025-03-06,25.84,27.4,24.7,95.66,83.0,16,16,2/2,cluster/cluster
2025-03-07,28.62,33.0,25.1,81.51,56.5,16,16,2/2,cluster/cluster
2025-03-08,27.93,32.1,26.2,89.73,63.3,16,16,2/2,cluster/cluster
2025-03-09,25.44,26.8,23.3,99.26,97.8,16,16,2/2,cluster/cluster
2025-03-10,27.96,32.3,24.7,88.6,64.4,16,16,2/2,cluster/cluster
2025-03-11,28.56,31.9,25.7,83.67,57.0,16,16,2/2,cluster/cluster
2025-03-12,27.79,31.6,26.1,88.53,62.8,16,16,2/2,cluster/cluster
2025-03-13,28.42,32.3,25.7,85.28,62.7,16,16,2/2,cluster/cluster
2025-03-14,28.62,32.3,25.2,82.74,59.7,16,16,2/2,cluster/cluster
2025-03-15,28.48,32.4,25.6,85.11,65.0,16,16,2/2,cluster/cluster
2025-03-16,28.49,32.6,25.4,86.32,62.1,16,16,2/2,cluster/cluster
2025-03-17,28.42,31.9,25.5,80.73,51.4,16,16,2/2,cluster/cluster
2025-03-18,28.74,32.0,25.4,77.42,53.2,16,16,2/2,cluster/cluster
2025-03-19,25.07,27.2,22.5,96.54,84.3,16,16,2/2,cluster/cluster
2025-03-20,23.13,24.0,22.5,99.5,99.4,16,16,2/2,cluster/cluster
2025-03-21,25.96,28.8,23.4,92.2,80.9,14,16,2/2,cluster/cluster
2025-03-22,27.4,30.0,25.1,85.37,64.8,8,16,2/2,cluster/cluster
2025-03-23,26.91,30.5,23.4,85.64,64.9,8,16,2/2,cluster/cluster
2025-03-24,26.99,29.5,24.5,89.59,78.0,8,16,2/2,cluster/cluster
2025-03-25,28.32,32.3,25.5,83.82,57.7,8,9,2/2,cluster/cluster
2025-03-26,28.74,32.3,25.4,82.46,63.8,10,10,2/2,cluster/cluster
2025-03-27,27.75,32.2,25.6,87.57,63.4,16,16,2/2,cluster/cluster
2025-03-28,28.23,31.8,25.1,84.19,63.7,16,16,2/2,cluster/cluster
2025-03-29,29.1,33.7,26.1,79.49,53.8,16,16,2/2,cluster/cluster
2025-03-30,28.07,33.5,24.6,83.68,55.1,16,16,2/2,cluster/cluster
2025-03-31,27.09,33.0,25.3,87.74,59.7,16,16,2/2,cluster/cluster
2025-04-01,28.76,33.2,25.1,78.09,54.9,16,16,2/2,cluster/cluster
2025-04-02,27.62,31.6,23.2,85.77,62.9,11,11,2/2,cluster/cluster
2025-04-03,28.61,32.7,24.3,77.5,54.3,8,8,2/2,cluster/cluster
2025-04-04,26.61,28.5,24.5,94.8,82.4,8,8,2/2,cluster/cluster
2025-04-05,27.75,30.8,24.8,86.04,66.9,8,8,2/2,cluster/cluster
2025-04-06,28.99,31.7,26.2,81.21,63.3,8,8,2/2,cluster/cluster
2025-04-07,26.07,27.7,25.1,96.34,88.5,8,8,2/2,cluster/cluster
2025-04-08,27.07,29.3,25.3,93.35,78.7,8,8,2/2,cluster/cluster
2025-04-09,27.74,31.0,25.9,88.91,65.8,8,8,2/2,cluster/cluster
2025-04-10,28.86,33.3,25.7,82.26,52.8,8,8,2/2,cluster/cluster
2025-04-11,27.73,29.9,26.1,87.1,71.6,8,8,2/2,cluster/cluster
2025-04-15,29.18,32.1,25.0,78.15,61.1,4,4,2/2,cluster/cluster
2025-04-16,29.02,33.1,25.6,82.14,57.3,8,8,2/2,cluster/cluster
2025-04-17,27.82,31.9,23.4,79.65,61.8,8,8,2/2,cluster/cluster
2025-04-18,29.97,34.0,26.2,77.83,55.6,7,7,2/2,cluster/cluster
2025-04-23,29.0,30.5,27.9,86.57,76.2,3,3,2/2,cluster/cluster
2025-04-24,28.34,31.1,26.1,87.19,67.4,8,8,2/2,cluster/cluster
2025-04-25,29.77,33.5,26.1,80.26,59.0,11,11,2/2,cluster/cluster
2025-04-26,27.45,31.0,25.0,92.21,73.1,16,16,2/2,cluster/cluster
2025-04-27,28.64,33.1,24.8,81.17,56.5,16,16,2/2,cluster/cluster
2025-04-28,27.99,33.2,25.8,86.18,58.3,18,18,2/2,cluster/cluster
2025-04-29,28.82,33.4,25.2,82.22,59.8,16,16,2/2,cluster/cluster
2025-04-30,29.24,32.5,25.8,78.78,55.8,14,14,2/2,cluster/cluster
2025-05-01,28.36,32.9,26.2,87.48,58.9,16,16,2/2,cluster/cluster
2025-05-02,28.86,31.6,25.8,84.86,64.8,16,16,2/2,cluster/cluster
2025-05-03,29.48,32.7,26.7,77.78,56.8,16,16,2/2,cluster/cluster
2025-05-04,28.32,31.5,24.1,80.81,61.9,16,16,2/2,cluster/cluster
2025-05-05,28.18,30.5,26.3,87.79,73.1,16,16,2/2,cluster/cluster
2025-05-06,29.92,33.3,26.2,77.6,57.2,16,16,2/2,cluster/cluster
2025-05-07,30.67,34.0,26.9,77.24,57.1,16,16,2/2,cluster/cluster
2025-05-08,28.78,33.4,25.8,86.63,58.7,16,16,2/2,cluster/cluster
2025-05-09,29.91,32.5,26.8,78.13,59.9,16,16,2/2,cluster/cluster
2025-05-10,29.97,33.9,27.5,81.34,57.3,16,16,2/2,cluster/cluster
2025-05-11,28.41,32.2,23.3,84.73,67.7,16,16,2/2,cluster/cluster
2025-05-12,29.48,33.0,26.9,83.52,61.8,16,16,2/2,cluster/cluster
2025-05-13,28.58,32.6,26.6,84.42,62.3,16,16,2/2,cluster/cluster
2025-05-14,26.87,29.8,22.5,88.24,69.5,16,16,2/2,cluster/cluster
2025-05-15,28.11,30.9,25.8,90.81,74.8,16,16,2/2,cluster/cluster
2025-05-16,29.38,33.5,25.4,78.07,55.1,16,16,2/2,cluster/cluster
2025-05-17,29.44,33.2,26.6,81.55,53.5,16,16,2/2,cluster/cluster
2025-05-18,27.1,31.4,24.5,93.59,72.3,16,14,2/2,cluster/cluster
2025-05-19,28.19,31.2,25.7,89.76,71.5,16,16,2/2,cluster/cluster
2025-05-20,29.38,32.3,26.4,85.06,64.8,16,16,2/2,cluster/cluster
2025-05-21,29.67,33.5,26.3,82.23,58.5,16,16,2/2,cluster/cluster
2025-05-22,28.98,32.3,26.9,85.42,68.4,16,16,2/2,cluster/cluster
2025-05-23,29.87,33.3,27.1,78.33,53.3,16,16,2/2,cluster/cluster
2025-05-24,30.86,34.1,27.4,71.7,54.1,16,16,2/2,cluster/cluster
2025-05-25,30.66,35.1,27.3,76.19,47.8,16,16,2/2,cluster/cluster
2025-05-26,30.29,33.9,26.2,73.86,47.8,16,16,2/2,cluster/cluster
2025-05-27,30.19,33.7,27.2,79.2,57.2,16,16,2/2,cluster/cluster
2025-05-28,30.31,33.6,26.0,73.79,58.0,18,18,2/2,cluster/cluster
2025-05-29,26.09,29.3,24.3,94.82,83.5,14,14,2/2,cluster/cluster
2025-05-30,28.98,32.3,25.4,83.83,65.4,16,16,2/2,cluster/cluster
2025-05-31,29.98,33.7,27.2,83.01,55.3,16,16,2/2,cluster/cluster
2025-06-01,30.29,34.5,26.5,76.55,48.2,16,16,2/2,cluster/cluster
2025-06-02,30.07,32.61,28.12,73.23,58.68,1440,1440,12/11,network_mean(12 stations)
2025-06-03,28.88,31.02,27.27,80.72,70.91,1440,1440,11/10,network_mean(11 stations)
2025-06-04,29.05,31.53,27.17,81.96,69.52,1440,1440,12/12,network_mean(12 stations)
2025-06-05,28.88,30.53,27.4,83.82,74.11,1440,1440,12/12,network_mean(12 stations)
2025-06-06,28.09,30.14,24.24,81.94,68.97,1440,1440,11/11,network_mean(11 stations)
2025-06-07,29.85,32.3,27.99,73.03,59.15,1440,1440,11/11,network_mean(11 stations)
2025-06-08,28.49,31.72,23.78,80.44,64.76,1440,1440,11/11,network_mean(11 stations)
2025-06-09,29.26,30.9,25.83,79.23,67.54,1440,1440,12/12,network_mean(12 stations)
2025-06-10,28.17,29.96,24.43,82.34,69.6,1440,1440,12/12,network_mean(12 stations)
2025-06-11,29.53,31.6,28.07,76.68,65.0,1440,1440,12/12,network_mean(12 stations)
2025-06-12,30.01,32.12,28.13,77.45,65.14,1440,1440,12/12,network_mean(12 stations)
2025-06-13,30.26,32.35,28.7,77.91,64.37,1440,1440,12/12,network_mean(12 stations)
2025-06-14,30.07,32.29,28.62,77.9,64.36,1440,1440,12/12,network_mean(12 stations)
2025-06-15,29.72,32.93,28.1,78.83,61.44,1440,1440,12/12,network_mean(12 stations)
2025-06-16,28.28,32.18,26.39,81.41,64.11,1440,1440,12/12,network_mean(12 stations)
2025-06-17,27.57,30.78,25.54,85.4,70.83,1440,1440,12/12,network_mean(12 stations)
2025-06-18,27.91,30.42,25.93,81.45,69.27,1440,1440,12/12,network_mean(12 stations)
2025-06-19,28.79,31.83,26.07,74.07,57.94,1440,1440,12/12,network_mean(12 stations)
2025-06-20,28.03,30.11,25.49,82.82,72.46,1440,1440,12/12,network_mean(12 stations)
2025-06-21,29.16,31.34,27.12,79.12,62.68,1440,1440,12/12,network_mean(12 stations)
2025-06-22,30.12,32.77,27.89,73.09,53.23,1440,1440,12/12,network_mean(12 stations)
2025-06-23,28.03,29.59,24.11,81.35,71.67,1440,1440,12/12,network_mean(12 stations)
2025-06-24,29.54,31.79,28.21,76.6,63.97,1440,1440,12/12,network_mean(12 stations)
2025-06-25,29.85,31.84,28.79,76.66,62.31,1440,1440,14/14,network_mean(14 stations)
2025-06-26,30.12,32.34,28.49,75.74,62.22,1440,1440,14/14,network_mean(14 stations)
2025-06-27,30.28,32.44,28.76,76.32,64.86,1440,1440,14/14,network_mean(14 stations)
2025-06-28,28.49,31.2,25.66,82.27,72.06,1440,1440,14/14,network_mean(14 stations)
2025-06-29,28.56,31.8,25.31,73.4,55.76,1440,1440,14/14,network_mean(14 stations)
2025-06-30,29.29,31.46,27.54,77.65,65.06,1440,1440,14/14,network_mean(14 stations)
2025-07-01,29.75,32.08,27.74,76.18,63.24,1440,1440,14/14,network_mean(14 stations)
2025-07-02,27.17,29.39,23.11,87.87,81.68,1440,1440,14/14,network_mean(14 stations)
2025-07-03,28.24,32.11,25.77,81.75,65.16,1440,1440,14/14,network_mean(14 stations)
2025-07-04,27.85,31.46,24.74,83.17,65.07,1440,1440,14/14,network_mean(14 stations)
2025-07-05,28.33,30.86,26.25,81.4,69.18,1440,1440,14/14,network_mean(14 stations)
2025-07-06,29.64,32.25,27.56,73.31,57.29,1440,1440,14/14,network_mean(14 stations)
2025-07-07,29.27,31.19,28.28,77.05,64.36,1440,1440,14/14,network_mean(14 stations)
2025-07-08,29.11,31.33,26.94,78.98,64.14,1440,1440,14/14,network_mean(14 stations)
2025-07-09,28.46,30.69,24.56,81.21,68.5,1440,1440,14/14,network_mean(14 stations)
2025-07-10,29.18,31.09,27.99,77.91,66.61,1440,1440,14/14,network_mean(14 stations)
2025-07-11,28.53,30.54,25.52,80.19,68.09,1440,1440,14/14,network_mean(14 stations)
2025-07-12,27.19,28.64,22.97,87.47,83.18,1440,1440,14/14,network_mean(14 stations)
2025-07-13,28.34,31.12,26.76,82.23,69.19,1440,1440,14/14,network_mean(14 stations)
2025-07-14,28.2,29.47,27.15,83.38,79.14,1440,1440,14/14,network_mean(14 stations)
2025-07-15,28.5,30.11,27.39,79.37,71.05,1440,1440,14/14,network_mean(14 stations)
2025-07-16,29.78,32.22,27.94,76.97,61.35,1440,1440,14/14,network_mean(14 stations)
2025-07-17,29.58,32.42,26.92,76.46,58.95,1437,1437,13/13,network_mean(13 stations)
2025-07-18,29.93,32.56,27.75,75.38,56.66,1440,1440,14/14,network_mean(14 stations)
2025-07-19,29.72,31.77,28.01,77.41,64.39,1440,1440,14/14,network_mean(14 stations)
2025-07-20,29.74,31.54,28.51,74.23,62.15,742,742,14/14,network_mean(14 stations)
2025-07-21,28.32,30.73,24.37,82.67,71.08,1440,1440,14/14,network_mean(14 stations)
2025-07-22,28.99,31.5,27.35,79.9,67.31,1440,1440,13/13,network_mean(13 stations)
2025-07-23,29.06,31.05,27.76,78.01,68.33,1440,1440,13/13,network_mean(13 stations)
2025-07-24,29.64,32.3,27.79,76.51,62.97,1440,1440,13/13,network_mean(13 stations)
2025-07-25,29.42,31.55,27.59,79.95,68.32,1440,1440,13/13,network_mean(13 stations)
2025-07-26,28.23,29.46,26.91,84.28,73.88,1440,1440,13/13,network_mean(13 stations)
2025-07-27,29.3,32.17,27.03,77.95,63.92,1440,1440,13/13,network_mean(13 stations)
2025-07-28,29.95,32.41,28.15,77.97,62.18,1440,1440,13/13,network_mean(13 stations)
2025-07-29,29.98,32.24,28.38,77.65,65.41,1440,1440,13/13,network_mean(13 stations)
2025-07-30,29.68,32.08,26.82,79.27,67.36,1440,1440,13/13,network_mean(13 stations)
2025-07-31,29.28,31.55,27.57,80.43,69.75,1440,1440,13/13,network_mean(13 stations)
2025-08-01,29.59,31.75,28.24,79.67,67.43,1440,1440,13/13,network_mean(13 stations)
2025-08-02,30.03,33.18,27.52,73.86,49.12,1440,1440,13/13,network_mean(13 stations)
2025-08-03,28.08,29.56,25.52,86.79,81.59,1440,1440,13/13,network_mean(13 stations)
2025-08-04,27.53,29.5,23.83,85.67,74.81,1440,1440,13/13,network_mean(13 stations)
2025-08-05,27.27,30.39,24.12,81.02,66.53,1440,1440,13/13,network_mean(13 stations)
2025-08-06,29.47,31.84,27.95,75.71,64.03,1440,1440,13/13,network_mean(13 stations)
2025-08-07,29.7,32.34,27.69,76.53,61.9,1440,1440,13/13,network_mean(13 stations)
2025-08-08,29.46,32.5,27.57,77.63,58.43,1440,1440,13/13,network_mean(13 stations)
2025-08-09,29.14,31.87,27.71,80.28,65.32,1440,1440,13/13,network_mean(13 stations)
2025-08-10,28.06,31.32,26.92,83.02,68.12,1440,1440,13/13,network_mean(13 stations)
2025-08-11,26.56,27.39,25.25,87.38,80.41,1440,1440,13/13,network_mean(13 stations)
2025-08-12,28.48,31.45,26.8,76.04,60.8,1440,1440,13/13,network_mean(13 stations)
2025-08-13,27.03,30.22,22.65,77.07,63.12,1440,1440,13/13,network_mean(13 stations)
2025-08-14,28.26,30.13,26.78,79.45,73.38,1440,1440,13/13,network_mean(13 stations)
2025-08-15,26.87,28.22,23.13,85.39,76.85,1440,1440,13/13,network_mean(13 stations)
2025-08-16,28.46,30.68,27.06,80.71,66.6,1440,1440,13/13,network_mean(13 stations)
2025-08-17,28.87,31.75,26.25,77.35,61.16,1440,1440,13/13,network_mean(13 stations)
2025-08-18,27.65,29.82,26.33,87.5,77.47,1440,1440,13/13,network_mean(13 stations)
2025-08-19,27.12,30.79,24.38,86.09,67.67,1440,1440,13/13,network_mean(13 stations)
2025-08-20,27.67,29.98,25.61,79.78,64.05,1440,1440,13/13,network_mean(13 stations)
2025-08-21,28.2,30.58,26.45,79.92,64.47,1440,1440,13/13,network_mean(13 stations)
2025-08-22,29.19,32.43,26.34,77.25,56.97,1440,1440,12/12,network_mean(12 stations)
2025-08-23,28.03,30.28,24.99,79.03,66.02,1357,1357,12/12,network_mean(12 stations)
2025-08-24,26.47,28.12,22.79,85.6,76.79,1440,1440,12/12,network_mean(12 stations)
2025-08-25,28.82,31.27,26.66,76.54,62.74,1440,1440,12/12,network_mean(12 stations)
2025-08-26,29.22,31.53,26.95,78.83,66.75,1440,1440,12/12,network_mean(12 stations)
2025-08-27,29.31,31.32,27.98,76.78,61.65,1440,1440,12/12,network_mean(12 stations)
2025-08-28,28.09,31.13,26.6,79.88,67.87,1440,1440,12/12,network_mean(12 stations)
2025-08-29,28.91,31.63,26.53,77.81,63.5,1440,1440,13/13,network_mean(13 stations)
2025-08-30,27.59,29.95,24.04,80.67,65.45,1440,1440,13/13,network_mean(13 stations)
2025-08-31,28.82,30.98,27.65,78.79,67.95,1440,1440,13/13,network_mean(13 stations)
2025-09-01,26.54,28.02,23.03,87.96,80.61,1440,1440,13/13,network_mean(13 stations)
2025-09-02,26.39,27.59,24.75,87.79,82.72,1440,1440,13/13,network_mean(13 stations)
2025-09-03,28.09,31.12,26.08,78.68,65.47,1440,1440,13/13,network_mean(13 stations)
2025-09-04,26.99,28.84,26.04,85.07,74.73,1440,1440,13/13,network_mean(13 stations)
2025-09-05,27.22,29.05,25.02,85.7,73.02,1440,1440,13/13,network_mean(13 stations)
2025-09-06,28.9,31.76,26.62,76.42,58.72,1440,1440,13/13,network_mean(13 stations)
2025-09-07,26.67,28.32,23.91,89.65,84.79,1440,1440,13/13,network_mean(13 stations)
2025-09-08,28.32,30.22,26.75,83.71,74.21,1440,1440,13/13,network_mean(13 stations)
2025-09-09,26.45,28.47,24.37,88.74,82.75,1440,1440,13/13,network_mean(13 stations)
2025-09-10,27.22,30.91,25.59,85.18,69.28,1440,1440,13/13,network_mean(13 stations)
2025-09-11,25.96,29.31,24.26,90.07,74.74,1440,1440,13/13,network_mean(13 stations)
2025-09-12,26.8,29.38,24.61,80.59,65.27,1440,1440,13/13,network_mean(13 stations)
2025-09-13,26.45,27.65,23.49,86.06,76.91,1167,1167,13/13,network_mean(13 stations)
2025-09-14,28.5,31.15,26.17,78.72,63.84,1440,1440,13/13,network_mean(13 stations)
2025-09-15,26.56,28.3,23.33,85.76,75.96,1440,1440,13/13,network_mean(13 stations)
2025-09-16,27.66,29.94,25.42,82.74,73.72,1440,1440,13/13,network_mean(13 stations)
2025-09-17,26.18,27.99,24.22,88.87,81.33,1440,1440,13/13,network_mean(13 stations)
2025-09-18,28.36,30.92,26.49,81.8,68.67,1440,1440,13/13,network_mean(13 stations)
2025-09-19,28.35,31.45,27.03,83.61,68.18,1440,1440,13/13,network_mean(13 stations)
2025-09-20,28.45,30.82,26.38,82.12,64.18,1440,1440,13/13,network_mean(13 stations)
2025-09-21,28.99,31.35,27.1,80.55,68.12,1440,1440,13/13,network_mean(13 stations)
2025-09-22,29.13,31.5,27.86,81.23,67.0,1440,1440,13/13,network_mean(13 stations)
2025-09-23,29.42,32.4,26.92,78.2,61.76,1440,1440,13/13,network_mean(13 stations)
2025-09-24,29.16,31.74,27.45,80.91,69.81,1440,1440,13/13,network_mean(13 stations)
2025-09-25,29.1,32.07,27.36,76.1,57.8,1440,1440,13/13,network_mean(13 stations)
2025-09-26,29.49,32.22,27.71,77.83,64.0,1440,1440,13/13,network_mean(13 stations)
2025-09-27,29.23,31.95,27.58,80.09,67.27,1440,1440,13/13,network_mean(13 stations)
2025-09-28,27.91,30.91,26.34,84.33,70.12,1440,1440,13/13,network_mean(13 stations)
2025-09-29,28.67,30.87,26.33,76.49,61.83,1440,1440,13/13,network_mean(13 stations)
2025-09-30,28.71,31.63,27.58,80.63,66.97,1440,1440,13/13,network_mean(13 stations)
2025-10-01,28.12,30.82,25.38,82.47,67.17,1440,1440,13/13,network_mean(13 stations)
2025-10-02,27.72,31.28,25.55,78.2,60.58,1440,1440,13/13,network_mean(13 stations)
2025-10-03,27.43,30.43,25.22,83.05,67.53,1440,1440,13/13,network_mean(13 stations)
2025-10-04,28.34,31.06,25.29,76.06,59.33,1440,1440,12/12,network_mean(12 stations)
2025-10-05,29.09,32.66,26.87,75.8,58.47,1440,1440,12/12,network_mean(12 stations)
2025-10-06,27.98,30.1,26.93,81.48,74.2,1440,1440,12/12,network_mean(12 stations)
2025-10-07,27.8,29.51,24.86,80.17,69.87,1440,1440,11/11,network_mean(11 stations)
2025-10-08,28.87,31.13,27.2,77.22,65.7,1440,1440,11/11,network_mean(11 stations)
2025-10-09,27.43,29.08,23.3,82.18,67.83,1440,1440,11/11,network_mean(11 stations)
2025-10-10,28.63,31.67,26.6,76.2,60.48,1440,1440,11/11,network_mean(11 stations)
2025-10-11,29.14,31.84,27.33,76.7,63.62,1440,1440,11/11,network_mean(11 stations)
2025-10-12,28.0,29.53,25.54,81.17,70.36,1440,1440,11/11,network_mean(11 stations)
2025-10-13,28.51,31.43,26.74,80.6,66.0,1440,1440,11/11,network_mean(11 stations)
2025-10-14,28.85,31.64,27.21,80.25,67.03,1440,1440,11/11,network_mean(11 stations)
2025-10-15,28.7,30.86,26.99,81.03,71.15,1440,1440,13/13,network_mean(13 stations)
2025-10-16,28.52,31.76,26.61,80.31,62.75,1440,1440,13/13,network_mean(13 stations)
2025-10-17,28.4,30.62,26.94,81.01,69.56,1440,1440,13/13,network_mean(13 stations)
2025-10-18,28.84,32.3,25.15,75.75,56.62,1440,1440,13/13,network_mean(13 stations)
2025-10-19,28.53,31.3,24.84,77.2,61.97,1440,1440,13/13,network_mean(13 stations)
2025-10-20,29.01,31.01,26.31,76.87,67.81,1440,1440,13/13,network_mean(13 stations)
2025-10-21,28.48,30.63,26.54,75.69,65.49,1440,1440,13/13,network_mean(13 stations)
2025-10-22,27.25,29.65,23.83,80.82,69.65,1440,1440,13/13,network_mean(13 stations)
2025-10-23,28.84,31.45,27.15,73.94,62.35,1440,1440,13/13,network_mean(13 stations)
2025-10-24,28.89,32.06,23.88,74.35,60.12,1440,1440,13/13,network_mean(13 stations)
2025-10-25,28.43,31.52,24.65,73.99,56.02,1440,1440,13/13,network_mean(13 stations)
2025-10-26,30.19,33.22,27.68,67.88,49.57,1440,1440,13/13,network_mean(13 stations)
2025-10-27,28.24,30.83,24.63,77.75,61.29,1440,1440,13/13,network_mean(13 stations)
2025-10-28,29.93,33.14,27.16,71.43,54.69,1440,1440,13/13,network_mean(13 stations)
2025-10-29,29.66,32.28,27.94,74.64,56.76,1440,1440,13/13,network_mean(13 stations)
2025-10-30,30.21,33.22,27.68,70.69,54.12,1440,1440,13/13,network_mean(13 stations)
2025-10-31,29.89,32.33,28.41,76.34,63.53,1440,1440,13/13,network_mean(13 stations)
2025-11-01,29.96,32.98,27.75,76.25,59.83,1440,1440,13/13,network_mean(13 stations)
2025-11-02,28.32,31.32,25.42,84.97,72.3,1440,1440,13/13,network_mean(13 stations)
2025-11-03,27.97,30.66,23.73,79.18,64.15,1440,1440,13/13,network_mean(13 stations)
2025-11-04,28.71,31.19,26.88,80.66,66.58,1440,1440,13/13,network_mean(13 stations)
2025-11-05,29.36,31.76,27.32,74.89,61.91,1440,1440,13/13,network_mean(13 stations)
2025-11-06,29.95,32.7,27.32,69.93,52.43,1440,1440,13/13,network_mean(13 stations)
2025-11-07,30.01,32.9,27.08,68.29,50.84,1440,1440,13/13,network_mean(13 stations)
2025-11-08,30.22,32.95,27.49,67.77,56.45,1440,1440,13/13,network_mean(13 stations)
2025-11-09,29.36,31.37,27.98,74.5,63.48,1440,1440,13/13,network_mean(13 stations)
2025-11-10,28.46,31.62,24.55,79.8,63.52,1440,1440,13/13,network_mean(13 stations)
2025-11-11,28.46,32.16,26.88,78.17,61.9,1440,1440,13/13,network_mean(13 stations)
2025-11-12,27.49,29.85,26.0,82.48,69.59,1440,1440,13/13,network_mean(13 stations)
2025-11-13,26.6,29.55,24.71,87.11,75.14,1440,1440,13/13,network_mean(13 stations)
2025-11-14,27.08,31.45,24.84,86.37,66.03,1440,1440,13/13,network_mean(13 stations)
2025-11-15,27.83,31.18,25.47,81.13,66.69,1440,1440,13/13,network_mean(13 stations)
2025-11-16,26.61,29.69,24.38,87.93,74.98,1440,1440,13/13,network_mean(13 stations)
2025-11-17,27.2,30.26,25.82,86.25,70.83,1440,1440,13/13,network_mean(13 stations)
2025-11-18,27.51,30.78,25.88,83.83,67.92,1316,1316,13/13,network_mean(13 stations)
2025-11-19,27.66,31.11,24.34,82.03,64.78,1440,1440,13/13,network_mean(13 stations)
2025-11-20,27.48,30.44,24.92,85.46,68.58,1440,1440,13/13,network_mean(13 stations)
2025-11-21,28.23,30.72,26.29,79.93,66.38,1440,1440,13/13,network_mean(13 stations)
2025-11-22,27.56,31.15,23.58,82.45,63.71,1440,1440,13/13,network_mean(13 stations)
2025-11-23,28.77,32.32,25.39,75.61,55.38,1440,1440,13/13,network_mean(13 stations)
2025-11-24,28.55,31.28,25.42,78.44,63.24,1440,1440,13/13,network_mean(13 stations)
2025-11-25,27.42,30.26,24.89,83.95,68.56,1440,1440,13/13,network_mean(13 stations)
2025-11-26,28.93,31.84,26.5,75.9,60.56,1440,1440,13/13,network_mean(13 stations)
2025-11-27,28.12,30.71,26.35,82.67,66.35,1440,1440,13/13,network_mean(13 stations)
2025-11-28,26.87,28.65,25.06,86.08,75.95,1440,1440,13/13,network_mean(13 stations)
2025-11-29,28.11,31.95,25.31,75.34,57.65,1440,1440,13/13,network_mean(13 stations)
2025-11-30,28.29,31.01,25.85,78.61,66.24,1440,1440,13/13,network_mean(13 stations)
2025-12-01,28.44,31.41,26.72,81.57,67.42,1440,1440,13/13,network_mean(13 stations)
2025-12-02,25.81,27.48,23.44,90.89,86.45,1440,1440,13/13,network_mean(13 stations)
2025-12-03,28.03,31.75,24.98,79.77,60.75,1440,1440,13/13,network_mean(13 stations)
2025-12-04,26.61,30.43,24.85,88.98,70.84,1440,1440,13/13,network_mean(13 stations)
2025-12-05,27.66,31.73,24.83,80.16,59.17,1440,1440,13/13,network_mean(13 stations)
2025-12-06,27.62,30.11,26.14,81.16,70.59,1440,1440,13/13,network_mean(13 stations)
2025-12-07,28.06,31.26,25.88,75.08,59.15,1440,1440,13/13,network_mean(13 stations)
2025-12-08,27.66,29.68,26.28,74.54,65.46,1440,1440,13/13,network_mean(13 stations)
2025-12-09,27.73,30.48,25.51,74.3,60.55,1440,1440,13/13,network_mean(13 stations)
2025-12-10,27.02,30.76,25.39,83.07,63.25,1440,1440,13/13,network_mean(13 stations)
2025-12-11,27.66,29.69,26.28,81.37,68.88,1440,1440,13/13,network_mean(13 stations)
2025-12-12,27.03,31.54,24.38,85.59,63.81,1440,1440,13/13,network_mean(13 stations)
2025-12-13,26.1,29.49,23.36,87.69,71.36,1440,1440,13/13,network_mean(13 stations)
2025-12-14,26.06,30.06,23.96,89.31,71.09,1440,1440,13/13,network_mean(13 stations)
2025-12-15,25.06,26.18,24.0,93.73,88.44,1440,1440,13/13,network_mean(13 stations)
2025-12-16,25.36,28.25,24.13,92.89,80.25,1440,1440,13/13,network_mean(13 stations)
2025-12-17,25.66,27.44,24.26,90.46,80.9,1440,1440,13/13,network_mean(13 stations)
2025-12-18,26.99,29.41,25.03,82.04,69.52,1440,1440,13/13,network_mean(13 stations)
2025-12-19,26.82,28.79,25.58,84.42,73.39,1440,1440,13/13,network_mean(13 stations)
2025-12-20,27.74,31.18,25.4,81.05,65.63,1440,1440,13/13,network_mean(13 stations)
2025-12-21,28.53,32.16,26.05,74.73,56.95,1440,1440,13/13,network_mean(13 stations)
2025-12-22,28.33,31.91,25.91,75.27,59.34,1440,1440,13/13,network_mean(13 stations)
2025-12-23,28.62,32.58,25.89,74.95,57.25,1440,1440,13/13,network_mean(13 stations)
2025-12-24,28.57,32.48,26.22,76.23,59.58,1440,1440,13/13,network_mean(13 stations)
2025-12-25,28.28,31.56,26.3,80.42,65.35,1440,1440,13/13,network_mean(13 stations)
2025-12-26,27.48,31.1,25.77,84.37,67.91,1440,1440,13/13,network_mean(13 stations)
2025-12-27,27.4,29.87,25.87,85.37,75.81,1440,1440,13/13,network_mean(13 stations)
2025-12-28,26.67,29.65,25.71,87.87,74.69,1440,1440,13/13,network_mean(13 stations)
2025-12-29,26.72,29.83,24.98,86.64,71.88,1440,1440,13/13,network_mean(13 stations)
2025-12-30,27.86,31.19,25.6,76.78,59.8,1440,1440,13/13,network_mean(13 stations)
2025-12-31,27.29,30.47,25.53,80.01,66.22,1440,1440,13/13,network_mean(13 stations)
2026-01-01,27.07,30.15,25.52,81.97,69.13,1440,1440,13/13,network_mean(13 stations)
2026-01-02,27.25,29.38,25.92,78.12,69.21,1440,1440,14/14,network_mean(14 stations)
2026-01-03,27.11,29.41,25.66,76.13,63.51,1440,1440,14/14,network_mean(14 stations)
2026-01-04,27.4,30.35,25.04,71.55,56.02,1440,1440,14/14,network_mean(14 stations)
2026-01-05,27.37,30.71,25.53,78.51,64.09,1440,1440,14/14,network_mean(14 stations)
2026-01-06,26.78,28.77,25.81,83.46,75.15,1440,1440,14/14,network_mean(14 stations)
2026-01-07,26.48,28.9,25.28,87.97,77.63,1440,1440,14/14,network_mean(14 stations)
2026-01-08,26.79,28.94,25.71,81.88,71.82,1440,1440,14/14,network_mean(14 stations)
2026-01-09,26.32,28.21,24.84,79.4,68.25,1440,1440,14/14,network_mean(14 stations)
2026-01-10,26.57,29.81,24.62,76.67,62.29,1440,1440,14/14,network_mean(14 stations)
2026-01-11,26.37,29.41,24.39,74.73,64.51,1440,1440,14/14,network_mean(14 stations)
2026-01-12,26.79,30.18,24.3,71.68,56.78,1440,1440,13/13,network_mean(13 stations)
2026-01-13,26.67,30.84,24.48,78.86,58.08,1440,1440,13/13,network_mean(13 stations)
2026-01-14,26.62,29.95,24.84,82.52,65.71,1440,1440,13/13,network_mean(13 stations)
2026-01-15,26.8,30.09,24.82,80.78,65.35,1440,1440,13/13,network_mean(13 stations)
2026-01-16,26.82,30.45,24.75,81.01,64.45,1440,1440,14/14,network_mean(14 stations)
2026-01-17,26.74,30.09,24.68,80.96,65.19,1440,1440,14/14,network_mean(14 stations)
2026-01-18,27.14,30.99,24.83,73.69,52.49,1440,1440,14/14,network_mean(14 stations)
2026-01-19,26.83,30.44,24.23,74.24,55.29,1440,1440,14/14,network_mean(14 stations)
2026-01-20,26.66,30.48,24.4,75.62,57.57,1440,1440,14/14,network_mean(14 stations)
2026-01-21,26.79,30.27,24.38,73.48,57.75,1440,1440,14/14,network_mean(14 stations)
2026-01-22,26.73,30.69,24.41,72.02,55.34,1440,1440,14/14,network_mean(14 stations)
2026-01-23,26.93,30.57,24.45,72.38,54.78,1440,1440,14/14,network_mean(14 stations)
2026-01-24,27.41,31.42,25.01,73.72,54.94,1440,1440,14/14,network_mean(14 stations)
2026-01-25,27.14,30.16,25.29,75.49,59.68,1440,1440,14/14,network_mean(14 stations)
2026-01-26,27.18,30.87,24.9,72.38,53.67,1440,1440,14/14,network_mean(14 stations)
2026-01-27,26.86,30.07,24.85,73.45,57.59,1440,1440,14/14,network_mean(14 stations)
2026-01-28,26.9,29.9,24.79,76.95,63.4,1440,1440,14/14,network_mean(14 stations)
2026-01-29,26.83,29.81,25.07,78.32,62.9,1440,1440,14/14,network_mean(14 stations)
2026-01-30,27.18,30.54,24.83,76.9,60.91,1440,1440,14/14,network_mean(14 stations)
2026-01-31,27.48,31.16,24.89,76.14,57.77,1440,1440,14/14,network_mean(14 stations)
2026-02-01,27.61,31.29,25.24,76.27,58.48,1440,1440,14/14,network_mean(14 stations)
2026-02-02,27.33,30.49,25.21,70.84,54.34,1440,1440,15/15,network_mean(15 stations)
2026-02-03,27.31,30.99,24.74,72.44,53.52,1440,1440,15/15,network_mean(15 stations)
2026-02-04,27.31,32.35,25.09,76.54,52.83,1399,1399,15/15,network_mean(15 stations)
2026-02-05,26.99,31.31,25.39,82.56,61.45,1440,1440,15/15,network_mean(15 stations)
2026-02-06,27.04,30.93,24.98,80.32,60.41,1440,1440,15/15,network_mean(15 stations)
2026-02-07,26.88,29.75,24.79,81.73,67.32,1440,1440,15/15,network_mean(15 stations)
2026-02-08,27.35,30.82,24.87,76.12,59.93,1440,1440,15/15,network_mean(15 stations)
2026-02-09,27.54,30.8,25.11,69.35,52.95,1440,1440,15/15,network_mean(15 stations)
2026-02-10,27.74,31.51,24.9,75.82,60.22,1440,1440,15/15,network_mean(15 stations)
2026-02-11,27.64,30.89,25.39,79.46,65.29,1440,1440,15/15,network_mean(15 stations)
2026-02-12,27.47,30.34,25.62,78.85,65.49,1440,1440,15/15,network_mean(15 stations)
2026-02-13,27.73,30.68,25.94,79.65,64.52,1440,1440,15/15,network_mean(15 stations)
2026-02-14,27.33,31.93,25.65,82.49,60.27,1440,1440,15/15,network_mean(15 stations)
2026-02-15,27.43,30.36,25.78,81.1,66.05,1440,1440,15/15,network_mean(15 stations)
2026-02-16,26.4,29.73,24.74,87.53,71.36,1440,1440,15/15,network_mean(15 stations)
2026-02-17,24.56,26.13,22.85,94.47,91.08,1440,1440,15/15,network_mean(15 stations)
2026-02-18,25.38,28.29,23.54,89.72,75.75,1440,1440,15/15,network_mean(15 stations)
2026-02-19,25.08,27.27,22.08,91.84,82.95,1440,1440,15/15,network_mean(15 stations)
2026-02-20,26.01,28.67,22.94,84.76,73.74,1440,1440,15/15,network_mean(15 stations)
2026-02-21,27.19,30.66,25.33,82.1,65.44,1440,1440,15/15,network_mean(15 stations)
2026-02-22,27.65,31.76,24.99,78.51,59.85,1440,1440,15/15,network_mean(15 stations)
2026-02-23,27.33,31.43,25.35,79.04,58.73,1440,1440,15/15,network_mean(15 stations)
2026-02-24,27.38,31.31,24.33,81.09,61.75,1440,1440,15/15,network_mean(15 stations)
2026-02-25,26.9,31.47,24.95,85.62,64.38,1440,1440,15/15,network_mean(15 stations)
2026-02-26,27.53,30.47,25.17,80.49,65.81,1440,1440,15/15,network_mean(15 stations)
2026-02-27,27.55,31.07,24.14,82.09,66.35,1440,1440,15/15,network_mean(15 stations)
2026-02-28,28.43,31.43,26.03,80.35,63.98,1440,1440,15/15,network_mean(15 stations)
2026-03-01,28.74,31.41,26.3,80.48,67.73,1440,1440,15/15,network_mean(15 stations)
2026-03-02,27.33,31.0,25.13,86.46,70.52,1440,1440,15/15,network_mean(15 stations)
2026-03-03,27.2,31.42,25.11,82.64,66.44,1440,1440,15/15,network_mean(15 stations)
2026-03-04,27.51,30.23,25.81,83.82,70.57,1440,1440,15/15,network_mean(15 stations)
2026-03-05,27.85,31.51,25.54,81.31,64.92,1440,1440,15/15,network_mean(15 stations)
2026-03-06,27.48,31.44,25.33,80.64,61.54,1440,1440,15/15,network_mean(15 stations)
2026-03-07,28.09,31.21,25.99,78.53,61.85,1440,1440,15/15,network_mean(15 stations)
2026-03-08,28.14,31.79,25.77,76.24,57.29,1440,1440,15/15,network_mean(15 stations)
2026-03-09,28.11,31.66,25.65,75.84,57.59,1440,1440,15/15,network_mean(15 stations)
2026-03-10,28.08,32.05,25.37,72.99,51.39,1440,1440,15/15,network_mean(15 stations)
2026-03-11,28.25,32.37,25.19,72.12,51.47,1440,1440,15/15,network_mean(15 stations)
2026-03-12,27.87,31.53,25.93,79.4,61.78,1440,1440,15/15,network_mean(15 stations)
2026-03-13,28.31,31.58,26.14,77.71,60.75,1440,1440,15/15,network_mean(15 stations)
2026-03-14,28.6,31.65,26.56,76.24,61.55,1440,1440,15/15,network_mean(15 stations)
2026-03-15,27.38,29.35,26.33,82.79,72.45,1440,1440,15/15,network_mean(15 stations)
2026-03-16,28.28,31.89,26.03,76.67,58.43,1440,1440,15/15,network_mean(15 stations)
2026-03-17,28.16,31.51,25.97,77.0,61.61,1440,1440,15/15,network_mean(15 stations)
2026-03-18,28.0,31.04,26.29,79.27,64.97,1440,1440,15/15,network_mean(15 stations)
2026-03-19,28.36,32.25,25.85,76.49,56.51,1440,1440,15/15,network_mean(15 stations)
2026-03-20,28.55,32.77,25.84,74.72,57.12,1440,1440,15/15,network_mean(15 stations)
2026-03-21,28.67,32.59,26.14,73.11,55.97,1440,1440,15/15,network_mean(15 stations)
2026-03-22,28.1,31.9,25.37,70.63,54.91,1440,1440,15/15,network_mean(15 stations)
2026-03-23,28.38,32.47,25.57,70.75,53.17,1440,1440,15/15,network_mean(15 stations)
2026-03-24,28.66,32.84,25.8,71.45,50.67,1440,1440,15/15,network_mean(15 stations)
2026-03-25,28.71,32.72,25.75,70.1,51.82,1440,1440,15/15,network_mean(15 stations)
2026-03-26,28.46,32.2,25.87,73.57,55.14,1440,1440,15/15,network_mean(15 stations)
2026-03-27,28.28,31.49,25.99,74.25,59.91,1440,1440,15/15,network_mean(15 stations)
2026-03-28,28.16,30.59,26.1,74.84,63.17,1440,1440,15/15,network_mean(15 stations)
2026-03-29,28.2,30.88,26.52,78.73,67.26,1440,1440,15/15,network_mean(15 stations)
2026-03-30,28.72,32.21,26.45,78.42,62.65,1440,1440,15/15,network_mean(15 stations)
2026-03-31,28.04,30.33,26.91,82.92,70.56,1440,1440,15/15,network_mean(15 stations)
2026-04-01,28.84,31.69,26.38,78.2,66.02,1440,1440,15/15,network_mean(15 stations)
2026-04-02,28.84,31.77,26.91,77.92,64.67,1440,1440,15/15,network_mean(15 stations)
2026-04-03,29.22,32.43,26.78,74.25,58.38,1440,1440,15/15,network_mean(15 stations)
2026-04-04,28.81,31.39,27.0,79.21,67.25,1440,1440,15/15,network_mean(15 stations)
2026-04-05,29.22,32.52,27.01,78.86,59.16,1440,1440,15/15,network_mean(15 stations)
2026-04-06,28.83,32.12,24.82,76.15,56.1,1440,1440,15/15,network_mean(15 stations)
2026-04-07,27.09,29.83,24.34,87.55,77.76,1440,1440,15/15,network_mean(15 stations)
2026-04-08,28.48,32.14,26.02,81.42,64.77,1440,1440,15/15,network_mean(15 stations)
2026-04-09,28.19,30.41,26.58,81.94,73.83,1440,1440,15/15,network_mean(15 stations)
2026-04-10,28.85,31.9,25.66,79.77,64.61,1440,1440,15/15,network_mean(15 stations)
2026-04-11,28.89,31.07,27.54,83.21,72.29,1440,1440,15/15,network_mean(15 stations)
2026-04-12,28.24,29.91,27.05,82.39,72.34,1440,1440,15/15,network_mean(15 stations)
2026-04-13,29.4,32.95,27.56,80.68,61.94,1440,1440,15/15,network_mean(15 stations)
2026-04-14,29.39,32.31,27.71,80.23,64.24,1333,1333,15/15,network_mean(15 stations)
2026-04-15,28.65,30.66,27.35,80.12,66.77,1440,1440,15/15,network_mean(15 stations)
2026-04-16,29.36,32.37,27.09,77.58,61.16,1440,1440,15/15,network_mean(15 stations)
2026-04-17,29.15,31.26,27.83,80.33,70.36,1440,1440,15/15,network_mean(15 stations)
2026-04-18,28.95,32.15,27.04,80.41,63.61,1440,1440,15/15,network_mean(15 stations)
2026-04-19,28.47,31.2,27.13,83.83,70.93,1440,1440,15/15,network_mean(15 stations)
2026-04-20,28.2,31.64,25.9,83.75,69.62,1440,1440,15/15,network_mean(15 stations)
2026-04-21,26.97,29.92,25.03,88.78,75.44,1440,1440,15/15,network_mean(15 stations)
2026-04-22,28.11,31.22,25.81,83.96,67.67,1440,1440,15/15,network_mean(15 stations)
2026-04-23,29.23,32.7,27.12,79.3,58.58,1438,1438,16/16,network_mean(16 stations)
2026-04-24,29.17,32.45,27.65,82.76,64.9,1437,1437,16/16,network_mean(16 stations)
2026-04-25,29.96,33.25,27.43,77.71,61.54,1437,1437,16/16,network_mean(16 stations)
2026-04-26,28.52,31.27,26.53,85.74,71.68,1437,1437,16/16,network_mean(16 stations)
2026-04-27,28.4,31.13,27.03,84.42,72.41,1437,1437,16/16,network_mean(16 stations)
2026-04-28,29.19,33.18,26.59,81.61,61.93,1437,1437,16/16,network_mean(16 stations)
2026-04-29,29.31,32.24,27.0,80.84,66.88,1434,1437,16/16,network_mean(16 stations)
2026-04-30,29.13,32.3,27.25,81.38,65.29,1437,1437,16/16,network_mean(16 stations)
2026-05-01,28.23,30.35,26.84,85.96,75.53,1437,1437,16/16,network_mean(16 stations)
2026-05-02,28.58,31.98,26.31,81.58,64.78,1437,1437,16/16,network_mean(16 stations)
2026-05-03,28.02,32.43,25.84,85.0,65.18,1437,1437,16/16,network_mean(16 stations)
2026-05-04,27.7,30.56,26.18,85.48,74.67,1437,1437,16/16,network_mean(16 stations)
2026-05-05,27.93,32.1,25.57,84.88,64.08,1437,1437,16/16,network_mean(16 stations)
2026-05-06,28.06,31.16,26.31,85.89,71.24,1437,1437,16/16,network_mean(16 stations)
2026-05-07,28.84,32.04,26.54,82.78,66.41,1437,1437,16/16,network_mean(16 stations)
2026-05-08,27.48,30.01,25.0,87.96,75.11,1437,1437,15/15,network_mean(15 stations)
2026-05-09,28.56,31.15,26.07,82.19,69.9,1437,1437,15/15,network_mean(15 stations)
2026-05-10,29.27,31.88,27.76,80.92,66.0,1437,1437,15/15,network_mean(15 stations)
2026-05-11,29.07,31.37,27.13,81.74,71.03,1437,1437,15/15,network_mean(15 stations)
2026-05-12,28.55,30.79,26.75,85.61,77.36,1437,1437,15/15,network_mean(15 stations)
2026-05-13,27.58,29.43,25.77,86.88,80.49,1437,1437,15/15,network_mean(15 stations)
2026-05-14,29.72,32.05,27.65,77.95,64.13,1437,1437,15/15,network_mean(15 stations)
2026-05-15,27.4,29.35,25.4,88.77,80.68,1437,1437,33/33,network_mean(33 stations)
2026-05-16,26.17,27.32,24.58,94.51,89.06,1437,1437,33/33,network_mean(33 stations)
2026-05-17,28.84,31.95,26.1,80.83,63.54,1437,1437,33/33,network_mean(33 stations)
2026-05-18,28.35,30.47,27.2,87.18,78.89,1437,1437,33/33,network_mean(33 stations)
2026-05-19,29.33,32.36,26.55,82.11,68.61,1437,1437,33/33,network_mean(33 stations)
2026-05-20,29.91,32.68,26.78,80.94,66.93,1437,1434,16/16,network_mean(16 stations)
2026-05-21,28.57,31.61,25.22,81.77,69.3,1437,1437,16/16,network_mean(16 stations)
2026-05-22,29.9,32.31,27.88,77.44,65.64,1437,1437,16/16,network_mean(16 stations)
2026-05-23,28.87,31.96,27.52,82.87,67.14,1437,1437,16/16,network_mean(16 stations)
2026-05-24,28.38,32.39,27.09,84.28,64.45,1437,1437,16/16,network_mean(16 stations)
2026-05-25,28.52,31.24,26.73,83.55,69.26,1437,1437,16/16,network_mean(16 stations)
2026-05-26,29.03,31.8,26.77,81.54,66.46,1437,1437,16/16,network_mean(16 stations)
2026-05-27,29.63,32.64,27.07,78.03,61.8,1437,1437,16/16,network_mean(16 stations)
2026-05-28,29.41,31.81,26.77,77.12,60.69,1437,1437,16/16,network_mean(16 stations)
2026-05-29,28.17,29.81,25.11,85.24,77.21,1437,1437,16/16,network_mean(16 stations)
2026-05-30,28.46,31.3,23.95,80.63,67.09,1437,1437,16/16,network_mean(16 stations)
2026-05-31,29.34,32.17,27.86,82.75,67.71,1437,1437,16/16,network_mean(16 stations)
2026-06-01,28.99,30.59,27.47,81.36,69.48,1437,1437,16/16,network_mean(16 stations)
2026-06-02,30.13,32.56,28.46,78.01,64.0,1437,1428,16/16,network_mean(16 stations)
2026-06-03,30.06,32.07,28.71,78.65,69.23,1437,1437,16/16,network_mean(16 stations)
2026-06-04,30.48,32.89,28.54,78.56,66.9,1437,1437,16/16,network_mean(16 stations)
2026-06-05,30.62,32.73,29.27,78.76,67.77,1394,1394,16/16,network_mean(16 stations)
2026-06-06,30.74,33.02,29.11,78.58,66.99,1437,1437,16/16,network_mean(16 stations)
2026-06-07,29.17,30.52,28.02,82.15,73.11,1437,1437,16/16,network_mean(16 stations)
2026-06-08,28.86,31.81,26.13,83.44,71.33,1437,1437,16/16,network_mean(16 stations)
2026-06-09,27.28,29.38,26.56,89.45,83.96,1437,1437,16/16,network_mean(16 stations)
2026-06-10,28.63,30.74,26.34,80.54,66.56,1437,1437,16/16,network_mean(16 stations)
2026-06-11,27.79,28.69,25.14,88.21,81.86,1437,1437,16/16,network_mean(16 stations)
2026-06-12,27.11,29.47,23.84,87.36,79.13,1437,1437,16/16,network_mean(16 stations)
2026-06-13,28.7,32.15,25.44,80.81,64.56,1437,1437,16/16,network_mean(16 stations)
2026-06-14,29.14,32.17,27.93,79.16,64.21,1437,1437,16/16,network_mean(16 stations)
2026-06-15,28.57,31.09,26.72,82.09,67.88,1437,1437,16/16,network_mean(16 stations)
2026-06-16,29.07,31.09,27.55,79.76,67.56,1437,1437,16/16,network_mean(16 stations)
2026-06-17,27.91,30.58,26.51,84.73,72.11,1437,1437,16/16,network_mean(16 stations)
2026-06-18,28.61,31.29,26.53,81.93,67.91,1437,1437,16/16,network_mean(16 stations)
2026-06-19,29.1,31.76,26.27,79.09,66.12,1437,1437,16/16,network_mean(16 stations)
2026-06-20,28.35,30.63,26.77,82.44,67.62,1437,1437,16/16,network_mean(16 stations)
2026-06-21,28.76,31.44,27.24,82.31,66.82,1437,1437,16/16,network_mean(16 stations)
2026-06-22,26.69,27.39,25.74,89.89,85.76,1437,1437,16/16,network_mean(16 stations)
2026-06-23,28.9,31.23,26.89,79.8,67.28,1437,1437,16/16,network_mean(16 stations)
2026-06-24,27.64,30.16,25.11,86.43,76.29,1437,1437,16/16,network_mean(16 stations)
2026-06-25,28.28,30.85,25.62,82.45,67.69,1437,1437,16/16,network_mean(16 stations)
2026-06-26,29.24,31.7,26.25,79.27,67.22,1437,1437,16/16,network_mean(16 stations)
2026-06-27,29.8,32.23,27.71,76.08,60.35,1437,1437,16/16,network_mean(16 stations)
2026-06-28,29.78,32.27,27.52,78.0,63.18,1437,1437,16/16,network_mean(16 stations)
2026-06-29,29.78,31.92,28.34,78.58,68.27,1437,1437,16/16,network_mean(16 stations)
2026-06-30,27.59,28.74,24.81,84.02,75.67,1437,1437,16/16,network_mean(16 stations)
2026-07-01,28.62,30.94,27.11,83.42,74.21,1437,1437,16/16,network_mean(16 stations)
2026-07-02,28.21,29.94,25.71,80.79,72.59,1437,1437,16/16,network_mean(16 stations)
2026-07-03,29.31,31.5,28.16,80.99,71.6,1430,1430,16/16,network_mean(16 stations)
2026-07-04,29.67,32.24,27.65,77.74,63.07,1437,1437,16/16,network_mean(16 stations)
2026-07-05,28.76,31.53,27.33,83.52,67.59,1437,1437,16/16,network_mean(16 stations)
2026-07-06,28.63,31.3,26.33,82.89,69.91,1437,1437,16/16,network_mean(16 stations)
2026-07-07,28.98,31.36,27.18,80.51,62.08,1437,1437,16/16,network_mean(16 stations)
2026-07-08,28.85,31.06,26.76,80.36,70.04,1437,1437,16/16,network_mean(16 stations)
2026-07-09,28.54,30.92,27.27,81.78,70.41,1437,1437,16/16,network_mean(16 stations)
2026-07-10,29.12,31.56,27.35,78.51,66.68,1437,1437,16/16,network_mean(16 stations)
2026-07-11,28.76,30.34,27.34,80.06,72.97,1437,1437,16/16,network_mean(16 stations)
2026-07-12,28.39,29.52,27.76,82.37,78.03,1437,1437,16/16,network_mean(16 stations)
2026-07-13,29.13,30.81,27.54,78.78,70.79,1437,1437,16/16,network_mean(16 stations)
2026-07-14,29.49,31.57,27.85,75.95,64.56,1437,1437,16/16,network_mean(16 stations)
2026-07-15,29.39,31.78,28.16,80.62,70.32,1437,1437,16/16,network_mean(16 stations)
2026-07-16,29.47,32.1,27.49,80.28,66.7,1437,1437,16/16,network_mean(16 stations)
2026-07-17,28.38,30.27,26.71,84.73,74.87,1437,1437,16/16,network_mean(16 stations)
2026-07-18,28.89,31.76,26.92,81.58,65.54,1437,1437,16/16,network_mean(16 stations)
2026-07-19,29.21,32.14,27.06,78.33,62.19,1437,1437,16/16,network_mean(16 stations)
2026-07-20,28.98,32.24,27.4,78.4,64.86,1437,1437,16/16,network_mean(16 stations)
2026-07-21,28.46,30.89,26.63,81.77,69.13,1437,1437,15/15,network_mean(15 stations)
2026-07-22,27.57,29.67,25.1,86.41,77.29,1437,1437,15/15,network_mean(15 stations)
2026-07-23,28.18,29.86,26.71,84.36,75.71,1437,1437,15/15,network_mean(15 stations)
2026-07-24,29.14,31.54,27.35,79.08,67.56,1437,1437,15/15,network_mean(15 stations)
2026-07-25,28.57,29.52,26.97,81.55,74.91,1437,1437,15/15,network_mean(15 stations)
2026-07-26,27.92,29.79,26.17,84.21,73.6,1437,1437,15/15,network_mean(15 stations)
2026-07-27,29.1,31.27,27.17,74.71,60.51,1437,1437,15/15,network_mean(15 stations)
2026-07-28,28.9,31.37,27.82,78.98,67.92,1437,1437,15/15,network_mean(15 stations)
2026-07-29,29.19,31.63,27.7,79.74,65.74,1437,1437,16/16,network_mean(16 stations)
2026-07-30,28.77,29.78,27.96,81.13,71.85,1437,1437,16/16,network_mean(16 stations)
2026-07-31,29.26,31.77,27.35,79.79,66.32,1437,1437,16/16,network_mean(16 stations)
2026-08-01,29.76,32.23,28.1,77.68,62.23,1437,1437,16/16,network_mean(16 stations)
2026-08-02,29.35,32.24,27.67,80.29,66.4,1437,1437,16/16,network_mean(16 stations)
2026-08-03,29.87,32.67,27.92,79.14,61.11,1437,1437,16/16,network_mean(16 stations)
2026-08-04,29.57,31.56,27.98,78.84,66.7,1437,1437,16/16,network_mean(16 stations)
2026-08-05,29.76,32.2,27.96,78.72,66.26,1437,1437,16/16,network_mean(16 stations)
2026-08-06,29.56,31.77,28.16,79.23,66.67,1437,1437,16/16,network_mean(16 stations)
2026-08-07,29.67,32.11,28.14,77.42,61.37,1437,1437,16/16,network_mean(16 stations)
2026-08-08,29.71,31.83,28.09,75.33,63.82,1437,1437,16/16,network_mean(16 stations)
2026-08-09,29.74,31.96,28.28,71.69,58.6,1437,1437,16/16,network_mean(16 stations)
2026-08-10,29.47,31.45,27.93,73.31,62.28,1437,1437,16/16,network_mean(16 stations)
2026-08-11,29.46,31.98,27.61,72.24,57.23,1437,1437,16/16,network_mean(16 stations)
2026-08-12,29.53,32.42,27.15,71.63,56.9,1437,1437,16/16,network_mean(16 stations)
2026-08-13,29.49,31.93,27.84,74.68,61.64,1437,1437,16/16,network_mean(16 stations)
2026-08-14,29.94,32.49,28.02,73.06,58.13,1409,1409,16/16,network_mean(16 stations)
2026-08-15,29.74,32.52,27.49,77.99,61.91,1437,1437,16/16,network_mean(16 stations)
2026-08-16,29.21,32.43,26.67,80.63,66.3,1437,1437,16/16,network_mean(16 stations)
2026-08-17,29.28,32.27,26.61,78.63,64.65,1437,1437,16/16,network_mean(16 stations)
2026-08-18,29.83,32.58,28.04,78.13,65.13,1437,1437,16/16,network_mean(16 stations)
2026-08-19,28.89,31.48,26.56,80.1,69.05,1437,1437,18/18,network_mean(18 stations)
2026-08-20,29.59,32.07,27.48,74.76,62.35,1381,1369,18/18,network_mean(18 stations)
2026-08-21,29.66,32.63,27.34,73.32,57.4,1437,1434,18/18,network_mean(18 stations)
2026-08-22,29.7,32.51,27.64,71.04,55.37,1419,1404,18/18,network_mean(18 stations)
2026-08-23,29.71,32.25,27.67,71.88,55.58,1437,1437,18/18,network_mean(18 stations)
2026-08-24,29.64,32.11,27.53,75.98,62.78,1437,1437,18/18,network_mean(18 stations)
2026-08-25,29.92,32.71,27.96,75.19,60.52,1437,1437,18/18,network_mean(18 stations)
2026-08-26,27.66,30.91,25.54,82.08,71.04,1437,1437,18/18,network_mean(18 stations)
2026-08-27,29.11,31.68,26.62,77.96,67.04,1437,1437,18/18,network_mean(18 stations)
2026-08-28,29.53,31.79,27.98,74.71,60.79,1437,1437,18/18,network_mean(18 stations)
2026-08-29,29.75,32.49,27.69,76.64,62.49,1437,1437,18/18,network_mean(18 stations)
2026-08-30,28.92,31.63,25.06,77.29,62.53,1437,1437,18/18,network_mean(18 stations)
2026-08-31,28.36,30.54,24.83,78.15,67.03,1437,1437,18/18,network_mean(18 stations)
2026-09-01,29.58,32.05,27.76,79.08,67.14,1437,1437,18/18,network_mean(18 stations)
2026-09-02,29.72,32.67,27.79,76.15,55.78,1437,1437,18/18,network_mean(18 stations)
2026-09-03,29.51,32.5,27.33,72.19,54.01,1437,1437,18/18,network_mean(18 stations)
2026-09-04,29.53,32.03,27.38,74.65,62.63,1437,1437,18/18,network_mean(18 stations)
2026-09-05,29.75,32.69,27.84,72.02,55.94,1437,1437,18/18,network_mean(18 stations)
2026-09-06,29.63,32.36,27.66,72.35,51.51,1437,1437,18/18,network_mean(18 stations)
2026-09-07,29.59,32.25,27.63,72.94,59.75,1437,1437,18/18,network_mean(18 stations)
2026-09-08,29.75,32.82,27.21,73.22,58.91,1437,1437,18/18,network_mean(18 stations)
2026-09-09,29.84,32.69,27.89,76.22,61.15,1437,1437,18/18,network_mean(18 stations)
2026-09-10,29.16,31.94,25.91,79.2,65.35,1437,1437,18/18,network_mean(18 stations)
2026-09-11,27.9,30.64,25.39,85.93,74.22,1437,1437,18/18,network_mean(18 stations)
2026-09-12,28.25,30.99,26.23,83.73,69.98,1437,1437,18/18,network_mean(18 stations)
2026-09-13,29.63,32.36,27.56,76.63,60.77,1437,1437,18/18,network_mean(18 stations)
2026-09-14,29.63,32.2,27.53,78.63,63.94,1437,1437,18/18,network_mean(18 stations)
2026-09-15,29.45,31.97,27.75,78.46,65.0,1437,1437,18/18,network_mean(18 stations)
2026-09-16,29.36,32.16,27.1,73.88,54.81,1437,1437,18/18,network_mean(18 stations)
2026-09-17,29.58,32.11,27.47,74.08,61.06,1437,1437,18/18,network_mean(18 stations)
2026-09-18,29.44,32.24,26.79,75.48,61.88,1437,1437,18/18,network_mean(18 stations)
2026-09-19,29.64,32.65,27.43,76.52,60.58,1437,1437,18/18,network_mean(18 stations)
2026-09-20,29.55,31.87,28.34,78.55,67.34,1437,1437,18/18,network_mean(18 stations)
2026-09-21,28.36,32.26,26.72,84.88,67.08,1437,1437,18/18,network_mean(18 stations)
2026-09-22,27.08,31.22,24.26,88.92,71.19,1437,1437,18/18,network_mean(18 stations)
2026-09-23,27.79,29.91,25.63,86.0,74.84,1437,1437,18/18,network_mean(18 stations)
2026-09-24,28.58,31.31,26.65,83.11,70.82,1437,1437,18/18,network_mean(18 stations)
2026-09-25,29.27,32.43,27.07,80.88,65.24,1437,1437,18/18,network_mean(18 stations)
2026-09-26,30.15,33.78,28.01,77.75,54.79,1437,1437,18/18,network_mean(18 stations)
2026-09-27,26.33,29.04,23.18,89.84,81.16,1437,1437,18/18,network_mean(18 stations)
2026-09-28,27.73,30.22,25.53,85.64,75.18,1437,1437,18/18,network_mean(18 stations)
