date,station,daily_rainfall_total,mean_temperature,maximum_temperature,minimum_temperature,mean_wind_speed,max_wind_speed
22/1/2009,Admiralty,0,na,31.5,23.3,11.1,31.7
23/1/2009,Admiralty,0,na,31.9,23.8,11.4,36
24/1/2009,Admiralty,0,26.8,31.4,24.4,11.7,38.2
25/1/2009,Admiralty,0.8,25.9,27.8,24.4,12.7,38.2
26/1/2009,Admiralty,0,25.9,29.6,23.7,12.4,42.5
27/1/2009,Admiralty,0,na,30.2,23.7,10.4,38.9
28/1/2009,Admiralty,0,26.6,31.9,23.7,10.3,32.4
29/1/2009,Admiralty,0,26.3,30,23.9,11.3,33.5
30/1/2009,Admiralty,0,26.5,30.9,24.2,9.6,31.3
31/1/2009,Admiralty,0,26.4,29.9,24.8,11.4,41.8
1/2/2009,Admiralty,0,26.2,29.1,24.7,13.3,41.4
2/2/2009,Admiralty,0,26.7,31,23.8,9.9,40.7
3/2/2009,Admiralty,0,26.2,30.4,23.5,10.7,31.7
4/2/2009,Admiralty,2.8,26.1,30.4,23.9,8.8,41.4
5/2/2009,Admiralty,0,26.2,30,23.9,11,33.5
6/2/2009,Admiralty,0,26.3,30.4,23.7,11.6,35.3
7/2/2009,Admiralty,0,26,30.4,23.6,11.1,35.3
8/2/2009,Admiralty,0,26.8,31.9,23.8,11.3,32
9/2/2009,Admiralty,0,26.8,31.8,23.7,13.4,38.2
10/2/2009,Admiralty,0,27.1,32,24,10.8,28.1
11/2/2009,Admiralty,21.6,26.4,32,24.4,8.6,30.2
12/2/2009,Admiralty,0.2,27.1,32,24.7,6.5,31
13/2/2009,Admiralty,0,28,33,25.4,9,29.2
14/2/2009,Admiralty,0,27.8,31.9,24.9,8.1,32.4
15/2/2009,Admiralty,0,28.6,32.6,25.5,8.5,40.3
16/2/2009,Admiralty,22,27.4,33.4,26,8.3,38.2
17/2/2009,Admiralty,0,27.8,32.1,25.1,12,38.2
18/2/2009,Admiralty,0,27.4,32.4,24.6,12.2,40
19/2/2009,Admiralty,0,27.3,32.1,24.4,12.9,39.6
20/2/2009,Admiralty,0,27.4,32.1,24.5,11.5,36.7
21/2/2009,Admiralty,0.4,26.9,31.6,25.2,8.6,34.9
22/2/2009,Admiralty,14.6,26.1,31.7,23.1,8.5,41.4
23/2/2009,Admiralty,28.8,25.9,30.9,23.4,6.9,47.5
24/2/2009,Admiralty,7.8,25,27.8,23.4,6.9,29.9
25/2/2009,Admiralty,39.4,26.3,32.6,23,6.3,42.8
26/2/2009,Admiralty,2,26,30.6,24.2,6.6,27.4
27/2/2009,Admiralty,0,26.9,31.1,24.7,7.6,26.3
28/2/2009,Admiralty,8.4,26.8,33.1,24.2,6.9,40
1/3/2009,Admiralty,9.2,26.6,32.1,24.1,7.5,38.5
2/3/2009,Admiralty,41.2,27,32.9,23.9,7.4,30.2
3/3/2009,Admiralty,2.6,25.2,27.3,22.2,7.8,47.5
4/3/2009,Admiralty,10.2,27.2,34.1,24,6.9,36.4
5/3/2009,Admiralty,21.6,27.1,31.9,23.5,8,44.6
6/3/2009,Admiralty,0,27.7,32.8,23.5,7.4,34.2
7/3/2009,Admiralty,1.8,27.2,32.2,25.6,5.9,36.7
8/3/2009,Admiralty,0,27.9,33.6,24.6,7.9,31
9/3/2009,Admiralty,142,24.8,28.4,22.9,9.6,35.3
10/3/2009,Admiralty,0,27,32.2,22.7,6.5,32
11/3/2009,Admiralty,3.8,26.6,31.2,25,6.2,37.4
12/3/2009,Admiralty,1.4,27.5,34,24.4,7.2,31.7
13/3/2009,Admiralty,0.8,26.3,30.5,25.1,7.5,40.7
14/3/2009,Admiralty,20.4,26.1,33.6,23.9,7.4,40
15/3/2009,Admiralty,2.8,25.8,31.6,23.7,6.6,31.3
16/3/2009,Admiralty,5.2,25.5,28.6,24.2,5.2,25.9
17/3/2009,Admiralty,1.6,27.3,33.2,24,6.5,26.3
18/3/2009,Admiralty,6,28.1,33.5,23.3,9.4,51.5
19/3/2009,Admiralty,0.2,na,33.1,23.2,7.7,44.6
20/3/2009,Admiralty,na,na,na,na,6.9,29.2
21/3/2009,Admiralty,12.8,26.5,32.6,23.6,6.6,38.2
22/3/2009,Admiralty,0,26.2,30.4,23.1,6.3,41.4
23/3/2009,Admiralty,0,28,33.4,24.5,7.7,28.1
24/3/2009,Admiralty,7,26.3,29.1,23.2,7.3,55.8
25/3/2009,Admiralty,20.6,27.2,34.5,24.6,5.7,36.4
26/3/2009,Admiralty,6.8,27.6,33.4,24.9,6.1,32.8
27/3/2009,Admiralty,0.2,28.4,33.5,25.4,5.7,24.8
28/3/2009,Admiralty,0,27.7,31.5,25,7.6,31.3
29/3/2009,Admiralty,29.6,26.9,33.9,22.7,7.3,36.7
30/3/2009,Admiralty,0.2,27.1,31.6,24.7,8.6,28.8
31/3/2009,Admiralty,0,27.7,32.1,25.1,6.1,26.6
1/4/2009,Admiralty,0,28.1,32.6,25.1,8.3,32.4
2/4/2009,Admiralty,0,28.6,33.1,25.8,8.3,33.8
3/4/2009,Admiralty,0,28.7,33.2,25.8,10.1,31.3
4/4/2009,Admiralty,0.6,28.6,32.1,26.1,8.8,32
5/4/2009,Admiralty,15.2,26.4,30.8,24.7,5.7,38.5
6/4/2009,Admiralty,1.2,26.8,31.3,25,5.4,34.6
7/4/2009,Admiralty,0,27.3,30.9,24.9,4.5,19.4
8/4/2009,Admiralty,0.2,28.6,32,25.1,9.4,34.6
9/4/2009,Admiralty,0.2,27.6,30.9,26.1,8,32
10/4/2009,Admiralty,33.4,26.7,32.2,23.9,6.4,37.1
11/4/2009,Admiralty,16,26.7,34.1,24.3,5.4,33.5
12/4/2009,Admiralty,8,26.2,28.3,23.9,6,25.2
13/4/2009,Admiralty,0,27,32.4,23.7,5.6,37.8
14/4/2009,Admiralty,0,28.9,34.4,25.3,6,27.4
15/4/2009,Admiralty,21.2,27.5,29.2,24.1,8.2,39.2
16/4/2009,Admiralty,0,27.7,29.8,25.8,5.5,25.9
17/4/2009,Admiralty,0,29.5,34.6,25.8,6.1,24.1
18/4/2009,Admiralty,0,29.9,35.1,26.4,6.8,27
19/4/2009,Admiralty,0,29.1,34.2,25.8,6.5,27.4
20/4/2009,Admiralty,10.8,28.1,30.5,25.5,9.3,36
21/4/2009,Admiralty,0,28.5,32.2,24.5,10.3,41.4
22/4/2009,Admiralty,6.6,29.5,32.6,24.3,12.1,77.8
23/4/2009,Admiralty,0,29,33.2,23.9,11.2,43.6
24/4/2009,Admiralty,0,29.5,32.6,26.3,10.4,38.2
25/4/2009,Admiralty,0,30.1,33.2,27.7,6.3,32
26/4/2009,Admiralty,5.8,27.6,33,23.8,6.6,52.9
27/4/2009,Admiralty,0,29.4,34.7,25.2,4.9,23.4
28/4/2009,Admiralty,16.8,26.7,30.3,24.8,6.1,40.3
29/4/2009,Admiralty,1,28.3,33.4,24.7,5.3,41
30/4/2009,Admiralty,11.8,27,29,23.7,7.4,32.8
1/5/2009,Admiralty,0,28.7,33.5,25.8,7.4,28.4
2/5/2009,Admiralty,15.8,28.3,31.2,26.1,9.3,32.8
3/5/2009,Admiralty,3.6,28.1,31.2,23,12.1,62.6
4/5/2009,Admiralty,2.2,27.6,29.9,25.1,10,37.8
5/5/2009,Admiralty,16.8,29,31.8,26.2,8.1,34.2
6/5/2009,Admiralty,1.2,28,31,21.8,9.7,59.8
7/5/2009,Admiralty,0,29.2,32.7,25,9.3,37.1
8/5/2009,Admiralty,5.6,29.1,32.5,24.8,6.1,33.8
9/5/2009,Admiralty,0.2,28.2,31.5,24.2,8.7,47.5
10/5/2009,Admiralty,2.8,28.8,32.8,26,6,29.5
11/5/2009,Admiralty,0,27.1,32.5,24.9,6.3,27.4
12/5/2009,Admiralty,0,28.2,31.1,25,6.8,25.9
13/5/2009,Admiralty,1.2,29,32.9,26.2,9.6,32
14/5/2009,Admiralty,0.2,28.5,32.3,24.5,7.7,36
15/5/2009,Admiralty,39.6,27.8,34,24.1,5.6,34.2
16/5/2009,Admiralty,0.2,27.6,33.7,25.7,5.5,34.2
17/5/2009,Admiralty,0,29,33.6,25,6.8,25.6
18/5/2009,Admiralty,2,26.5,29.5,24.5,5.5,35.6
19/5/2009,Admiralty,0,28.8,33.6,25.3,5.7,23
20/5/2009,Admiralty,0,29.5,33.4,26.3,6.8,25.2
21/5/2009,Admiralty,62.8,28.5,33.1,24.3,7.2,45.4
22/5/2009,Admiralty,0,29.5,34.2,25.2,5.6,27.7
23/5/2009,Admiralty,25.6,27.8,32.7,24.1,7.4,38.2
24/5/2009,Admiralty,0,29.3,34.2,25.5,6.6,25.2
25/5/2009,Admiralty,0,30,34.7,26.4,7.5,31
26/5/2009,Admiralty,22.6,27.1,31,24.5,7.5,65.9
27/5/2009,Admiralty,0,29,33.1,25.6,5.3,21.2
28/5/2009,Admiralty,0.8,28.8,33.1,27,7.2,44.3
29/5/2009,Admiralty,0,28.5,33.5,26,6.4,28.4
30/5/2009,Admiralty,2.4,28.3,32.4,23.9,7.8,55.8
31/5/2009,Admiralty,0,29.2,33.6,25.9,9.5,33.5
1/6/2009,Admiralty,0,29.9,34.2,26.5,7.8,23
2/6/2009,Admiralty,0.8,30.4,34.6,27.8,6.1,24.1
3/6/2009,Admiralty,3.2,28.2,31,24.3,7.8,38.9
4/6/2009,Admiralty,0,28.4,31.8,24.8,7.2,43.9
5/6/2009,Admiralty,0,30.2,33.8,27.8,7.1,30.6
6/6/2009,Admiralty,0,30.3,34.2,27.8,5.9,23.8
7/6/2009,Admiralty,13.4,27.6,32.4,24.7,5.6,55.1
8/6/2009,Admiralty,0,29.1,33,25.6,6,29.2
9/6/2009,Admiralty,0,30.1,33.7,27.6,5.1,23.8
10/6/2009,Admiralty,0,30.6,34.6,27.8,6.2,23
11/6/2009,Admiralty,0,30.1,34.7,26.6,7.1,27
12/6/2009,Admiralty,1.8,28.6,34.3,25.9,7,40.3
13/6/2009,Admiralty,16.6,27.6,31.6,23.7,6.5,41.4
14/6/2009,Admiralty,0,28.4,32.4,24.8,5.6,28.1
15/6/2009,Admiralty,0,28.6,31.6,26.1,7.2,37.8
16/6/2009,Admiralty,0,28.8,31.3,26.8,6.5,28.8
17/6/2009,Admiralty,0,30.3,33.9,27.9,6.6,26.3
18/6/2009,Admiralty,0,30.2,34.2,27,7,29.9
19/6/2009,Admiralty,0,29.8,32.9,27.7,6.3,32.4
20/6/2009,Admiralty,9.6,29.3,33.7,25,6.5,45.7
21/6/2009,Admiralty,11,28.4,33.2,25.8,5.1,27
22/6/2009,Admiralty,0.2,28.4,31.8,25.6,5.2,21.6
23/6/2009,Admiralty,21.6,27.8,32.4,25.6,5.2,28.1
24/6/2009,Admiralty,2.4,26.1,27.7,25.2,7.5,36.7
25/6/2009,Admiralty,0,28.8,33.2,25,6.8,21.2
26/6/2009,Admiralty,0,28.8,34.1,25.9,5.4,28.1
27/6/2009,Admiralty,0,27.8,32.3,24.7,5.9,37.8
28/6/2009,Admiralty,10.6,28.2,32.1,25.6,4.8,34.2
29/6/2009,Admiralty,0.8,27.5,32.2,24.4,7.3,30.2
30/6/2009,Admiralty,0,28.6,33.2,24.5,6.8,27.7
1/7/2009,Admiralty,6.8,28.3,32.4,25.8,5.7,32
2/7/2009,Admiralty,11.6,27.1,32,23.9,5.3,56.9
3/7/2009,Admiralty,0,28.7,32.9,24.7,5.4,30.6
4/7/2009,Admiralty,0,29.5,33.7,27.2,7.8,44.3
5/7/2009,Admiralty,29.8,26.6,31.6,23.4,7.4,34.9
6/7/2009,Admiralty,0,26.4,30.1,23.8,6.4,35.3
7/7/2009,Admiralty,1.4,27.1,31.4,24.6,4.8,36.4
8/7/2009,Admiralty,0.6,27.2,32.3,24.4,5.3,36
9/7/2009,Admiralty,3.4,27.6,33.6,25.5,4.8,26.3
10/7/2009,Admiralty,8,27,31.8,24.7,5.9,40
11/7/2009,Admiralty,0,27.3,31,25,10.2,47.5
12/7/2009,Admiralty,0,27.5,30.4,24.4,10.9,45.7
13/7/2009,Admiralty,0,28.9,32.1,26.4,7.4,35.6
14/7/2009,Admiralty,4.6,28.9,31.9,26.9,6.9,27
15/7/2009,Admiralty,0.8,27.3,30.2,22.5,5.7,50.4
16/7/2009,Admiralty,0,29,31.6,27,6.8,34.9
17/7/2009,Admiralty,0,29.3,32.1,27.6,6.3,31
18/7/2009,Admiralty,0.8,28.9,32.5,27.4,5.8,27.4
19/7/2009,Admiralty,1.2,28.2,31.6,26,6.3,32.8
20/7/2009,Admiralty,0,29.5,33.7,26.7,5.6,26.3
21/7/2009,Admiralty,2,29.8,33.5,27.5,7.5,28.8
22/7/2009,Admiralty,18.6,26.6,29.1,22.5,6.5,50
23/7/2009,Admiralty,4,29,32.9,25.3,6.1,29.9
24/7/2009,Admiralty,0.2,27.2,29.2,23.8,6.7,47.5
25/7/2009,Admiralty,0,28.9,32.2,26,5.6,25.9
26/7/2009,Admiralty,0,28.3,31.9,24.1,8.6,45.7
27/7/2009,Admiralty,9.2,26.5,30.4,22.6,7.1,59.4
28/7/2009,Admiralty,0,28,33.1,23.4,6.7,33.1
29/7/2009,Admiralty,0,29,32.3,26.8,7.1,33.1
30/7/2009,Admiralty,0,28.5,32.2,24.9,7.2,29.5
31/7/2009,Admiralty,0,28.8,32.8,24.9,6.2,29.5
1/8/2009,Admiralty,0,28.9,31.7,26.5,6.5,28.8
2/8/2009,Admiralty,0,29.2,32.4,27,6.4,29.9
3/8/2009,Admiralty,0,29.2,32.9,26.8,7.1,31.3
4/8/2009,Admiralty,0,29.3,33,27,6.5,27.4
5/8/2009,Admiralty,1.2,28.1,30.9,26.6,6.1,40.3
6/8/2009,Admiralty,0,29.4,33.6,24.4,5.7,29.2
7/8/2009,Admiralty,0,29,32.3,27,6.4,40.7
8/8/2009,Admiralty,0,29,32.5,25.6,6.3,29.5
9/8/2009,Admiralty,0.2,29.3,33.1,27.4,7,27.7
10/8/2009,Admiralty,0,26.9,30.1,23.7,6.9,50.4
11/8/2009,Admiralty,0.4,28.9,33.2,26.2,6.2,25.9
12/8/2009,Admiralty,0,29.3,33,27.3,9.8,36.4
13/8/2009,Admiralty,0,29.7,33.6,27.4,8.7,33.5
14/8/2009,Admiralty,0,28.9,33,26.1,7.8,38.5
15/8/2009,Admiralty,2.8,26.8,30.6,25.4,5.6,43.6
16/8/2009,Admiralty,3.6,27.7,33.1,25.1,5.7,33.1
17/8/2009,Admiralty,8.4,27.1,30.7,24.9,4.5,33.1
18/8/2009,Admiralty,0,28.8,33.1,25.4,8.4,37.4
19/8/2009,Admiralty,0,29.1,33,26,6.3,27.7
20/8/2009,Admiralty,3,27.5,32.7,23.3,6.3,43.9
21/8/2009,Admiralty,0.6,26.6,30.7,23.7,4.8,38.9
22/8/2009,Admiralty,8.2,28.8,33.3,24.7,5.9,26.3
23/8/2009,Admiralty,0,26.3,29.6,23.2,7,38.2
24/8/2009,Admiralty,16.2,27.7,31,24.3,9.7,43.9
25/8/2009,Admiralty,0,27.5,31.4,22.7,10.4,47.5
26/8/2009,Admiralty,0.4,27.5,31.4,24.4,5.2,39.6
27/8/2009,Admiralty,37,26.2,28.2,23.6,9.8,33.1
28/8/2009,Admiralty,0,26.7,30.6,23.2,11.4,48.6
29/8/2009,Admiralty,0,28.9,32.5,26.2,6.7,30.2
30/8/2009,Admiralty,7.8,26.2,28.3,24.1,7,47.5
31/8/2009,Admiralty,0.4,27.5,31.6,25.2,5.4,24.8
1/9/2009,Admiralty,24,25.3,29.9,23.5,9.5,49
2/9/2009,Admiralty,0,27.8,32.6,23.8,5,24.5
3/9/2009,Admiralty,1.4,28.9,32.7,26.5,7.1,29.9
4/9/2009,Admiralty,4,28.5,31.2,26.2,5.4,29.2
5/9/2009,Admiralty,0,28.3,32.1,24.9,7.7,41.4
6/9/2009,Admiralty,1,26.6,28,24.4,5,40.7
7/9/2009,Admiralty,0,28.5,31.8,25.9,6,25.9
8/9/2009,Admiralty,0,29.1,31.9,27.4,5.1,20.9
9/9/2009,Admiralty,0,29.8,33.4,27.7,5.6,31.3
10/9/2009,Admiralty,3.4,29.2,32.6,26.1,5.7,30.2
11/9/2009,Admiralty,4.6,27.4,31.3,26,4.7,27.4
12/9/2009,Admiralty,0,29.2,33.3,26,6.3,30.6
13/9/2009,Admiralty,3.8,29.3,33.3,26.6,7,46.8
14/9/2009,Admiralty,0,29.5,34.1,25.8,6.1,24.5
15/9/2009,Admiralty,0,29.5,33.2,26.9,5.3,30.2
16/9/2009,Admiralty,8.2,28.9,34.3,24.9,6,37.1
17/9/2009,Admiralty,0,27.3,30.1,26.1,7.3,30.2
18/9/2009,Admiralty,8.2,26.1,29.4,23.1,4.7,39.2
19/9/2009,Admiralty,5.4,25.8,28.4,23.5,5.6,31.3
20/9/2009,Admiralty,0,28.6,33.1,25,5,29.9
21/9/2009,Admiralty,0.2,27.6,32.9,24.8,6.6,28.1
22/9/2009,Admiralty,0,27.5,30.9,24.8,6.6,32.8
23/9/2009,Admiralty,0.2,28.5,32,25.4,6.3,31.3
24/9/2009,Admiralty,1,27.5,31.2,23.5,8.7,54.4
25/9/2009,Admiralty,0,29,32.5,26.1,7.1,33.5
26/9/2009,Admiralty,0,29.6,33.1,25.9,6.9,35.6
27/9/2009,Admiralty,0,29.3,32.9,27.1,6.2,28.8
28/9/2009,Admiralty,0,29.7,33.5,27.4,5.9,33.1
29/9/2009,Admiralty,1.8,28.5,31.2,25.3,11.4,44.6
30/9/2009,Admiralty,0.4,28.8,32.6,24.3,7.1,40
1/10/2009,Admiralty,0,27.8,29.7,25.2,7.6,42.8
2/10/2009,Admiralty,0,28.7,33.5,26.4,7,33.1
3/10/2009,Admiralty,2.6,26.8,31.5,24.8,7.3,55.8
4/10/2009,Admiralty,0,27.4,32.4,24.4,7.8,40
5/10/2009,Admiralty,0.6,27.5,30.4,25.5,9.2,43.9
6/10/2009,Admiralty,0,27.7,29.9,24.1,7.5,41.4
7/10/2009,Admiralty,0,29,33.2,24.7,5.3,37.4
8/10/2009,Admiralty,16.6,26.8,30.6,22.2,5.7,50.8
9/10/2009,Admiralty,0,29.2,33.4,25.1,6,32.4
10/10/2009,Admiralty,12.8,27.9,31.6,24,5.5,59.4
11/10/2009,Admiralty,0,29.5,33.2,26.2,6.2,29.9
12/10/2009,Admiralty,3.2,27.4,31.4,25.5,6.2,37.8
13/10/2009,Admiralty,0,27.6,31.5,25.3,6.2,28.4
14/10/2009,Admiralty,2.4,27.1,31.4,25.3,4.9,33.8
15/10/2009,Admiralty,21.6,26.7,32.9,23.6,4.7,43.9
16/10/2009,Admiralty,13.4,27.8,32.3,22.9,5.8,47.5
17/10/2009,Admiralty,0,28.9,33.8,25.7,6.7,27.4
18/10/2009,Admiralty,0,29,33.1,26.1,7.1,31.7
19/10/2009,Admiralty,0,29.6,34.3,26,5.4,25.9
20/10/2009,Admiralty,0,29.2,33.1,26.7,5.7,33.8
21/10/2009,Admiralty,0,28.6,32.2,25.6,8.2,31.7
22/10/2009,Admiralty,0.6,28.2,30.8,25.9,5.5,22.3
23/10/2009,Admiralty,30.4,27.4,32.4,24.3,6.2,32.4
24/10/2009,Admiralty,0,28.8,33.5,25.5,5.9,25.6
25/10/2009,Admiralty,3.8,27.6,31.1,24.7,8,38.2
26/10/2009,Admiralty,0,28.5,33,24.9,6.8,28.4
27/10/2009,Admiralty,0,28,31.4,25.5,6.4,35.3
28/10/2009,Admiralty,1,26.9,31.8,25.1,5,19.4
29/10/2009,Admiralty,0,27.3,31.4,24.6,7.9,27.4
30/10/2009,Admiralty,49.4,27.5,32.1,25.3,5.6,38.2
31/10/2009,Admiralty,1.6,26.3,31.5,22.8,7,45.4
1/11/2009,Admiralty,0,27.7,33,25.1,6.6,30.2
2/11/2009,Admiralty,19.6,27.2,32.9,24.4,5.1,29.2
3/11/2009,Admiralty,0.2,27.9,34.9,25.2,6.1,40.7
4/11/2009,Admiralty,3.4,27.7,31.1,25.4,10.2,49
5/11/2009,Admiralty,66.4,25.8,31,23.8,6.6,38.5
6/11/2009,Admiralty,0,26.8,31.1,24.6,5.6,23
7/11/2009,Admiralty,0.2,27.6,33.1,24.6,6.1,25.2
8/11/2009,Admiralty,0,28.5,33.1,25.5,7.9,33.5
9/11/2009,Admiralty,0.2,26.7,28.8,25.5,6.5,28.1
10/11/2009,Admiralty,3.6,26.4,31.3,24.8,6.6,40.3
11/11/2009,Admiralty,0.2,27.6,32.6,24.5,6.3,45.4
12/11/2009,Admiralty,7,27.1,30.9,25.5,5.1,33.5
13/11/2009,Admiralty,13.2,25.6,29.9,23.9,7.1,32.4
14/11/2009,Admiralty,0,25.7,30,23.3,7,40.7
15/11/2009,Admiralty,4.4,26.7,32.5,24.1,7.3,35.3
16/11/2009,Admiralty,34,25.6,28.7,23.6,7.6,29.2
17/11/2009,Admiralty,0.2,27.2,33.1,23.6,8.2,33.1
18/11/2009,Admiralty,36.2,26.7,30.6,23,6.6,41.8
19/11/2009,Admiralty,71.4,25.3,30.6,23.6,8,50
20/11/2009,Admiralty,0,25.8,29.5,23.5,7.6,28.8
21/11/2009,Admiralty,1.2,26.7,31.9,24,9.5,49.3
22/11/2009,Admiralty,0,27.1,30.5,25.2,15.9,48.6
23/11/2009,Admiralty,0,26.8,28.9,25.1,10.9,38.2
24/11/2009,Admiralty,0,27.8,31.1,25.6,12,45
25/11/2009,Admiralty,0,28.3,32.9,25.4,9.6,43.6
26/11/2009,Admiralty,0,28,34.1,25,8.8,31.7
27/11/2009,Admiralty,10.4,27.6,32.9,24.5,8.9,51.1
28/11/2009,Admiralty,0.8,27.6,32.5,25.6,9,34.6
29/11/2009,Admiralty,0,26.7,29.4,24.9,11.1,43.2
30/11/2009,Admiralty,0,26.4,27.7,25.3,8.2,30.2
1/12/2009,Admiralty,0,27.6,31.3,24.8,7.6,33.5
2/12/2009,Admiralty,0,26.8,31,24.8,6.7,24.8
3/12/2009,Admiralty,0.4,26.4,28.1,25,7.3,23.8
4/12/2009,Admiralty,11.6,25.6,29.1,24.1,7.5,26.3
5/12/2009,Admiralty,18.6,25.4,28.7,24.3,6.1,27.4
6/12/2009,Admiralty,0.6,25.9,29.4,24.3,7.3,34.2
7/12/2009,Admiralty,10.6,26.6,30.1,24.1,10.2,48.6
8/12/2009,Admiralty,0,27.4,31.4,24.9,12.3,38.2
9/12/2009,Admiralty,0.2,27,30.6,25,10.2,37.4
10/12/2009,Admiralty,0,27.4,31.1,25.2,12.8,39.6
11/12/2009,Admiralty,0,27.3,31.2,24.8,12.5,36.7
12/12/2009,Admiralty,0,27.3,31.5,24.8,12.3,38.2
13/12/2009,Admiralty,5.4,27.2,31,24.5,9.3,34.6
14/12/2009,Admiralty,0,27.6,31.1,25.9,10.5,34.9
15/12/2009,Admiralty,1.8,27.6,32.9,25.7,7.6,32
16/12/2009,Admiralty,5.8,27.2,32,24.9,8.4,34.2
17/12/2009,Admiralty,12.4,26.4,29.3,24.7,5.6,34.6
18/12/2009,Admiralty,0,26.9,29.6,25,7.2,25.6
19/12/2009,Admiralty,9.2,25.5,28,24.3,7.9,31
20/12/2009,Admiralty,0,26.4,29.9,24.3,10.4,40.3
21/12/2009,Admiralty,4,26.8,29.9,25,13.5,54.4
22/12/2009,Admiralty,1.2,26.6,29.8,24.7,12.6,51.1
23/12/2009,Admiralty,4,27.1,29.6,25.4,12.6,42.1
24/12/2009,Admiralty,5.6,25.5,26.4,24.8,10.3,33.5
25/12/2009,Admiralty,0,27,31,24.5,6.3,32.4
26/12/2009,Admiralty,5.4,26,31,24.6,7.2,32
27/12/2009,Admiralty,2.2,26.1,29.7,24.5,9.8,37.4
28/12/2009,Admiralty,1,26.4,29,24.4,8.4,30.2
29/12/2009,Admiralty,0,27,30.4,25,8.6,25.9
30/12/2009,Admiralty,0,27,30.1,25.1,8.6,25.2
31/12/2009,Admiralty,0,27.2,30.6,25,10.6,35.6
1/1/2010,Admiralty,6.8,26.9,31.9,25,7.2,24.8
2/1/2010,Admiralty,0.6,27,31.5,24.5,6.2,24.5
3/1/2010,Admiralty,7,27.4,31.7,25.5,8.5,32
4/1/2010,Admiralty,0.2,26.1,29.6,23.1,8.7,44.3
5/1/2010,Admiralty,0,27.2,33.3,24.4,8.8,33.5
6/1/2010,Admiralty,12.4,27.7,31.7,25.8,9,32.4
7/1/2010,Admiralty,2,25.7,28.4,22.8,9.3,51.1
8/1/2010,Admiralty,2.8,26.4,30.4,23.9,10.8,45.7
9/1/2010,Admiralty,0,26.9,30.6,24.7,11.5,38.5
10/1/2010,Admiralty,0,27,31.7,24.1,8.1,28.8
11/1/2010,Admiralty,0,27.3,31.9,24.1,8.9,29.2
12/1/2010,Admiralty,0,27,31.7,24.6,9.7,38.9
13/1/2010,Admiralty,0,26.7,29.7,25.2,10.4,38.9
14/1/2010,Admiralty,0,26.8,29.8,25.1,12.2,43.6
15/1/2010,Admiralty,0,26.6,29.8,24.5,12.7,42.8
16/1/2010,Admiralty,0,27,30.1,24.7,11.6,36.7
17/1/2010,Admiralty,0,27.3,31.3,24.6,13.6,37.4
18/1/2010,Admiralty,0,26.8,30.8,24.9,12.6,47.5
19/1/2010,Admiralty,0,27.1,32,24.6,7.5,37.1
20/1/2010,Admiralty,0.2,27.4,33.1,24.8,7.8,29.2
21/1/2010,Admiralty,39,27.2,31.3,23.6,9.4,30.6
22/1/2010,Admiralty,24,26.2,30.6,21.6,7.9,49.3
23/1/2010,Admiralty,0,27.6,31.6,24.8,12,34.9
24/1/2010,Admiralty,0,27.4,31.6,25.2,12.5,37.4
25/1/2010,Admiralty,0,27.3,31.5,24.9,13,38.2
26/1/2010,Admiralty,0,27.5,31.3,24.9,11.8,37.8
27/1/2010,Admiralty,2.4,27.2,30,25.3,12.7,42.8
28/1/2010,Admiralty,4.2,27.3,31.2,25.2,12.2,38.2
29/1/2010,Admiralty,7.2,27.2,31.4,25.1,11.4,37.4
30/1/2010,Admiralty,0,27.4,30.8,25.1,11.3,35.3
31/1/2010,Admiralty,0,27.7,31.2,25.6,11.2,34.9
1/2/2010,Admiralty,0,27.4,32,24.8,10.5,37.4
2/2/2010,Admiralty,0,27.8,34.6,24.1,9.6,32.4
3/2/2010,Admiralty,0,27.9,33.4,25,11.8,37.1
4/2/2010,Admiralty,0,28.1,32.1,25.6,12.2,37.4
5/2/2010,Admiralty,40.4,26.7,32.5,22.1,8,58.7
6/2/2010,Admiralty,0,27.9,31.8,25,10.2,36.7
7/2/2010,Admiralty,0,28,32.3,25.4,12.1,35.6
8/2/2010,Admiralty,0,28.1,32.5,25.6,11.8,34.9
9/2/2010,Admiralty,0,27.7,32.1,25.4,11.7,42.8
10/2/2010,Admiralty,0,28.2,31.7,25.7,12,40.3
11/2/2010,Admiralty,0,28.1,31.6,26,12.5,39.6
12/2/2010,Admiralty,0,28.4,33.3,25.2,12.1,40
13/2/2010,Admiralty,0,28.3,32.4,25.6,13.3,44.3
14/2/2010,Admiralty,0,28.2,32.2,25.4,11.4,36.4
15/2/2010,Admiralty,0,28,31.5,26.1,11,38.5
16/2/2010,Admiralty,0,28.5,32.5,26,13.1,41.8
17/2/2010,Admiralty,0.4,28.1,31.8,25.5,12.8,41.8
18/2/2010,Admiralty,2,27.7,31.2,25.7,13.8,52.9
19/2/2010,Admiralty,0,27.8,31.3,25.1,9.5,30.2
20/2/2010,Admiralty,0,27.7,30.8,25.6,10.4,36.7
21/2/2010,Admiralty,41.6,27.5,32,24.4,10.4,45.7
22/2/2010,Admiralty,0,28.3,32.6,25.5,9.8,39.2
23/2/2010,Admiralty,0,28.4,33.8,25.5,11,33.5
24/2/2010,Admiralty,0,28.5,33.9,25.3,10.9,34.2
25/2/2010,Admiralty,0,29,35.1,26.3,10.2,33.8
26/2/2010,Admiralty,0,28.9,35.3,26.5,9.4,29.9
27/2/2010,Admiralty,0,28.8,34,26,9.6,31
28/2/2010,Admiralty,0,29.1,34.2,26.2,10.6,32
1/3/2010,Admiralty,33.6,28.6,34.3,26.2,9.6,34.2
2/3/2010,Admiralty,0,28.8,33.9,25.9,9.7,32
3/3/2010,Admiralty,0,28.9,35.7,26.1,9.4,32
4/3/2010,Admiralty,0.2,28.9,36.6,25.4,9.7,33.8
5/3/2010,Admiralty,0,28.7,33.6,26.1,10.7,36
6/3/2010,Admiralty,0,29,36,25.6,9.2,29.9
7/3/2010,Admiralty,0,29.4,35.2,26.2,9.6,30.6
8/3/2010,Admiralty,42.6,28.4,34.4,24.5,9.1,36.7
9/3/2010,Admiralty,30.2,28.9,35.8,26.1,6.3,31.7
10/3/2010,Admiralty,3.4,27.8,31,24.7,11.2,50
11/3/2010,Admiralty,0,28.1,32.3,25.4,10.3,40.3
12/3/2010,Admiralty,3.6,28.5,32.2,26.6,11.2,37.1
13/3/2010,Admiralty,0,28.2,31,26.3,8.7,30.6
14/3/2010,Admiralty,9.6,27.5,32.9,26,6.9,37.8
15/3/2010,Admiralty,5.4,27.9,32.3,26,6.8,37.4
16/3/2010,Admiralty,2.4,27.2,29.1,25.6,8.6,34.2
17/3/2010,Admiralty,0,28.6,33,25.4,10.6,39.2
18/3/2010,Admiralty,37.8,26.9,31.1,23.5,11.2,60.1
19/3/2010,Admiralty,15.6,26.2,31.3,24.4,10.2,40
20/3/2010,Admiralty,8.8,25,25.9,24.2,9.1,28.1
21/3/2010,Admiralty,0.2,27.3,32.1,24.5,7.7,31.3
22/3/2010,Admiralty,0,27.9,33.1,25.6,8.4,35.6
23/3/2010,Admiralty,4.4,27.9,31.2,24.5,6.1,37.8
24/3/2010,Admiralty,0,na,34.6,25.1,8.2,26.3
25/3/2010,Admiralty,11,na,32.9,24.8,7.9,33.1
26/3/2010,Admiralty,4.4,na,32.5,25.3,6.1,49.7
27/3/2010,Admiralty,0,na,32.6,25.5,10.5,36.4
28/3/2010,Admiralty,0,na,32.9,25.5,11.4,35.6
29/3/2010,Admiralty,66.6,na,na,na,7.7,37.1
30/3/2010,Admiralty,27.2,27.1,32.1,24.6,5.6,28.8
31/3/2010,Admiralty,0,27.5,31.4,25.3,6.9,30.6
1/4/2010,Admiralty,5,28,32.4,25.1,6.2,50
2/4/2010,Admiralty,0.2,28.3,32.1,25.9,6.3,25.9
3/4/2010,Admiralty,58.4,26.9,32.8,24.2,8.7,42.5
4/4/2010,Admiralty,11.4,25.3,27.6,23.2,4.7,38.2
5/4/2010,Admiralty,30.8,27.1,32.7,24.1,7.4,50
6/4/2010,Admiralty,0.2,29.2,34,25.1,9.1,27.7
7/4/2010,Admiralty,0,29.6,33.8,26.4,10.2,33.1
8/4/2010,Admiralty,0,29.2,34.3,26.4,8.9,30.2
9/4/2010,Admiralty,10.6,28.9,33.5,26.9,8.5,29.2
10/4/2010,Admiralty,0,27.8,30.4,25.6,8.9,39.2
11/4/2010,Admiralty,0,29.5,35.6,26,7.3,28.4
12/4/2010,Admiralty,10.8,29.6,36,25.8,7.6,28.1
13/4/2010,Admiralty,43.4,28.2,34.8,24,7.2,36.4
14/4/2010,Admiralty,0.2,28.6,34.4,24.8,9.2,39.6
15/4/2010,Admiralty,37.8,28.6,35.2,24.2,8.1,34.9
16/4/2010,Admiralty,34.4,27.6,32.9,24.9,6.7,40.7
17/4/2010,Admiralty,2.4,27.9,34.8,25.3,7.6,37.4
18/4/2010,Admiralty,0.6,27.5,31.7,25.4,5.9,35.3
19/4/2010,Admiralty,7,27.9,33.8,24.2,5.8,44.6
20/4/2010,Admiralty,6.8,27.6,32.4,25.3,7.1,34.6
21/4/2010,Admiralty,0,28.4,33.7,23.9,5.1,28.1
22/4/2010,Admiralty,61,28.1,34.6,23.1,6.2,31.7
23/4/2010,Admiralty,48.4,28.2,36.1,23,5.8,48.2
24/4/2010,Admiralty,1.8,27.7,34.9,25.7,6.1,33.1
25/4/2010,Admiralty,0,28.5,32,25.8,8.7,34.9
26/4/2010,Admiralty,70.6,26.4,29.3,23.7,6.2,24.5
27/4/2010,Admiralty,0,28.5,34.6,25,6.1,32.4
28/4/2010,Admiralty,3.6,28.5,34.5,25.6,5.4,39.2
29/4/2010,Admiralty,27.2,28.2,33.7,24.7,6.4,46.1
30/4/2010,Admiralty,0,29.3,33.2,25.8,10,36
1/5/2010,Admiralty,0,29.8,35.3,26.8,8.3,27.4
2/5/2010,Admiralty,0,29.6,35.1,26.9,9.2,32.8
3/5/2010,Admiralty,45.2,29.1,32.7,25.2,8,30.6
4/5/2010,Admiralty,0,29.9,35.3,27.1,7,41.4
5/5/2010,Admiralty,0.4,29.8,33.8,27.4,8,34.6
6/5/2010,Admiralty,0,30.1,33.6,27.7,9.4,34.2
7/5/2010,Admiralty,0,30.1,36,26.6,7,36
8/5/2010,Admiralty,3.8,29.3,34.4,26.4,6.8,33.1
9/5/2010,Admiralty,32.6,28,34.3,24.2,6.1,38.9
10/5/2010,Admiralty,1.6,28.4,34.5,25.6,5,29.5
11/5/2010,Admiralty,29,28.5,34.2,24.6,5.6,39.2
12/5/2010,Admiralty,0,29.2,34.3,26.1,5.8,31.3
13/5/2010,Admiralty,0.8,28.4,34,26.6,5.4,38.2
14/5/2010,Admiralty,4.6,28.3,33,26.3,4.8,27.7
15/5/2010,Admiralty,0,29,33.2,25.1,8.6,52.6
16/5/2010,Admiralty,32,28.6,36,23.2,7.6,41
17/5/2010,Admiralty,1.2,27.9,31.3,23.4,8.1,49.7
18/5/2010,Admiralty,2.2,28.6,34,26.2,10.4,38.2
19/5/2010,Admiralty,2.4,27,29.7,25,7.2,43.6
20/5/2010,Admiralty,0.8,28.8,35,26.8,4.8,27.4
21/5/2010,Admiralty,0,29.4,34.9,26.5,5.1,18.4
22/5/2010,Admiralty,6.4,27.6,29.6,24.7,7.1,36.4
23/5/2010,Admiralty,0,29.6,34.4,25.8,5.7,25.9
24/5/2010,Admiralty,0,29.5,33.4,26.8,5.4,24.5
25/5/2010,Admiralty,4.6,29.6,34.8,26.5,5,27
26/5/2010,Admiralty,0,30.3,34.5,26.5,5.9,24.8
27/5/2010,Admiralty,0,29.5,34.9,26.1,6,27.7
28/5/2010,Admiralty,5.4,28.3,33.1,26,6.3,34.2
29/5/2010,Admiralty,0,28.5,35,24.7,5.3,33.1
30/5/2010,Admiralty,3,27.6,31.6,25.6,6.6,39.2
31/5/2010,Admiralty,0.8,27.5,30.5,25,5.7,23
1/6/2010,Admiralty,2.4,28.8,32.5,25.8,4.7,21.6
2/6/2010,Admiralty,0.4,28.2,31.4,25,6.9,39.6
3/6/2010,Admiralty,15,29.3,34,26.1,5.4,35.6
4/6/2010,Admiralty,18.4,27.9,33.4,24.9,5,33.5
5/6/2010,Admiralty,0,27.6,30.2,25.8,7.7,37.8
6/6/2010,Admiralty,0.2,28.9,31.3,26.7,7.8,41
7/6/2010,Admiralty,0.2,28.3,31.4,25.4,8.1,40.7
8/6/2010,Admiralty,1.2,26.7,27.7,26.1,6,25.6
9/6/2010,Admiralty,0,28.1,33.5,25.6,5.5,27.4
10/6/2010,Admiralty,1,27.2,29.5,25.8,7.2,22.7
11/6/2010,Admiralty,0,29.2,32.4,26.3,6.8,22.7
12/6/2010,Admiralty,14.6,28,32.6,26.1,6.4,25.9
13/6/2010,Admiralty,67.6,27.1,33,21.8,5.5,78.8
14/6/2010,Admiralty,30,27.4,31.2,24.2,5.6,41
15/6/2010,Admiralty,1,27.8,32.1,24.6,5.5,30.6
16/6/2010,Admiralty,13.2,25.9,28.4,23.6,6.8,47.5
17/6/2010,Admiralty,0,28,32.7,24.3,6,29.5
18/6/2010,Admiralty,1.6,28.5,30.6,25.9,3.9,27.7
19/6/2010,Admiralty,0.2,28.4,31.9,26.3,5.7,29.2
20/6/2010,Admiralty,0,28.4,33,24.9,5.6,24.8
21/6/2010,Admiralty,0,29.6,32.5,27.9,6.6,28.8
22/6/2010,Admiralty,4.4,28.3,30.5,24.5,7.1,41
23/6/2010,Admiralty,71,26.4,30.5,23,7.9,40.7
24/6/2010,Admiralty,15.6,28.2,31.7,25.1,8.2,33.1
25/6/2010,Admiralty,42.8,26.2,28.2,23.3,11.2,59
26/6/2010,Admiralty,2.4,28.6,32.6,25.9,5,24.5
27/6/2010,Admiralty,8.6,27.5,30.4,24,5.9,40
28/6/2010,Admiralty,0.4,28.4,31.5,26.1,5,26.3
29/6/2010,Admiralty,0,28.7,32.4,25.7,6.6,28.8
30/6/2010,Admiralty,0,28.6,32.9,26.2,6.1,25.6
1/8/2010,Admiralty,1,25.4,28.2,22,10.7,72.7
2/8/2010,Admiralty,0.2,28.2,32.7,25,5.5,26.6
3/8/2010,Admiralty,1.2,28.5,32.1,25,6,28.4
4/8/2010,Admiralty,14,27.3,30.6,23.7,7.2,35.3
5/8/2010,Admiralty,0.2,28.4,32.1,25.7,5.1,28.4
6/8/2010,Admiralty,3.2,29.1,32.8,26.9,5.3,26.6
7/8/2010,Admiralty,24.2,27.2,28.7,23.4,5.9,51.5
8/8/2010,Admiralty,0,28.6,32.6,25.9,5.7,21.2
9/8/2010,Admiralty,1,28.7,32.5,24.4,7.1,35.3
10/8/2010,Admiralty,0.8,28.9,33,24,7.6,54.4
11/8/2010,Admiralty,15.2,27,32.8,22.4,7.1,58.7
12/8/2010,Admiralty,0,28.3,32.8,23.8,6.7,28.4
13/8/2010,Admiralty,9.4,28.1,32.9,25.7,7.6,39.2
14/8/2010,Admiralty,1,27.1,32.1,24.1,7.4,40.7
15/8/2010,Admiralty,0.6,27.3,29.6,25.4,5.2,24.8
16/8/2010,Admiralty,6.8,26.6,30.2,24.8,4.8,27.7
17/8/2010,Admiralty,22.8,27.2,34.4,24.5,6.2,38.2
18/8/2010,Admiralty,1,26.5,28.9,24.7,7,31.7
19/8/2010,Admiralty,54.2,26.9,29.9,23.9,5.7,47.9
20/8/2010,Admiralty,7.2,25.6,27.4,23.8,5.9,28.1
21/8/2010,Admiralty,0,27.5,32.2,24.3,4.3,19.4
22/8/2010,Admiralty,3.4,28,34.3,25.1,5.6,28.8
23/8/2010,Admiralty,24.8,26.6,31.5,23.2,8,45
24/8/2010,Admiralty,0.2,28.2,33.6,24.3,8.1,36.4
25/8/2010,Admiralty,0,28.6,32.4,25.7,6.2,28.8
26/8/2010,Admiralty,0,29.5,33.4,25.7,6.3,34.2
27/8/2010,Admiralty,37.6,27.3,30.7,23,4.8,35.6
28/8/2010,Admiralty,0,28.7,33.1,24.6,8.1,45.4
29/8/2010,Admiralty,1,27.8,31.4,25,6,37.1
30/8/2010,Admiralty,0.4,27.2,31.2,25.7,6.3,42.8
31/8/2010,Admiralty,0,28.3,32.7,24.2,6,25.6
1/9/2010,Admiralty,0,29.1,33.2,26.5,7.4,33.1
2/9/2010,Admiralty,0,29.2,32.5,26.9,7,31.3
3/9/2010,Admiralty,na,28.9,31.4,27.1,8.2,37.1
4/9/2010,Admiralty,9,28.8,32.1,26.2,6.9,24.1
5/9/2010,Admiralty,5.6,26.3,29.2,23.2,7.9,38.2
6/9/2010,Admiralty,12.6,26.4,31.9,23.3,6.3,50.4
7/9/2010,Admiralty,0,28.3,33.9,23.9,7,25.9
8/9/2010,Admiralty,50.8,26.2,29.8,23.4,5.9,33.1
9/9/2010,Admiralty,0,28.5,33.8,25.1,5.6,22.7
10/9/2010,Admiralty,9,26.7,30.2,24.1,7.7,30.6
11/9/2010,Admiralty,0,28.5,33.2,24.1,6.7,25.2
12/9/2010,Admiralty,0,28.2,32.5,25.3,7.9,28.1
13/9/2010,Admiralty,0,29,33.8,25.1,5.9,25.9
14/9/2010,Admiralty,3.8,29.1,34.3,25.6,7,41.8
15/9/2010,Admiralty,8.4,27.5,31.8,23.3,7.4,48.2
16/9/2010,Admiralty,0,28.2,31.9,25.2,6.5,28.4
17/9/2010,Admiralty,6.8,26.5,28.2,24.2,6,39.2
18/9/2010,Admiralty,0,28,32.1,25.2,5.2,27.7
19/9/2010,Admiralty,0,29,34.2,25.3,6.1,26.3
20/9/2010,Admiralty,0,28.4,33.8,26.4,5.9,45.4
21/9/2010,Admiralty,0,27.7,32.2,25.1,5.6,27.7
22/9/2010,Admiralty,20.8,27,32.7,24.2,4.6,47.9
23/9/2010,Admiralty,14.2,26.8,32.5,24.3,5.5,43.2
24/9/2010,Admiralty,7,26.7,31.9,24.9,5.9,28.4
25/9/2010,Admiralty,6.2,26.9,29.9,25,5.4,27.7
26/9/2010,Admiralty,0,28.1,32.5,25.1,4.8,24.1
27/9/2010,Admiralty,13.6,26.5,31.4,24.9,5.2,55.1
28/9/2010,Admiralty,0.8,26.6,30,24.2,6.1,22.7
29/9/2010,Admiralty,7.4,27.3,32.3,25,7.5,33.5
30/9/2010,Admiralty,4,26.5,30.2,25.1,7.5,53.3
1/10/2010,Admiralty,0.2,28.3,32.5,24.9,5.2,23.8
2/10/2010,Admiralty,24,28.8,32.4,25,5.8,32.4
3/10/2010,Admiralty,0,28.2,32.1,24.4,6.9,42.5
4/10/2010,Admiralty,20,27.8,31.9,24.3,6,47.5
5/10/2010,Admiralty,0,28.7,32.9,25.5,7,31.3
6/10/2010,Admiralty,0,28.2,31.9,25.6,7.5,27
7/10/2010,Admiralty,0.2,26.9,29,25.4,5,26.3
8/10/2010,Admiralty,0,28.5,33.1,24.8,6,21.2
9/10/2010,Admiralty,0,29.6,33.6,26,7.8,35.6
10/10/2010,Admiralty,0,30,32.6,27.9,10.2,39.2
11/10/2010,Admiralty,4.8,29.6,33,26.8,7.4,32.4
12/10/2010,Admiralty,6.2,28.4,32.4,25.3,5.7,38.2
13/10/2010,Admiralty,0.4,27.5,30.4,23.8,6.7,45.4
14/10/2010,Admiralty,0,29.5,32.2,26.5,8,39.6
15/10/2010,Admiralty,0,29.8,32.8,27.1,9,41.4
16/10/2010,Admiralty,2.6,30.2,33.6,26.8,8,40.7
17/10/2010,Admiralty,3.8,28.9,32.5,24.9,5.7,32
18/10/2010,Admiralty,0,29,34.2,26.2,6,42.1
19/10/2010,Admiralty,0,27.9,30.7,25.7,6.3,34.2
20/10/2010,Admiralty,0,28,33.6,25.6,6.1,31.3
21/10/2010,Admiralty,0,27.8,29.6,25.6,5.3,25.9
22/10/2010,Admiralty,0,28.4,31.3,26.7,4.8,17.3
23/10/2010,Admiralty,68.8,26.9,33.6,23.1,7.4,33.5
24/10/2010,Admiralty,6,26.1,29.9,23.9,6.3,37.8
25/10/2010,Admiralty,0.6,27,29.9,25.5,5.3,19.8
26/10/2010,Admiralty,7.2,27.6,31.2,24.2,9.3,40
27/10/2010,Admiralty,0.4,26.2,28.2,23.3,8.8,39.2
28/10/2010,Admiralty,12.4,27.9,31.9,25.1,8,31.7
29/10/2010,Admiralty,19.2,27.1,32,22.7,9.8,58.3
30/10/2010,Admiralty,1.2,26.9,31.4,22.7,8.6,46.1
31/10/2010,Admiralty,28.2,27.6,30.9,25.1,11.1,37.1
1/11/2010,Admiralty,4.4,27.7,31.1,23.1,15.6,52.9
2/11/2010,Admiralty,0,28,31.4,24.3,7.5,30.2
3/11/2010,Admiralty,1.2,29.9,34.2,26.9,6.9,32
4/11/2010,Admiralty,0,28.5,30.8,24.9,5.3,27.4
5/11/2010,Admiralty,0.4,27.9,32.3,25.9,7.2,31.7
6/11/2010,Admiralty,4.8,27.4,32.5,23.8,8.7,34.2
7/11/2010,Admiralty,4.8,26.5,30.7,23.8,9.6,38.9
8/11/2010,Admiralty,4,26.9,29.9,24.3,7.8,33.1
9/11/2010,Admiralty,2.8,26.5,28,24.2,7.4,33.8
10/11/2010,Admiralty,0,28.1,32.1,25.9,7,36.4
11/11/2010,Admiralty,1.2,26.7,30.9,25.3,6.7,37.8
12/11/2010,Admiralty,0,27,30.3,24.9,9.7,36.4
13/11/2010,Admiralty,22,27.1,34.4,24.3,7.2,43.9
14/11/2010,Admiralty,16,25.5,31.6,23.9,6.3,27.4
15/11/2010,Admiralty,1.4,26.5,29.8,24.2,6.8,28.4
16/11/2010,Admiralty,42.4,26.3,33.3,23.7,6.6,28.1
17/11/2010,Admiralty,16.8,25.7,31.4,24.5,4.9,28.4
18/11/2010,Admiralty,0,26.7,31.9,23.8,6.2,36
19/11/2010,Admiralty,19.8,27.6,33.1,24.3,5.6,27.4
20/11/2010,Admiralty,5.4,26.3,29.9,24.9,5,36.4
21/11/2010,Admiralty,0.4,27.6,32.3,24.4,5.5,22
22/11/2010,Admiralty,0,28.4,33.3,25.4,6.2,22.3
23/11/2010,Admiralty,22.4,27.5,32.7,25.1,5.6,25.6
24/11/2010,Admiralty,17.4,26.5,32.5,24.4,6.7,40.7
25/11/2010,Admiralty,39.4,25.8,33.3,22.7,8.3,52.2
26/11/2010,Admiralty,2.2,27,31.4,23.5,6.3,20.2
27/11/2010,Admiralty,4.8,27.6,33.2,25,4.7,38.9
28/11/2010,Admiralty,10,27.1,31.3,24.3,5.9,32.4
29/11/2010,Admiralty,63.8,25.8,30.4,23.9,6.1,32.8
30/11/2010,Admiralty,69.4,26.6,32.8,22.7,6.3,43.2
1/12/2010,Admiralty,0,27.5,31.3,24.8,5,25.9
2/12/2010,Admiralty,36.2,26.7,33.7,22.5,8.6,53.6
3/12/2010,Admiralty,4,26,31.4,23.5,9.1,53.6
4/12/2010,Admiralty,0.4,26.1,27.6,24.7,8.5,31
5/12/2010,Admiralty,0,27.5,32.6,24.7,10.3,40.7
6/12/2010,Admiralty,2,26.7,32,24.8,7.5,32.4
7/12/2010,Admiralty,0.4,27.4,31.7,24.9,7.9,31
8/12/2010,Admiralty,0,27.2,31.7,25.1,8.6,29.2
9/12/2010,Admiralty,0,26.2,28.6,24.9,8.2,37.8
10/12/2010,Admiralty,0,27.2,30.7,24.8,4.8,18.4
11/12/2010,Admiralty,0.6,27.7,31.6,25.5,7.2,29.2
12/12/2010,Admiralty,0,28.2,32.5,25.2,8.7,39.6
13/12/2010,Admiralty,2.2,27.2,31.1,24.9,8.2,37.8
14/12/2010,Admiralty,0,28,33.3,24.6,7.6,31
15/12/2010,Admiralty,2.6,27.3,32.8,24.5,8.4,31.7
16/12/2010,Admiralty,9.6,25.3,29.2,23.1,7.6,47.9
17/12/2010,Admiralty,4.6,26,30.8,23.8,8.6,41
18/12/2010,Admiralty,2.4,25.4,29.2,23.6,9.6,50.4
19/12/2010,Admiralty,0.2,26,29.7,23.2,9.3,29.9
20/12/2010,Admiralty,0,26.6,31.8,24.1,7.2,23
21/12/2010,Admiralty,0,27.1,31,24.2,9.4,26.6
22/12/2010,Admiralty,0.2,26.6,30.6,24.8,8.3,31
23/12/2010,Admiralty,0,26.2,29.3,24.5,6.5,19.4
24/12/2010,Admiralty,1,26.6,30.8,24.2,8.9,34.6
25/12/2010,Admiralty,27.6,26.2,30.2,21.9,7.9,50.8
26/12/2010,Admiralty,0,27,31.4,23.6,9.6,35.3
27/12/2010,Admiralty,0,26.8,30.4,24.6,9.1,28.1
28/12/2010,Admiralty,0,25.1,26,24.3,9.9,37.4
29/12/2010,Admiralty,8.6,26.1,32.5,23.9,7.6,37.1
30/12/2010,Admiralty,0.2,25.1,26.8,24.3,9.2,38.2
31/12/2010,Admiralty,26.8,25.7,30.6,23.3,8.6,38.5
1/1/2011,Admiralty,4.6,26.6,30,24.4,10.5,38.5
2/1/2011,Admiralty,12.4,27,30.3,25.1,11.4,34.2
3/1/2011,Admiralty,44.2,25.5,29.2,23.7,8.9,32
4/1/2011,Admiralty,0,27,31.1,24.1,9.9,33.1
5/1/2011,Admiralty,3.8,27.2,32.5,24.7,9.3,38.9
6/1/2011,Admiralty,3.2,25,27.6,23.8,8.1,32.4
7/1/2011,Admiralty,0.4,24.6,25.9,23.7,8.9,31.7
8/1/2011,Admiralty,0.6,25.4,29.1,23.4,10.3,49
9/1/2011,Admiralty,7.2,25.8,28.5,24,9.4,46.8
10/1/2011,Admiralty,17.6,24.6,25.7,23.5,8.5,24.5
11/1/2011,Admiralty,0.2,25.2,27.5,23.3,6.7,31.7
12/1/2011,Admiralty,6,26.2,30.9,23.9,6.4,35.6
13/1/2011,Admiralty,0,26.7,29.8,24.2,10.1,33.8
14/1/2011,Admiralty,11.4,25.5,29.4,24,7,31
15/1/2011,Admiralty,3.6,26.2,29.9,24.5,7,26.6
16/1/2011,Admiralty,0,26.2,29,24.5,12.5,38.9
17/1/2011,Admiralty,13.8,24.9,29.2,23.3,11.9,43.9
18/1/2011,Admiralty,0.2,25.8,29,23.5,11.1,37.1
19/1/2011,Admiralty,0,26.4,30.3,23.8,10.9,33.8
20/1/2011,Admiralty,11.4,26.2,31,23.3,10.3,28.8
21/1/2011,Admiralty,0,26.1,29.8,23,11.4,38.5
22/1/2011,Admiralty,0,26.7,31,23.9,9.7,32.4
23/1/2011,Admiralty,0,26.5,29.7,24.5,10.9,37.4
24/1/2011,Admiralty,0.4,27.2,31.3,24.8,10.5,33.1
25/1/2011,Admiralty,6.2,25.7,28.9,23.7,11,47.2
26/1/2011,Admiralty,21.2,25,27.6,23.7,8.7,38.9
27/1/2011,Admiralty,0,26.3,29.1,24.7,13.2,44.3
28/1/2011,Admiralty,42,25.5,27.3,24,11.2,40.3
29/1/2011,Admiralty,38.6,25.1,27.7,23.4,10.7,48.6
30/1/2011,Admiralty,98,23.3,24.2,22.3,5.9,22.7
31/1/2011,Admiralty,28,23.5,24.7,22.7,8.5,35.3
1/2/2011,Admiralty,5.2,24.9,27.5,23.2,9.3,38.9
2/2/2011,Admiralty,3.2,25.6,29.8,23.6,11,42.1
3/2/2011,Admiralty,0,25.9,29.7,23.7,12.2,40.3
4/2/2011,Admiralty,0,26,30.5,23.8,10.5,34.6
5/2/2011,Admiralty,0,26.2,30.4,23.5,11.5,34.2
6/2/2011,Admiralty,0,26.2,30.8,23.5,12.1,36.7
7/2/2011,Admiralty,0,26,30,23,9.9,30.2
8/2/2011,Admiralty,20,26.8,33.1,23.5,9.7,29.5
9/2/2011,Admiralty,0,26.9,32.1,24.2,9.8,23.8
10/2/2011,Admiralty,38,26.8,34.6,22.3,10.3,42.8
11/2/2011,Admiralty,14.8,26.6,33.4,23.8,9.9,47.9
12/2/2011,Admiralty,1.6,27,33.5,24.3,10,46.1
13/2/2011,Admiralty,0,27.2,32.2,24.5,11.9,40.7
14/2/2011,Admiralty,0,27.2,32.3,24.6,12.5,36.7
15/2/2011,Admiralty,9,26.7,31.7,24.5,10,45.7
16/2/2011,Admiralty,0.4,27.1,30.1,25,10.8,35.3
17/2/2011,Admiralty,0,27.9,32.6,24.8,10,37.4
18/2/2011,Admiralty,10.8,27,31,24.4,9.5,50.4
19/2/2011,Admiralty,1.2,26.9,30.9,25,8.7,40
20/2/2011,Admiralty,0,27,29.7,25,8,23.4
21/2/2011,Admiralty,0,27.3,31.7,24.9,12.6,38.5
22/2/2011,Admiralty,1,27.1,32,24.3,9.9,29.9
23/2/2011,Admiralty,65.2,26.5,31.2,22.9,11.4,37.1
24/2/2011,Admiralty,11.6,26.6,32.2,24.5,10.9,36.7
25/2/2011,Admiralty,0,27,31.6,24.2,10.9,34.6
26/2/2011,Admiralty,0,27.2,32.2,24.6,11.4,33.5
27/2/2011,Admiralty,0,27,30.6,24.9,11.7,37.1
28/2/2011,Admiralty,0,26.5,31.1,23.5,9.7,35.6
1/3/2011,Admiralty,0,27.1,31.1,24.6,8.2,28.8
2/3/2011,Admiralty,0,27.4,32.5,24.9,9.2,31
3/3/2011,Admiralty,24.6,26.5,31.2,24.2,10,31
4/3/2011,Admiralty,15.4,25.8,32,22.2,8.8,55.1
5/3/2011,Admiralty,20.2,26.9,33.3,24,8.7,52.2
6/3/2011,Admiralty,0,27.1,32.7,25.2,6.8,36.4
7/3/2011,Admiralty,1,27.3,32.7,24.7,7.4,33.5
8/3/2011,Admiralty,0,26.2,30.2,23.7,7,38.2
9/3/2011,Admiralty,0,26.2,30.7,24.3,9.7,38.9
10/3/2011,Admiralty,25.8,25.1,28.9,23.8,7.8,30.2
11/3/2011,Admiralty,0.2,24.4,26,22.6,7.7,22.7
12/3/2011,Admiralty,7.6,26,30.1,23.1,8.8,33.5
13/3/2011,Admiralty,0.2,27.3,31,24.7,9.9,37.4
14/3/2011,Admiralty,19.2,25.6,29.8,23.6,7.6,42.1
15/3/2011,Admiralty,15.4,26,32.6,23.4,7.3,44.6
16/3/2011,Admiralty,7,26.8,31.2,24.3,7.7,46.8
17/3/2011,Admiralty,1.8,25.5,27.6,22.2,7.1,40.3
18/3/2011,Admiralty,0,27.1,30.6,24.7,10,34.6
19/3/2011,Admiralty,4.2,26.7,30.9,25.1,7.7,33.8
20/3/2011,Admiralty,15.4,26.3,31.1,24.3,5.2,30.2
21/3/2011,Admiralty,10.6,27.1,31.7,24.6,5.7,30.6
22/3/2011,Admiralty,0.8,25.4,26.7,23.2,8.6,38.9
23/3/2011,Admiralty,0.4,27.3,33,24.8,7.7,31
24/3/2011,Admiralty,0.4,27.8,32.1,24.9,8.3,42.8
25/3/2011,Admiralty,0,28.7,31.8,25.7,9.3,39.6
26/3/2011,Admiralty,0,28.6,31.2,26.2,12.5,49.3
27/3/2011,Admiralty,7,27.9,34.7,25.1,7.4,29.5
28/3/2011,Admiralty,1.2,27.2,32.3,25,8.9,35.3
29/3/2011,Admiralty,0,28.4,32.2,24.8,9,39.6
30/3/2011,Admiralty,0,28.6,32.5,25,12,54.7
31/3/2011,Admiralty,0,27.7,32,25.5,8.2,34.6
1/5/2011,Admiralty,4.2,27.1,30.3,25.4,4.7,15.1
2/5/2011,Admiralty,0.2,25.9,27.1,24.3,7.6,40
3/5/2011,Admiralty,7,27.8,34.5,25,6.2,42.5
4/5/2011,Admiralty,6.2,27.3,33.4,25.2,5.7,32.8
5/5/2011,Admiralty,0,28.4,33.7,25.4,7.8,37.8
6/5/2011,Admiralty,0,29.7,35.5,26,6.5,23.8
7/5/2011,Admiralty,0,30.1,34.7,27.2,8.3,30.6
8/5/2011,Admiralty,0,30.4,34.2,26.4,7.8,35.3
9/5/2011,Admiralty,0,30.6,34.1,28.3,7.9,28.1
10/5/2011,Admiralty,0,29.6,32.8,25.6,6.2,35.3
11/5/2011,Admiralty,5.4,29.4,33.8,27.1,7.4,34.2
12/5/2011,Admiralty,22.2,27.4,29.8,25.2,6.8,26.6
13/5/2011,Admiralty,0.4,28.1,34.8,25.9,5.8,38.2
14/5/2011,Admiralty,3,28,31.1,26.3,5.5,32.8
15/5/2011,Admiralty,0,28.7,33.7,25.3,7.2,27.7
16/5/2011,Admiralty,0.4,27.8,32.6,25.7,5.9,31.3
17/5/2011,Admiralty,27,27.5,33.1,25.4,4.9,41.8
18/5/2011,Admiralty,0,27.4,33.7,25.1,5.5,31.3
19/5/2011,Admiralty,16.2,27.3,31.8,25.2,5.8,37.8
20/5/2011,Admiralty,54.2,27.4,33.4,22.4,4.8,45.4
21/5/2011,Admiralty,1,27.1,29.5,25,4.6,32.4
22/5/2011,Admiralty,3,28.7,32.3,25.9,6.5,28.4
23/5/2011,Admiralty,0.2,29.1,33.3,24.5,6.5,34.9
24/5/2011,Admiralty,0,28.9,33.4,25.5,6,24.1
25/5/2011,Admiralty,2.2,28,31.1,25.2,7.6,29.9
26/5/2011,Admiralty,0,28.2,33.1,25,6.8,33.8
27/5/2011,Admiralty,0,28,30.2,26.1,7.2,33.1
28/5/2011,Admiralty,0,28.6,32.1,26.5,6.7,29.9
29/5/2011,Admiralty,0,28.1,31.4,26.2,4.6,25.2
30/5/2011,Admiralty,0,28.8,31.6,25.9,5.8,30.2
31/5/2011,Admiralty,0.2,27.8,33.3,25.7,6.2,41.4
1/6/2011,Admiralty,0.8,26.9,32.8,25.1,5.3,28.1
2/6/2011,Admiralty,2.4,27.5,33.3,24.7,5.3,34.9
3/6/2011,Admiralty,0,28.3,32.4,25.9,5.3,27.4
4/6/2011,Admiralty,0.6,28.3,31.9,26.3,5.7,28.8
5/6/2011,Admiralty,30.6,26.2,28.1,23.9,4.5,34.6
6/6/2011,Admiralty,0.4,26.4,28.8,24.4,5.9,41
7/6/2011,Admiralty,0,29.2,33,25.8,5.3,29.9
8/6/2011,Admiralty,11.2,29.4,33.6,24.3,6.3,34.9
9/6/2011,Admiralty,0,26.8,29.4,23.3,5.2,38.2
10/6/2011,Admiralty,0,29,32.3,26.8,5.9,23.4
11/6/2011,Admiralty,0.6,26.9,29.2,24.9,5.5,25.9
12/6/2011,Admiralty,0.8,27.9,32.9,25.2,5.7,29.2
13/6/2011,Admiralty,12.2,27.3,31.2,24.4,5.6,41.8
14/6/2011,Admiralty,0,28,31,25.4,5.4,24.5
15/6/2011,Admiralty,5.2,29,33.4,26.1,5.6,24.5
16/6/2011,Admiralty,0,27.4,32.2,22.3,9.2,48.6
17/6/2011,Admiralty,15.8,28.8,31.5,26.8,7.1,26.3
18/6/2011,Admiralty,0,27.1,29.2,22.7,6.4,60.8
19/6/2011,Admiralty,0,28.8,32.1,26.1,7,32.4
20/6/2011,Admiralty,0,29.2,32.4,27,6.5,25.9
21/6/2011,Admiralty,0,29.4,33.2,27.4,6.3,23.8
22/6/2011,Admiralty,30,29.2,32.4,27.4,6.1,27.4
23/6/2011,Admiralty,0,27.1,30.2,23.1,6.8,41.4
24/6/2011,Admiralty,0,29.1,32.8,26.5,6.8,24.8
25/6/2011,Admiralty,0.4,28.4,30.3,25.7,6.5,42.8
26/6/2011,Admiralty,0,28.8,31.9,27.2,6.9,36.7
27/6/2011,Admiralty,0.2,28.9,32.2,26.5,5.1,29.5
28/6/2011,Admiralty,0,28.4,30.5,26,5.8,45.7
29/6/2011,Admiralty,7.2,27.6,31.5,25.8,6.4,39.6
30/6/2011,Admiralty,10.2,25.3,26.7,23.4,5.6,26.3
1/7/2011,Admiralty,0,28.1,32,24.2,6.9,27.7
2/7/2011,Admiralty,0,28.7,33.2,26.6,6.7,26.3
3/7/2011,Admiralty,1.8,27.6,32.1,25.7,5.5,22.7
4/7/2011,Admiralty,0,28.4,32.6,24.3,6.6,25.9
5/7/2011,Admiralty,5.4,29.2,32.7,24.7,7.8,28.1
6/7/2011,Admiralty,0,29.3,33.5,27.2,9.2,29.9
7/7/2011,Admiralty,0,29.2,33,27.3,7.1,22
8/7/2011,Admiralty,0,29,32.5,25.8,6.5,26.3
9/7/2011,Admiralty,0,29.1,32.3,26.9,6.4,30.2
10/7/2011,Admiralty,0.6,28.2,33,25.7,6.1,50.4
11/7/2011,Admiralty,18.4,28.7,32.3,25.3,5.7,25.6
12/7/2011,Admiralty,0,27.6,31.2,23,7.9,50.4
13/7/2011,Admiralty,0,29.4,32.8,26.7,6.5,28.4
14/7/2011,Admiralty,0,29.3,32.5,27.4,7.7,28.1
15/7/2011,Admiralty,16.4,26.8,30,23.5,6.8,38.5
16/7/2011,Admiralty,0,26.6,30.6,23.3,9.1,33.5
17/7/2011,Admiralty,0,28.8,32.5,26.3,6.3,30.2
18/7/2011,Admiralty,0,29,32.4,26.6,6.4,25.9
19/7/2011,Admiralty,0,29.1,32.5,26.7,7.6,31.3
20/7/2011,Admiralty,0,29.2,32.7,26.9,7,27.4
21/7/2011,Admiralty,0,29.1,32.9,26.7,6.5,24.1
22/7/2011,Admiralty,0.8,27,30.1,23.4,8.3,59.8
23/7/2011,Admiralty,0,28.3,32.4,24.3,5.8,25.6
24/7/2011,Admiralty,13.4,29.1,33.1,26.6,6.9,29.5
25/7/2011,Admiralty,0,27.5,30.8,22.6,6.7,40
26/7/2011,Admiralty,0,28.5,31.8,26,6.2,24.8
27/7/2011,Admiralty,6.8,28.1,32,22.7,6.6,49.7
28/7/2011,Admiralty,0.2,28.5,31.9,26.6,8,33.8
29/7/2011,Admiralty,0,29,32.1,26.9,7.4,35.3
30/7/2011,Admiralty,0,29,31.9,27.1,9.6,32.4
31/7/2011,Admiralty,0,28.8,31.4,27.1,9.7,33.8
1/8/2011,Admiralty,0,28.9,32.6,26.7,9.3,32.8
2/8/2011,Admiralty,0,29.2,32.8,26.8,7,27.7
3/8/2011,Admiralty,9.6,28.1,31.6,24.1,6.9,48.2
4/8/2011,Admiralty,18.4,25.7,27.7,23.9,6.5,27.7
5/8/2011,Admiralty,0,27.9,32,24.6,8.2,28.8
6/8/2011,Admiralty,0,28.8,33.8,26.7,7.9,31.7
7/8/2011,Admiralty,16.4,26.1,27.9,22.4,8.5,49.3
8/8/2011,Admiralty,0,28.4,32.4,24.9,5.4,28.8
9/8/2011,Admiralty,0,28.9,32.6,27,8.7,33.1
10/8/2011,Admiralty,0,28.6,33.5,26.7,7.3,29.5
11/8/2011,Admiralty,0,28.6,32.8,25,6.2,26.6
12/8/2011,Admiralty,0,28.8,33.8,26.6,10.6,44.6
13/8/2011,Admiralty,0,28,32.6,25,8.7,42.8
14/8/2011,Admiralty,38.6,27.5,32.7,23.3,6.3,42.1
15/8/2011,Admiralty,34.6,25.4,27.4,23.2,6.1,33.8
16/8/2011,Admiralty,0,27.5,33,23.8,7.3,34.9
17/8/2011,Admiralty,6,27.9,32.4,25.5,5.5,32.4
18/8/2011,Admiralty,0,28,33.4,24.5,6.9,33.5
19/8/2011,Admiralty,0,28.8,32.6,25.4,8.1,39.6
20/8/2011,Admiralty,2,27.3,31,25.1,8.7,32.4
21/8/2011,Admiralty,0,28.1,32,24.5,7.2,29.9
22/8/2011,Admiralty,0,28.4,32.4,26.8,6.7,40
23/8/2011,Admiralty,1.6,27.9,31.2,25.4,6.6,38.2
24/8/2011,Admiralty,0,29,33,26.1,7,28.1
25/8/2011,Admiralty,28.8,27.9,30.2,25.8,6.9,42.5
26/8/2011,Admiralty,0.8,25.9,28.1,23.6,6.1,33.1
27/8/2011,Admiralty,5.8,25.3,27.6,24.4,6.4,38.5
28/8/2011,Admiralty,0,27.9,31.5,25.3,6.4,26.3
29/8/2011,Admiralty,9.4,26.4,29.2,23.2,5.9,45
30/8/2011,Admiralty,0,27.1,30.9,25.1,6.9,38.5
31/8/2011,Admiralty,0,27.9,31.7,24.6,6.5,27.7
1/9/2011,Admiralty,0,28.9,32.4,25.9,8,36
2/9/2011,Admiralty,0,29,32.6,25.5,7.9,34.6
3/9/2011,Admiralty,5.2,28,31.3,25,5.7,29.5
4/9/2011,Admiralty,0,28.5,32.1,25.8,8.1,35.6
5/9/2011,Admiralty,0,28.7,31.9,26.2,6.4,36
6/9/2011,Admiralty,0,28.9,33.3,25.1,8.4,33.5
7/9/2011,Admiralty,0,28.5,32.6,26,6.6,29.9
8/9/2011,Admiralty,0,28.1,31.2,25.3,6.4,35.3
9/9/2011,Admiralty,0,28.8,31.3,27.2,9.1,31.3
10/9/2011,Admiralty,3,26.6,31.4,23.8,8.8,58.7
11/9/2011,Admiralty,0.4,27.1,30.3,23.5,6.5,36.4
12/9/2011,Admiralty,0,28.3,31.8,25.6,5,23.4
13/9/2011,Admiralty,4.2,28.5,33,25.6,10.8,39.6
14/9/2011,Admiralty,22,27.1,31.7,22.8,7,48.6
15/9/2011,Admiralty,0,27.4,31.5,24.6,6.1,23.8
16/9/2011,Admiralty,0,27.8,31.3,24.7,6.7,28.1
17/9/2011,Admiralty,6.2,26.9,30.9,25,4.4,33.1
18/9/2011,Admiralty,37.4,26.1,31.4,23.8,5.4,43.9
19/9/2011,Admiralty,3.8,26.5,30.1,24.2,6.5,27
20/9/2011,Admiralty,49.2,25.8,28.1,23.5,5.5,39.6
21/9/2011,Admiralty,10.4,26.6,31.1,24.2,6,33.1
22/9/2011,Admiralty,8,25.4,27.7,22.3,7.5,43.6
23/9/2011,Admiralty,0,28.4,33,24.8,6.1,25.2
24/9/2011,Admiralty,0,28.8,32.7,26.8,6.4,27
25/9/2011,Admiralty,42.6,28.9,33.4,25.1,5.3,24.5
26/9/2011,Admiralty,0,26.8,30.3,22,8.3,46.1
27/9/2011,Admiralty,5.8,27.9,31.3,25.3,6.8,62.6
28/9/2011,Admiralty,2.2,27.7,32.5,22.1,8.2,60.8
29/9/2011,Admiralty,7.8,28.8,32.4,23.9,6.6,38.2
30/9/2011,Admiralty,3,27.2,31.4,22.4,10,63.7
1/10/2011,Admiralty,24.8,27.8,31.3,24.1,4.5,25.2
2/10/2011,Admiralty,0,27.4,32.5,23,6.6,40.3
3/10/2011,Admiralty,46.4,29.1,33.2,25.4,5.1,22
4/10/2011,Admiralty,15.8,25.1,28.3,22.2,6.6,53.6
5/10/2011,Admiralty,0,26.9,30.6,24.1,6.4,39.6
6/10/2011,Admiralty,5.2,27.4,32.3,24.8,6.9,25.6
7/10/2011,Admiralty,104.4,26.6,31.7,24.1,6.7,32
8/10/2011,Admiralty,23.6,26.6,29.9,24.5,6.1,37.8
9/10/2011,Admiralty,0,26.8,30.4,22.9,8.6,40.3
10/10/2011,Admiralty,2,27.6,31.4,24.5,6,29.2
11/10/2011,Admiralty,15.2,25.8,27.1,23.5,6.3,44.3
12/10/2011,Admiralty,0.2,26,30.1,24.5,5.4,39.6
13/10/2011,Admiralty,0,28.1,32.8,24.4,6.4,23.4
14/10/2011,Admiralty,0,28.6,33.3,26,8.3,30.6
15/10/2011,Admiralty,0,28.9,32.8,25.7,9.6,36
16/10/2011,Admiralty,0,28.7,31.8,26.3,10.5,28.8
17/10/2011,Admiralty,1,28.3,31.5,26.7,10.6,33.1
18/10/2011,Admiralty,12.4,26.9,31.6,24.8,6.9,32.4
19/10/2011,Admiralty,11,26.1,31.6,23.9,5.5,39.2
20/10/2011,Admiralty,2.4,25.6,31.5,23.5,7.4,27.4
21/10/2011,Admiralty,30.2,26,30.5,23.5,6,25.9
22/10/2011,Admiralty,15.2,26.3,32,24.4,5.3,25.6
23/10/2011,Admiralty,1.6,27.2,29.9,24.8,8.4,29.2
24/10/2011,Admiralty,1.8,28.1,31.9,25.6,8.9,33.1
25/10/2011,Admiralty,8.2,27.2,31.8,25,5.2,31.3
26/10/2011,Admiralty,11.4,26.3,31.5,24.3,6.1,28.8
27/10/2011,Admiralty,30.6,25.6,31.3,24,5.4,21.6
28/10/2011,Admiralty,6.8,27.1,31.2,24.2,5.9,26.3
29/10/2011,Admiralty,7.2,27.3,30.6,23.8,8.2,33.1
30/10/2011,Admiralty,0,28.4,32.5,25,8.4,36.7
31/10/2011,Admiralty,78.2,26.2,30.6,23.4,5.9,39.2
1/11/2011,Admiralty,0,27,32.7,24.6,7.3,50.8
2/11/2011,Admiralty,3.8,26.4,29.9,24.3,6.8,44.6
3/11/2011,Admiralty,3.8,26.5,29.3,24.9,6.8,23.4
4/11/2011,Admiralty,0.6,25.8,27.6,23.6,8.5,37.1
5/11/2011,Admiralty,13.8,27.4,30.4,24.8,7,31.7
6/11/2011,Admiralty,0.2,27.1,29.6,24.2,6.3,27
7/11/2011,Admiralty,0,28,31.6,24.8,10.4,43.2
8/11/2011,Admiralty,2.8,27.2,28.8,25.6,7.9,32.4
9/11/2011,Admiralty,0.2,27.8,31.1,25.3,9,39.6
10/11/2011,Admiralty,2.4,28.2,34.4,25.2,7,27.7
11/11/2011,Admiralty,5.4,27.3,32.3,25.3,7.4,29.5
12/11/2011,Admiralty,12.8,25.5,30.8,23.1,6.7,33.8
13/11/2011,Admiralty,55.8,26.2,33.3,22.7,6.2,37.1
14/11/2011,Admiralty,10,26.2,32.8,23.8,7.2,38.2
15/11/2011,Admiralty,0.4,26.9,31.4,24.4,8.6,27
16/11/2011,Admiralty,1,26.8,31.9,24.6,6.5,28.4
17/11/2011,Admiralty,13,27.3,34.5,23.9,7,48.6
18/11/2011,Admiralty,1.2,26.1,30.1,24.2,5.4,24.8
19/11/2011,Admiralty,12.4,27.2,33.4,24.1,6,43.9
20/11/2011,Admiralty,11,26.4,31.3,23.7,7.5,31.3
21/11/2011,Admiralty,0,26.9,31,24.3,7.5,31.3
22/11/2011,Admiralty,0,27.3,30.8,24.9,8.7,33.5
23/11/2011,Admiralty,47,25.8,30.2,23.5,6.7,26.6
24/11/2011,Admiralty,6.2,26.4,31.2,24.3,8.3,32.8
25/11/2011,Admiralty,0,27.4,31.4,25.3,9.3,33.1
26/11/2011,Admiralty,9.4,26.8,30.6,25.4,7.4,33.8
27/11/2011,Admiralty,6.4,27.1,32.4,25.5,6.5,34.9
28/11/2011,Admiralty,17.2,26.6,32.9,24.8,5.4,34.6
29/11/2011,Admiralty,38.2,26.4,32.8,24.2,6.2,33.8
30/11/2011,Admiralty,13.6,26.9,31.5,25,7.8,39.2
1/12/2011,Admiralty,6,26.5,28.8,24.8,9.4,34.9
2/12/2011,Admiralty,6.2,25.4,26.6,23.7,6.4,25.6
3/12/2011,Admiralty,43.4,25.9,33.1,22.6,8,39.6
4/12/2011,Admiralty,20.8,26.2,32.2,24,5.9,32.4
5/12/2011,Admiralty,0,25.9,29.1,23.5,8.3,23.8
6/12/2011,Admiralty,4.6,27.7,33.6,24.4,6.9,23.8
7/12/2011,Admiralty,4.6,26.8,32.9,24.7,7.3,25.6
8/12/2011,Admiralty,21,26.7,32.3,23.8,8,38.5
9/12/2011,Admiralty,3.6,26.6,32.1,24.4,7.5,30.2
10/12/2011,Admiralty,0.2,27.2,30.4,24.9,10.8,36.4
11/12/2011,Admiralty,3,25,26.6,22.9,7.2,27.7
12/12/2011,Admiralty,10.6,25.5,29.5,23.4,7.4,24.1
13/12/2011,Admiralty,0.2,26.7,30.6,24.6,11.7,40.3
14/12/2011,Admiralty,3.4,27.1,31.2,24.9,7.5,41
15/12/2011,Admiralty,0.2,27.3,30.5,25.3,7.1,36.4
16/12/2011,Admiralty,18,26.8,30.9,24.9,7.9,36
17/12/2011,Admiralty,25.4,25.7,28.4,24.3,9.3,52.2
18/12/2011,Admiralty,45.8,25.3,28.3,24.1,8,47.9
19/12/2011,Admiralty,54.8,24.6,26.1,23.9,9.2,29.5
20/12/2011,Admiralty,5.2,25.7,27.7,24.1,8.6,34.2
21/12/2011,Admiralty,0.2,26.6,29.1,24.4,8.2,29.2
22/12/2011,Admiralty,1.4,25.2,26.5,24.4,6.9,27.4
23/12/2011,Admiralty,47.2,25.3,28,24.2,7.3,35.6
24/12/2011,Admiralty,12,25.6,27.4,24.8,8.4,42.1
25/12/2011,Admiralty,3,25.6,27.7,24,13.1,45.4
26/12/2011,Admiralty,0,26.4,28.7,25.1,14.6,41.8
27/12/2011,Admiralty,4.8,26.5,30.5,25,11.8,40.3
28/12/2011,Admiralty,2.8,25.5,27,24.5,9.1,35.3
29/12/2011,Admiralty,0,25.5,27.8,24.2,9.2,32.4
30/12/2011,Admiralty,0,26.6,30.4,24.2,10.4,31.7
31/12/2011,Admiralty,0,27.8,33.7,24.5,9.1,26.3
1/2/2012,Admiralty,0,26.8,29.8,24.8,12.9,40.7
2/2/2012,Admiralty,17.2,25.3,29.7,23.5,9.4,35.3
3/2/2012,Admiralty,0.4,24.9,27.2,24.2,7.4,26.3
4/2/2012,Admiralty,0.2,25.9,28.4,23.7,12.5,40
5/2/2012,Admiralty,0.8,26.9,30.6,24.5,10.1,31.7
6/2/2012,Admiralty,0.4,26.9,31.6,24.6,9.5,36
7/2/2012,Admiralty,0,27.1,32,24.1,9.1,36.4
8/2/2012,Admiralty,0,27.3,32.4,23.8,10.2,30.6
9/2/2012,Admiralty,0,26.7,31.5,23.6,11.3,32
10/2/2012,Admiralty,0,27.1,31.5,24.1,13.3,39.2
11/2/2012,Admiralty,0,27.4,32.2,24.7,12.8,43.6
12/2/2012,Admiralty,1.4,27.2,31.2,25.1,12.3,34.6
13/2/2012,Admiralty,0.4,26.5,29.8,24.9,11.8,36.4
14/2/2012,Admiralty,0,27.3,31.5,24.8,9.9,30.2
15/2/2012,Admiralty,0.4,26.8,33.4,24.4,7.5,41
16/2/2012,Admiralty,4.2,27.2,33,24.4,8.2,40
17/2/2012,Admiralty,46.8,26.6,33.5,22.9,6.5,36
18/2/2012,Admiralty,24.2,25.1,28.2,23,7.5,45.7
19/2/2012,Admiralty,0.2,25.9,31.4,22.2,7.4,36.4
20/2/2012,Admiralty,16.4,26.2,30.8,24.5,9.6,29.9
21/2/2012,Admiralty,0,26.5,29.4,24.7,9.5,31
22/2/2012,Admiralty,0,27.1,31.4,24.7,10.2,32.4
23/2/2012,Admiralty,0,28.1,32.9,25.3,10.2,29.2
24/2/2012,Admiralty,0,28.1,32.6,25.6,10.4,34.6
25/2/2012,Admiralty,0,27.9,33.5,25.3,9.2,29.2
26/2/2012,Admiralty,0.4,27.5,32.2,25.4,9.2,32.4
27/2/2012,Admiralty,0,27.4,30.9,25.4,7.4,27
28/2/2012,Admiralty,0,27.8,33.1,24.7,9.9,37.1
29/2/2012,Admiralty,0,27.1,32.2,25.2,9,34.6
1/3/2012,Admiralty,9.2,26.4,32.6,24.3,6.3,54
2/3/2012,Admiralty,8.6,25.2,28.2,23.8,6.3,32.8
3/3/2012,Admiralty,0.2,26.9,30.9,24.2,6.3,27.4
4/3/2012,Admiralty,0.4,28.1,33.4,25.5,6.5,22.7
5/3/2012,Admiralty,11.6,25.5,28.3,21.6,6.9,55.1
6/3/2012,Admiralty,0.8,27.8,32.3,24.7,7,27.7
7/3/2012,Admiralty,11.8,27.3,31.6,25.4,5.6,40.7
8/3/2012,Admiralty,37.6,26.8,30.6,24,9.8,35.3
9/3/2012,Admiralty,0,26.5,29.4,23.3,6.9,50.8
10/3/2012,Admiralty,4.2,27.4,31.7,24.9,7.6,25.2
11/3/2012,Admiralty,10.6,26.4,30.7,24.3,8.9,46.8
12/3/2012,Admiralty,0,25.3,27,24.4,12.4,40.3
13/3/2012,Admiralty,26,26.1,30.5,24.1,8.5,41
14/3/2012,Admiralty,11.8,24.4,26,23.1,6.6,27
15/3/2012,Admiralty,0,26.4,30.1,24.1,8.9,34.9
16/3/2012,Admiralty,0,28,32.5,24.9,9,31.3
17/3/2012,Admiralty,2.4,27.7,32.4,24.7,7,24.1
18/3/2012,Admiralty,14.2,26.8,32,23.5,6.8,42.1
19/3/2012,Admiralty,0.8,27.5,30.9,25.1,6.3,15.5
20/3/2012,Admiralty,0,27.8,30.8,25.4,6.8,19.8
21/3/2012,Admiralty,66.8,27.4,33.1,21.9,8,86.8
22/3/2012,Admiralty,0,27.5,32.9,25.1,7,35.3
23/3/2012,Admiralty,0,27.6,34.3,24.9,7.3,31
24/3/2012,Admiralty,0,27.7,33.3,24.6,7.2,29.2
25/3/2012,Admiralty,18,26.8,32.8,23,8.7,51.8
26/3/2012,Admiralty,2.4,27,30.7,24.9,7.9,40
27/3/2012,Admiralty,6.6,27.3,32.4,24.3,6.4,31.7
28/3/2012,Admiralty,0,27,30.6,25.5,5.3,32
29/3/2012,Admiralty,0,27.3,33.7,25.2,7,32
30/3/2012,Admiralty,25.2,26.8,30.3,24.9,7,29.5
31/3/2012,Admiralty,5.2,25.7,28.7,23.1,11.7,39.6
1/4/2012,Admiralty,13.4,28.4,33.2,24.8,7.5,31.3
2/4/2012,Admiralty,2.8,27.1,30.2,22.8,8,45.7
3/4/2012,Admiralty,7,27.8,31.3,25.7,5.3,28.4
4/4/2012,Admiralty,3,27.2,32.9,23.2,8.8,41.8
5/4/2012,Admiralty,5.8,27.5,33.3,24.9,6.5,25.6
6/4/2012,Admiralty,33.2,26.2,30.2,23.2,5.3,40
7/4/2012,Admiralty,40,26.4,33,24.1,5.2,43.6
8/4/2012,Admiralty,17.4,26.7,31.6,24.8,6.3,31.3
9/4/2012,Admiralty,21.2,26.1,30.3,24.2,6.5,35.3
10/4/2012,Admiralty,93,26.1,34.4,22.4,6.9,72.4
11/4/2012,Admiralty,0.2,26.7,30.9,24.1,6,26.3
12/4/2012,Admiralty,12.8,27.4,30.5,23.3,4.8,45
13/4/2012,Admiralty,0,29.1,33.9,25.2,5.8,21.2
14/4/2012,Admiralty,32.4,26.9,32.4,23.6,6.4,43.9
15/4/2012,Admiralty,0,27.7,32.4,23.9,6.1,22
16/4/2012,Admiralty,2.6,27.2,34.2,25.4,5.5,29.9
17/4/2012,Admiralty,0,27.4,31.9,24.8,5.9,25.9
18/4/2012,Admiralty,30.8,28.3,33.5,23.7,5.4,31.3
19/4/2012,Admiralty,0.6,26.3,31.5,24.5,5.9,23
20/4/2012,Admiralty,7,28.6,32.4,25.1,6.7,25.6
21/4/2012,Admiralty,10.4,26.7,29.4,24.4,10.8,40.3
22/4/2012,Admiralty,0.6,28.2,33.4,24.5,6.8,38.5
23/4/2012,Admiralty,0.4,27.9,33.9,24.9,5.4,25.2
24/4/2012,Admiralty,0,26.9,31,25.3,7,25.2
25/4/2012,Admiralty,0,28.4,32.6,26,6.4,28.1
26/4/2012,Admiralty,3.4,28.9,31.9,26.6,10.1,38.5
27/4/2012,Admiralty,0,29.3,33.5,24.7,7,39.6
28/4/2012,Admiralty,0,29.2,32.9,26.8,5.8,27.4
29/4/2012,Admiralty,0,28.6,33.2,26.6,5.4,28.1
30/4/2012,Admiralty,1.4,28.2,33.4,25.1,6.6,37.4
1/5/2012,Admiralty,20.6,27.6,33.4,25,5.6,29.5
2/5/2012,Admiralty,6.4,26.7,29.8,24.5,6.7,32
3/5/2012,Admiralty,0,28.4,31.8,25.7,8.7,25.2
4/5/2012,Admiralty,131.4,29,31.9,26.7,6.3,27
5/5/2012,Admiralty,0.4,26.7,30.4,21.9,8,75.2
6/5/2012,Admiralty,36,26.4,32.9,22.8,5.5,64.8
7/5/2012,Admiralty,0.2,25.6,27.7,22.6,6.8,63
8/5/2012,Admiralty,30.8,29.1,33.1,25.2,6.6,28.8
9/5/2012,Admiralty,4.6,27.2,34.6,22.9,6.2,55.1
10/5/2012,Admiralty,10.2,27.4,34,24.4,6.2,38.9
11/5/2012,Admiralty,0.8,27.9,32.1,25.1,4.8,32.4
12/5/2012,Admiralty,4.8,29,32.3,26.2,8.4,31
13/5/2012,Admiralty,0.2,27.2,29.8,23.3,10.3,62.6
14/5/2012,Admiralty,0,29.3,32.6,26.9,9.2,32.8
15/5/2012,Admiralty,2.2,29.2,32.9,26.6,5.3,34.6
16/5/2012,Admiralty,11,28.1,31.8,24.1,7.9,58.7
17/5/2012,Admiralty,0,26.8,29.6,23.5,6.1,49
18/5/2012,Admiralty,0,29.1,33.8,26.1,4.8,21.6
19/5/2012,Admiralty,0,29.7,34.7,26.6,5.6,28.1
20/5/2012,Admiralty,6.2,28.4,32.4,25.3,6.2,38.9
21/5/2012,Admiralty,2,28.3,33.1,25.2,4.7,22
22/5/2012,Admiralty,11.2,28.6,33,24.5,6,38.5
23/5/2012,Admiralty,0,27.6,31.2,24.5,8.4,38.9
24/5/2012,Admiralty,2.6,28.8,32.6,26.6,6,25.9
25/5/2012,Admiralty,0,28.4,31,25.4,6.5,24.1
26/5/2012,Admiralty,56.2,27.6,31.5,23.8,8,37.8
27/5/2012,Admiralty,0,26.9,30.6,23,7,60.8
28/5/2012,Admiralty,0,28.9,32.9,25.2,5.6,23
29/5/2012,Admiralty,2,28.2,31.3,26.3,7.7,32
30/5/2012,Admiralty,0.8,27.9,33,25.7,5.7,31
31/5/2012,Admiralty,0.8,28,33.5,24.7,5.7,32.4
1/6/2012,Admiralty,0,27.7,30.7,25,6.8,26.6
2/6/2012,Admiralty,0,28.5,31.3,26.5,4.9,24.1
3/6/2012,Admiralty,0.6,28,31.7,25.3,5.4,29.5
4/6/2012,Admiralty,1.4,28.7,32.6,26.8,4.6,22.7
5/6/2012,Admiralty,0.8,29,32.2,26.1,5.9,19.4
6/6/2012,Admiralty,0,28.5,31.3,25.9,11.7,41.8
7/6/2012,Admiralty,0,30,33.7,27.6,7.5,27
8/6/2012,Admiralty,68,28.4,31.3,25.1,4,24.5
9/6/2012,Admiralty,0.4,26.3,29.1,23.3,7.2,48.2
10/6/2012,Admiralty,0,29.1,33.3,26.1,6.5,29.2
11/6/2012,Admiralty,0,28.8,30.2,27.6,5.6,26.3
12/6/2012,Admiralty,0,29.2,33,27.6,7.5,27.4
13/6/2012,Admiralty,0,29.6,33.6,26.9,6.1,24.1
14/6/2012,Admiralty,0,30,33.6,27.4,7,29.2
15/6/2012,Admiralty,0,29.9,33.2,27.2,6.3,23.4
16/6/2012,Admiralty,0,29.6,33,27.1,7.5,26.3
17/6/2012,Admiralty,0,29.6,32.8,27.3,8.7,28.1
18/6/2012,Admiralty,0,29.8,33.1,27.1,6.9,29.2
19/6/2012,Admiralty,19.4,28.5,33.5,24.9,6.1,40
20/6/2012,Admiralty,0,28.9,32.9,26.3,5.6,24.8
21/6/2012,Admiralty,1.4,27.7,31.5,24,6.2,28.4
22/6/2012,Admiralty,0,28.6,32.8,24.9,8.6,28.1
23/6/2012,Admiralty,0,29.9,34,27.4,6.4,24.1
24/6/2012,Admiralty,0,29.4,33.6,26.3,6.9,45.4
25/6/2012,Admiralty,0,29.2,33.2,26.2,6.6,27.4
26/6/2012,Admiralty,0,27.8,32.3,25.4,5.1,24.5
27/6/2012,Admiralty,9,27.2,30.5,23.8,5.4,44.6
28/6/2012,Admiralty,0,28,31.9,24.6,6,34.2
29/6/2012,Admiralty,0,28.8,32.7,26,5.9,24.8
30/6/2012,Admiralty,4.4,27.5,31.4,24.3,5.7,48.2
1/7/2012,Admiralty,0,28.3,32.4,25.8,6.8,42.5
2/7/2012,Admiralty,42,27.4,31.4,22.8,5.9,41.4
3/7/2012,Admiralty,31.6,26.2,30.4,23.9,6,43.9
4/7/2012,Admiralty,50.4,26.3,29.4,23.5,5.6,45.4
5/7/2012,Admiralty,51.2,25.9,28.9,23.4,5.3,32
6/7/2012,Admiralty,0,27.9,31.9,24.9,5.8,24.8
7/7/2012,Admiralty,7.4,27,31.7,24.4,5.5,39.6
8/7/2012,Admiralty,0,27.3,32.1,23.2,9.5,56.2
9/7/2012,Admiralty,0,28.4,31.5,26.8,5.9,24.8
10/7/2012,Admiralty,0.6,27.2,30.8,25.9,6.1,32
11/7/2012,Admiralty,0,27,29.5,25.7,5.2,27
12/7/2012,Admiralty,0.4,28,31.1,25.8,6.9,27.4
13/7/2012,Admiralty,0.2,28.5,31.8,26.1,6.6,27
14/7/2012,Admiralty,9,26.1,27.9,24.3,5.4,29.2
15/7/2012,Admiralty,0.2,27.1,32.4,25.2,5.3,30.2
16/7/2012,Admiralty,50.2,25.8,28.3,23.1,4.8,28.1
17/7/2012,Admiralty,6.8,25.9,30.6,24.4,5.8,33.1
18/7/2012,Admiralty,0,27.3,30.6,24.9,5.3,22.7
19/7/2012,Admiralty,36.2,26,30.9,23.4,4.8,29.9
20/7/2012,Admiralty,0.4,27.3,31.9,24,5.8,28.1
21/7/2012,Admiralty,0,28.9,33,26.3,5.6,28.1
22/7/2012,Admiralty,0,29,33.3,25.3,6.9,30.2
23/7/2012,Admiralty,0,28.9,32.2,26.6,7.5,32.4
24/7/2012,Admiralty,0,29,32.1,26.6,6.7,28.4
25/7/2012,Admiralty,0,29,32.9,26.4,6.9,29.2
26/7/2012,Admiralty,0,29.4,33,27.2,8.6,31.3
27/7/2012,Admiralty,0,29.2,32.9,26.9,8.1,30.6
28/7/2012,Admiralty,3.4,28.2,32.9,24,7.4,39.6
29/7/2012,Admiralty,0,28.5,32,25.5,6.3,25.2
30/7/2012,Admiralty,0,28.9,32.2,26.7,7.1,32.4
31/7/2012,Admiralty,0,28.8,32.2,26.7,6.9,27
1/8/2012,Admiralty,0.8,27.8,30,24.9,6.4,36
2/8/2012,Admiralty,0,28.7,32.2,26.3,6.1,21.2
3/8/2012,Admiralty,40,27.4,31,24.5,9.3,44.6
4/8/2012,Admiralty,10,26.9,32,24.5,6.3,43.6
5/8/2012,Admiralty,0,28.1,32.1,25.3,5.4,25.2
6/8/2012,Admiralty,2.6,27.6,31,25.1,6.4,31.3
7/8/2012,Admiralty,0,28.2,32.3,24.2,6.8,29.2
8/8/2012,Admiralty,0,28.7,31.9,25.3,7.1,30.2
9/8/2012,Admiralty,0,28.7,32,26,8.4,32
10/8/2012,Admiralty,0,29,32.9,26.6,8.1,28.4
11/8/2012,Admiralty,0,29.2,33,25.5,7.3,26.3
12/8/2012,Admiralty,0,28.2,32.8,25.3,8.3,33.1
13/8/2012,Admiralty,1.4,27.7,31.3,24.3,6.1,38.5
14/8/2012,Admiralty,0,29.3,33.5,25.5,6.5,24.5
15/8/2012,Admiralty,0,29,32.6,26.9,9.8,39.2
16/8/2012,Admiralty,0,28.1,31,25.8,7.7,35.3
17/8/2012,Admiralty,17.6,26.6,29.6,23,5.7,34.2
18/8/2012,Admiralty,0,27.5,32.5,24.6,6.6,33.1
19/8/2012,Admiralty,5.8,27.2,31.9,24,6.8,29.9
20/8/2012,Admiralty,30.4,28,32.9,22.1,7.2,60.1
21/8/2012,Admiralty,2.4,26.9,33.3,25,7.1,53.6
22/8/2012,Admiralty,0.4,27.4,31.6,24.4,5.1,28.8
23/8/2012,Admiralty,1.4,26.7,29.5,23.8,9,49.3
24/8/2012,Admiralty,0,28.5,32.2,25.6,7.1,31
25/8/2012,Admiralty,8.2,27.6,30.5,25.4,7.3,45.4
26/8/2012,Admiralty,2.6,27.2,30.7,25.5,5.4,32.8
27/8/2012,Admiralty,35.4,25.3,29,23.6,5.6,30.6
28/8/2012,Admiralty,0.2,25.8,28.4,24.4,7,31.3
29/8/2012,Admiralty,0,27.4,30,24.9,5.2,22.7
30/8/2012,Admiralty,6.8,25.8,28.7,23.9,6.4,33.5
31/8/2012,Admiralty,2,26,28.6,23.9,5.2,33.1
1/10/2012,Admiralty,0,28.4,33.5,24.4,7.3,28.1
2/10/2012,Admiralty,0,28.4,32.2,25.8,7,25.9
3/10/2012,Admiralty,0,29.1,32.7,26.1,6.8,31.7
4/10/2012,Admiralty,0,28.6,32.1,26.1,7.8,33.5
5/10/2012,Admiralty,0,27.9,30.3,26.7,8,30.2
6/10/2012,Admiralty,2.4,27.9,31.5,25.1,8.6,29.9
7/10/2012,Admiralty,0,27.4,29.9,25.2,6.8,28.4
8/10/2012,Admiralty,0,28.5,32.8,25.3,6,21.6
9/10/2012,Admiralty,2.2,27.2,32.5,25.3,5.5,29.5
10/10/2012,Admiralty,1.2,27.6,33.5,24.7,6.1,27
11/10/2012,Admiralty,0.6,27.4,33.2,25.6,5.4,31.3
12/10/2012,Admiralty,29.8,27.3,33.1,24.2,6.5,27
13/10/2012,Admiralty,22.2,26,31.3,24.2,5.9,32
14/10/2012,Admiralty,8,26.7,33.6,24.6,5.8,36.7
15/10/2012,Admiralty,0,27.1,31.9,24.8,6.7,26.6
16/10/2012,Admiralty,0,27.5,32.1,24.8,6.1,32
17/10/2012,Admiralty,15.2,26.4,32.7,23.5,4.9,37.1
18/10/2012,Admiralty,46.6,26.1,31.3,23.5,4.4,28.1
19/10/2012,Admiralty,0.8,25.9,30.5,24.2,6.2,27
20/10/2012,Admiralty,15.8,26.4,32.3,24.3,6.2,29.5
21/10/2012,Admiralty,8.2,26.2,30.1,24.6,4.2,23
22/10/2012,Admiralty,0,27.2,32.7,24.5,6.7,35.3
23/10/2012,Admiralty,0,28.3,33.1,24.6,6.8,25.6
24/10/2012,Admiralty,0,29.1,33.9,25.6,6.9,27.4
25/10/2012,Admiralty,0,28.7,33.3,26.2,9.7,36.7
26/10/2012,Admiralty,0,28.7,32.7,26.1,9.7,32.8
27/10/2012,Admiralty,0,28.8,33.9,26,7,24.1
28/10/2012,Admiralty,0,28.7,33.1,26,10.8,35.3
29/10/2012,Admiralty,0,28.5,32.6,26,8.8,34.9
30/10/2012,Admiralty,1.2,27.6,31.2,25.6,7.4,29.5
31/10/2012,Admiralty,4,26.5,30.8,24.6,7.2,31.7
1/11/2012,Admiralty,9,26,31.7,24.3,5.9,29.5
2/11/2012,Admiralty,0,27.4,33.4,24.4,5.9,30.2
3/11/2012,Admiralty,29.6,25.6,29.1,23.4,7.9,30.6
4/11/2012,Admiralty,8.2,25.8,31.1,23.7,8.1,30.6
5/11/2012,Admiralty,0,26.2,29.1,23.1,7.8,35.3
6/11/2012,Admiralty,4.4,26.4,31.7,24.2,7.7,26.6
7/11/2012,Admiralty,0.8,27.4,31.3,24.9,6.7,32
8/11/2012,Admiralty,20.8,26.9,32.5,24.3,6.3,32.4
9/11/2012,Admiralty,17.8,26.6,31.9,24.6,5.8,40.3
10/11/2012,Admiralty,7.4,26.5,32,24.5,5,32.4
11/11/2012,Admiralty,0,27.3,31.2,25.4,6.8,28.4
12/11/2012,Admiralty,10.2,26.6,31.6,23.4,6.6,33.5
13/11/2012,Admiralty,9.6,26.3,31.2,24.3,6.5,31.7
14/11/2012,Admiralty,25,26.5,32.8,23.2,5.2,36.4
15/11/2012,Admiralty,4.8,27.7,31.4,25.2,5,23.8
16/11/2012,Admiralty,3.6,28.1,33.8,24.9,6.8,35.3
17/11/2012,Admiralty,47.2,26.7,32.1,23.6,7.3,52.6
18/11/2012,Admiralty,5,27.2,32.7,24,5.9,33.1
19/11/2012,Admiralty,16,26.4,29.4,24.2,7,36
20/11/2012,Admiralty,0,28,33,24.9,6.7,31
21/11/2012,Admiralty,30,27.2,33.9,24.2,6.1,41
22/11/2012,Admiralty,0.2,26.9,29.2,25,5.1,42.5
23/11/2012,Admiralty,38,26.9,33.5,23.6,5,44.3
24/11/2012,Admiralty,0,27.1,30.7,23.4,11.6,32.4
25/11/2012,Admiralty,1.8,26.7,30.9,24.7,5.4,22.3
26/11/2012,Admiralty,7.6,27,32.5,24.8,5.5,38.2
27/11/2012,Admiralty,4.2,26.7,32.5,24.3,5.7,33.5
28/11/2012,Admiralty,29.6,27.3,34.5,24.4,4.7,35.6
29/11/2012,Admiralty,21.8,26.7,32,24.4,6.1,41.8
30/11/2012,Admiralty,6,27.4,32.7,25.1,5.1,36
1/12/2012,Admiralty,1.8,26.3,30.2,24.9,5.4,19.4
2/12/2012,Admiralty,1.6,27.1,30.4,24.3,5.9,19.1
3/12/2012,Admiralty,71.6,25.6,29.8,23.4,7.9,37.4
4/12/2012,Admiralty,11.8,26,31.6,23.7,6.7,32.8
5/12/2012,Admiralty,84,26.2,31.1,23.9,6.2,31.7
6/12/2012,Admiralty,1.2,26.6,32.2,24.6,7.5,39.2
7/12/2012,Admiralty,0,27.9,31.7,25.1,10.7,40
8/12/2012,Admiralty,0,27.6,29.8,25.7,8.5,29.9
9/12/2012,Admiralty,0.4,27.1,30.3,25.3,7.7,29.9
10/12/2012,Admiralty,0.6,26.6,31.4,24.6,6.3,39.6
11/12/2012,Admiralty,21.4,26.2,29.9,22.6,6,38.9
12/12/2012,Admiralty,3,26.1,31.2,23.8,7,33.1
13/12/2012,Admiralty,20,25.4,30.5,23.3,8.1,45
14/12/2012,Admiralty,0.2,26.8,30.8,24.6,6.3,29.2
15/12/2012,Admiralty,1.6,26.9,30.5,25,6.4,28.8
16/12/2012,Admiralty,45.2,25.5,30.1,23.5,5.5,33.5
17/12/2012,Admiralty,27.2,25.7,29.7,23.8,5.9,37.8
18/12/2012,Admiralty,12.6,25.2,29,23.7,5.6,40.3
19/12/2012,Admiralty,7.4,25.7,31.7,23.5,6,48.6
20/12/2012,Admiralty,0.2,27.2,31.1,23.6,8.7,30.6
21/12/2012,Admiralty,1.8,27.2,32,24.9,5.7,29.9
22/12/2012,Admiralty,10,26.3,32.4,23.8,6.5,41
23/12/2012,Admiralty,0.2,26.6,31.2,24.5,9,30.6
24/12/2012,Admiralty,2.8,26.2,29.5,24.7,8.6,26.6
25/12/2012,Admiralty,0.4,24.7,27,23.7,7.4,31
26/12/2012,Admiralty,0,26,29.5,23.5,8.3,33.8
27/12/2012,Admiralty,0,26.6,29.7,25,8.7,28.4
28/12/2012,Admiralty,28.8,26.7,29.8,24.7,8.6,34.9
29/12/2012,Admiralty,11.6,26.5,30,24.6,6.2,35.3
30/12/2012,Admiralty,1.6,27.1,29.9,25.4,7.3,38.5
31/12/2012,Admiralty,86.8,25.5,29.3,22.7,7.3,41.4
1/2/2013,Admiralty,0,27.4,30.6,25.2,14.6,41.8
2/2/2013,Admiralty,0,27.8,32.1,24.8,13.2,39.2
3/2/2013,Admiralty,39.6,25.6,27.4,24.4,9.5,38.5
4/2/2013,Admiralty,1,26.4,28.9,24.2,9.4,29.2
5/2/2013,Admiralty,5.6,25.8,29,23.4,7.9,32.4
6/2/2013,Admiralty,6.2,25.5,29.2,24,7,27.4
7/2/2013,Admiralty,4.4,26.3,30.6,23.9,8.1,33.5
8/2/2013,Admiralty,33.6,25.5,29.5,24,5.4,29.2
9/2/2013,Admiralty,28.6,26,32.5,23.8,7,34.6
10/2/2013,Admiralty,21.6,24.5,25.4,23.3,9.6,35.3
11/2/2013,Admiralty,0.8,24.8,28.4,23.5,7.3,31
12/2/2013,Admiralty,28.2,25.5,29,23.7,9.6,37.4
13/2/2013,Admiralty,0.8,26.5,30.2,24.5,10.4,38.2
14/2/2013,Admiralty,29.8,24.8,27.5,23.4,6.8,31.3
15/2/2013,Admiralty,9,25.4,29.8,23.7,8.5,46.8
16/2/2013,Admiralty,2,25.7,30.4,24.4,7.4,38.9
17/2/2013,Admiralty,1,24.7,25.7,23.9,7.5,28.8
18/2/2013,Admiralty,15,26,31.1,24.3,7.7,26.6
19/2/2013,Admiralty,0.4,25.8,27.8,24.7,8.7,27.7
20/2/2013,Admiralty,0.6,27,32,24.5,8.5,25.2
21/2/2013,Admiralty,0.2,26.8,29.6,24.9,9,24.5
22/2/2013,Admiralty,0,27.3,32.1,24.5,12.5,35.6
23/2/2013,Admiralty,0,27.5,31.6,24.1,12.2,36.4
24/2/2013,Admiralty,0,27.3,30,24.8,12.2,38.5
25/2/2013,Admiralty,65.8,26.9,32,23.9,8.2,44.6
26/2/2013,Admiralty,19.6,26.8,33,24.6,7.4,36.4
27/2/2013,Admiralty,5.2,27.2,31.9,24.5,7.6,25.2
28/2/2013,Admiralty,0,27.6,33.9,25.1,7.4,33.8
1/3/2013,Admiralty,0,28.1,34.1,25.3,8.6,30.6
2/3/2013,Admiralty,21.2,27.8,32.3,24.7,9.2,41.4
3/3/2013,Admiralty,0,27.6,31.1,25.2,13.5,40.3
4/3/2013,Admiralty,0,27.6,31.4,24.9,13.5,46.4
5/3/2013,Admiralty,0.2,27.3,30.9,25,11.6,46.8
6/3/2013,Admiralty,0.2,27.2,30.5,25.1,11.6,34.9
7/3/2013,Admiralty,0,27.6,32.5,24.9,12.4,37.4
8/3/2013,Admiralty,0,27.8,31.3,25.5,13.2,42.5
9/3/2013,Admiralty,3,26.9,31.3,24.7,10,40.7
10/3/2013,Admiralty,11.6,27.1,33.4,24.5,7.7,28.1
11/3/2013,Admiralty,0,27.5,32.9,25.1,10.5,37.1
12/3/2013,Admiralty,0,27.9,33.8,24.7,10.2,31
13/3/2013,Admiralty,19,27.4,34.4,23.1,8.3,60.5
14/3/2013,Admiralty,0,27.5,33.1,25.5,8.7,33.1
15/3/2013,Admiralty,0,28.3,32.8,24.9,11,37.4
16/3/2013,Admiralty,0,28.3,32.4,25.5,11.7,36.4
17/3/2013,Admiralty,16,26.9,32,25.2,8.4,45.7
18/3/2013,Admiralty,0,28.3,34.3,25.2,10.6,30.2
19/3/2013,Admiralty,0,28.4,33.5,25.7,11,32.8
20/3/2013,Admiralty,0,28.9,33.8,26,9.6,27.7
21/3/2013,Admiralty,0.2,28.7,33,27.4,8.9,33.8
22/3/2013,Admiralty,18.6,27.9,32.9,24.5,8.8,30.6
23/3/2013,Admiralty,5.8,28,33,25.6,7,42.1
24/3/2013,Admiralty,50,27.9,36.2,22.9,7,60.5
25/3/2013,Admiralty,0.4,27.8,33.7,24.7,6.4,38.2
26/3/2013,Admiralty,10.4,28.1,34,24.9,6.3,35.3
27/3/2013,Admiralty,0,29,32.2,26.3,6.2,29.5
28/3/2013,Admiralty,16.4,28.1,32.9,25.4,5.8,37.4
29/3/2013,Admiralty,36.2,27.7,34.6,24,5.6,27.7
30/3/2013,Admiralty,49.2,28.1,34.9,24.1,5.6,55.1
31/3/2013,Admiralty,10.4,28.4,34.7,25.3,6.1,37.1
1/4/2013,Admiralty,21,27.9,34.5,23.6,6.3,42.1
2/4/2013,Admiralty,10.6,28.5,33.5,25.4,5.5,28.1
3/4/2013,Admiralty,10.8,28.1,34.1,24.4,6.3,31.7
4/4/2013,Admiralty,4.4,27.5,32.1,25.2,6.3,28.8
5/4/2013,Admiralty,0,28.8,32.7,25.7,8.7,30.6
6/4/2013,Admiralty,1,27.9,30.1,25.9,12.6,65.2
7/4/2013,Admiralty,0,28.1,30.1,26,12.7,45
8/4/2013,Admiralty,0.8,28.2,32.5,25.7,6.3,38.2
9/4/2013,Admiralty,0,28,32.3,25.9,5.2,22
10/4/2013,Admiralty,0,28.6,33.3,26.2,6.6,32.8
11/4/2013,Admiralty,0,27.3,30.3,24.6,6.8,21.2
12/4/2013,Admiralty,0,29,35.1,25.6,7.6,26.6
13/4/2013,Admiralty,3.4,29.5,35,26.1,6.9,41.8
14/4/2013,Admiralty,0.8,26.2,29.2,22.6,6.9,61.9
15/4/2013,Admiralty,0,29.3,35.1,25.4,8.3,28.1
16/4/2013,Admiralty,5,29.9,35.2,26.9,7.7,31
17/4/2013,Admiralty,0.4,28.2,31,25,11.1,42.5
18/4/2013,Admiralty,1.2,30,33.6,27.1,9.2,36.4
19/4/2013,Admiralty,0,27.2,30.6,25,6.7,24.1
20/4/2013,Admiralty,0,29.6,34.3,26.4,6.2,26.3
21/4/2013,Admiralty,17.8,26.2,33.4,23.7,6.8,60.8
22/4/2013,Admiralty,11.4,27.8,35.1,23.6,6.2,28.1
23/4/2013,Admiralty,0.2,27.5,32.3,25.1,5.8,35.6
24/4/2013,Admiralty,16,27.6,34.2,24.2,5,31.7
25/4/2013,Admiralty,20.8,27.8,31.8,25.1,6.4,21.2
26/4/2013,Admiralty,0.8,27.3,31.5,23.6,5.5,47.5
27/4/2013,Admiralty,27.6,27.6,33.8,23.4,4.8,52.2
28/4/2013,Admiralty,40.4,25.9,27.3,23.5,4.6,26.6
29/4/2013,Admiralty,16.2,27.7,32.3,24.9,5.5,23.8
30/4/2013,Admiralty,0,28.9,33.9,25.5,5.3,29.9
1/5/2013,Admiralty,0.8,28.1,30.9,26.2,4.6,25.2
2/5/2013,Admiralty,7.2,27.9,32,25,5.9,43.6
3/5/2013,Admiralty,0.4,27.9,30.8,25.9,4.7,31
4/5/2013,Admiralty,0.2,28.8,32.6,25.9,7.2,28.1
5/5/2013,Admiralty,8.4,27.4,30.6,25.5,4.3,22.3
6/5/2013,Admiralty,5.4,27.6,33.3,25.4,5.3,35.6
7/5/2013,Admiralty,68.6,26.8,32.7,22.8,5.6,44.3
8/5/2013,Admiralty,1,27.3,31.9,25.1,5.6,33.5
9/5/2013,Admiralty,0.4,27.9,33.5,24.9,6.4,38.5
10/5/2013,Admiralty,7,27.9,33.3,25,6.1,28.1
11/5/2013,Admiralty,0,28.2,32,25.8,6.2,24.1
12/5/2013,Admiralty,0,30.2,34.9,27.3,6.3,27
13/5/2013,Admiralty,0,30.5,35.2,27.9,6.9,24.5
14/5/2013,Admiralty,0.6,28.7,32.7,24.7,6.1,39.6
15/5/2013,Admiralty,13.4,28.8,34,25.3,6.4,27.7
16/5/2013,Admiralty,0.4,27.3,32.3,23.1,7.6,53.6
17/5/2013,Admiralty,0,29.1,33.8,26,5.9,21.2
18/5/2013,Admiralty,0,28.1,31.4,26.1,5.7,29.2
19/5/2013,Admiralty,0,29.2,34.2,25.4,5.8,24.5
20/5/2013,Admiralty,0,28.8,33.2,26.6,6.1,27.4
21/5/2013,Admiralty,9,27.5,34.6,24.2,6.7,42.5
22/5/2013,Admiralty,19.6,27.3,31.7,24.2,5.2,27.7
23/5/2013,Admiralty,10.8,28.2,32.7,24.7,4.4,34.9
24/5/2013,Admiralty,4.4,26.7,28.7,24.1,5.5,31.3
25/5/2013,Admiralty,0,28.8,34.5,26.1,7,38.5
26/5/2013,Admiralty,14.6,27.1,32.7,24.3,6.6,31.3
27/5/2013,Admiralty,0,28.6,35.1,24.7,5.9,22
28/5/2013,Admiralty,0,28.3,32.7,25.6,7.5,44.3
29/5/2013,Admiralty,0.2,27,28.5,26,6.2,22
30/5/2013,Admiralty,0.8,26.8,31.7,23.9,8.3,40
31/5/2013,Admiralty,28.4,27.6,33.4,24.4,5.8,38.5
1/6/2013,Admiralty,14,28.2,35.1,24.4,5.2,56.5
2/6/2013,Admiralty,4.2,29,34.6,25.8,6.5,46.1
3/6/2013,Admiralty,1,28.6,33.5,26.6,6.9,34.2
4/6/2013,Admiralty,0.2,27.9,33.2,25.2,6.9,29.9
5/6/2013,Admiralty,5.6,27,34.7,24,6.5,41
6/6/2013,Admiralty,13.8,28,33.9,24.3,7.2,18
7/6/2013,Admiralty,12.2,27.9,34.9,24.7,6.3,53.6
8/6/2013,Admiralty,0,28.2,33.5,25,6.4,46.1
9/6/2013,Admiralty,0,27.7,30.3,25.2,8.4,37.4
10/6/2013,Admiralty,5,28.7,31.7,25.6,9.9,35.6
11/6/2013,Admiralty,0,29.1,31.8,24.5,10,47.9
12/6/2013,Admiralty,0,29.5,32.1,27.8,11.4,51.8
13/6/2013,Admiralty,0,30,33,27.4,8.1,36
14/6/2013,Admiralty,0,30.2,32.6,28,8.1,34.9
15/6/2013,Admiralty,0,30.3,33.4,27.8,6.7,34.9
16/6/2013,Admiralty,2.8,30.3,33.5,26.9,7.8,35.6
17/6/2013,Admiralty,0,28.8,31.5,26.2,8.6,35.3
18/6/2013,Admiralty,0,30,33.2,27.6,8.9,41.8
19/6/2013,Admiralty,0,30.2,33.3,27.8,9.9,46.8
20/6/2013,Admiralty,0,29.6,32.5,26.4,8.9,37.8
21/6/2013,Admiralty,0,29.7,32.3,27.5,9.3,39.2
22/6/2013,Admiralty,0,30.2,33.6,27.6,7.4,30.6
23/6/2013,Admiralty,0,30.6,34.2,27.2,4.7,21.6
24/6/2013,Admiralty,0,30.2,34.6,28.5,8.2,28.1
25/6/2013,Admiralty,2.4,28.6,33.3,24.3,7.8,54.7
26/6/2013,Admiralty,1,27.3,29.8,25.1,5.9,31.3
27/6/2013,Admiralty,0,28.9,32.6,26.3,7.3,30.2
28/6/2013,Admiralty,0,29.1,32.5,26.8,6,26.6
29/6/2013,Admiralty,0,29.4,32.8,26.6,6.4,28.1
30/6/2013,Admiralty,12.8,27,29.2,23.4,5.9,37.4
1/7/2013,Admiralty,0,28,30.7,26,7.8,40.3
2/7/2013,Admiralty,0.4,27.8,30.9,26.5,6.5,32.8
3/7/2013,Admiralty,0,28.4,32.2,25.2,7.4,24.8
4/7/2013,Admiralty,1,26.9,30.5,24.6,7.1,47.9
5/7/2013,Admiralty,0,27.2,30.9,24.7,8,24.5
6/7/2013,Admiralty,0,29.1,32.9,26.8,6.4,29.9
7/7/2013,Admiralty,0,29.4,33,25.8,6.5,34.2
8/7/2013,Admiralty,27.8,28.7,32.8,24.4,7.4,31.3
9/7/2013,Admiralty,8.8,26.4,28.3,24.6,7.4,32
10/7/2013,Admiralty,0,28.6,32.3,25.7,7.4,28.1
11/7/2013,Admiralty,16.4,27.2,32.1,23.5,5.3,49
12/7/2013,Admiralty,1,27,30.9,25.1,7.9,40.3
13/7/2013,Admiralty,0,27.3,29.5,24.8,7.2,28.4
14/7/2013,Admiralty,0.4,27.4,29.1,24.5,6.9,37.8
15/7/2013,Admiralty,0,26.9,31.2,24.1,7.7,28.8
16/7/2013,Admiralty,0,27.8,32,25.7,5,32
17/7/2013,Admiralty,6,26.6,31.1,25,5.2,27
18/7/2013,Admiralty,2.8,26.3,28.1,24.4,5.7,23
19/7/2013,Admiralty,0,28.1,32.1,25.5,4.9,28.1
20/7/2013,Admiralty,0,29.1,33,26.1,6.2,30.6
21/7/2013,Admiralty,0,29.4,33,26.6,6.2,32
22/7/2013,Admiralty,0,29,32.2,26.3,8,37.1
23/7/2013,Admiralty,0,29.6,33,27.1,7.6,29.2
24/7/2013,Admiralty,0,29.3,33.7,25.5,7.4,27.7
25/7/2013,Admiralty,0,28,32.1,25.6,6.4,27.4
26/7/2013,Admiralty,8.8,26.6,31.5,24.4,6.5,28.1
27/7/2013,Admiralty,0,25.8,27.8,24.4,6.4,37.8
28/7/2013,Admiralty,0,28.7,33.3,24.9,5,23
29/7/2013,Admiralty,6,27.6,30,24.9,5,46.8
30/7/2013,Admiralty,0,27.6,31.8,25.9,6.2,27
31/7/2013,Admiralty,12.4,28.3,32.3,25,6.7,27.7
1/8/2013,Admiralty,1.6,26.9,30.2,22.1,6.5,53.6
2/8/2013,Admiralty,0.2,27.2,29.9,24.9,6.4,36
3/8/2013,Admiralty,0,29.2,33.1,26.6,7.1,31.7
4/8/2013,Admiralty,0,28.6,32,26.7,6.3,27.4
5/8/2013,Admiralty,34,26.7,29.1,22.9,8.9,42.5
6/8/2013,Admiralty,0,28.1,31.1,25.3,6,29.2
7/8/2013,Admiralty,0.8,28.4,31.3,25.9,6.9,36.7
8/8/2013,Admiralty,0.2,27,28.6,23.5,8,46.4
9/8/2013,Admiralty,17.2,27.2,32.1,24,7.5,40.3
10/8/2013,Admiralty,23.2,27.2,32.1,23.1,8.3,45
11/8/2013,Admiralty,14.8,26.4,31.3,22.1,5.7,55.1
12/8/2013,Admiralty,4.6,27.5,32.5,22.8,6.5,52.9
13/8/2013,Admiralty,0.8,26.4,28.6,23.5,6,38.5
14/8/2013,Admiralty,3.6,27.3,29.4,25.3,5.2,29.9
15/8/2013,Admiralty,0,28.7,32.4,26.6,6.9,26.3
16/8/2013,Admiralty,0,28.4,31.8,25.5,6.3,29.5
17/8/2013,Admiralty,11.8,27.5,31.7,24.7,5.9,34.2
18/8/2013,Admiralty,0.8,28.2,33,25.3,5.7,28.4
19/8/2013,Admiralty,0,27.8,32.5,24.7,6.1,33.1
20/8/2013,Admiralty,15.6,26.8,30.1,23.9,5.1,28.4
21/8/2013,Admiralty,0,28.4,31.9,25.6,6.5,34.6
22/8/2013,Admiralty,9.2,28.4,32.3,23.5,6.8,41.4
23/8/2013,Admiralty,0,28.6,32.1,25.2,7.3,32.4
24/8/2013,Admiralty,0,29.3,33.2,26.2,7.3,30.6
25/8/2013,Admiralty,0,29.2,32.5,26.9,9.1,36
26/8/2013,Admiralty,25.4,27.4,31.1,24.1,7.8,35.6
27/8/2013,Admiralty,0,28.8,33.2,26.3,6.8,23.4
28/8/2013,Admiralty,6.4,27.3,32.8,24.3,7,43.2
29/8/2013,Admiralty,5.8,26.1,30.1,24.6,6.2,31
30/8/2013,Admiralty,0.2,26.9,31.5,24,5.6,45
31/8/2013,Admiralty,0,28.2,33.6,24.8,7.1,29.5
1/9/2013,Admiralty,2.2,27,30.3,25.2,6.7,31
2/9/2013,Admiralty,39.2,26.7,32,23.4,6.1,36
3/9/2013,Admiralty,26.8,26.3,29.7,23.3,4.3,26.3
4/9/2013,Admiralty,2,26.2,29.6,24.2,4.8,19.8
5/9/2013,Admiralty,12.8,25.7,27.7,24.6,6.2,28.4
6/9/2013,Admiralty,43.6,26.1,29.8,22.6,7,46.1
7/9/2013,Admiralty,8.6,25.7,29.4,21.9,8.3,47.9
8/9/2013,Admiralty,0.2,26.1,30.1,22.6,7.1,33.1
9/9/2013,Admiralty,19.6,25.9,30.2,23.3,7.5,40.7
10/9/2013,Admiralty,4.6,25.5,27.2,23.3,9.6,43.6
11/9/2013,Admiralty,0.2,27.9,31.7,24.1,7.1,27.7
12/9/2013,Admiralty,0,28.4,32,23.9,8.1,33.8
13/9/2013,Admiralty,0,28.1,31.2,25.9,5.1,23.8
14/9/2013,Admiralty,0,28.6,31.8,26,5.1,33.1
15/9/2013,Admiralty,23.4,25.2,27.4,23.1,7.6,34.9
16/9/2013,Admiralty,0,27.7,32,24.3,5.4,20.5
17/9/2013,Admiralty,2,26.8,30.7,25.1,6,33.5
18/9/2013,Admiralty,0,28.8,32.1,26.2,4.8,21.2
19/9/2013,Admiralty,0,28.9,33.4,26.6,6.3,35.3
20/9/2013,Admiralty,0,29.4,33.1,26.5,6.4,25.9
21/9/2013,Admiralty,0,29.4,32.3,27.4,7.1,35.3
22/9/2013,Admiralty,0,29.5,33.3,27.1,6.9,34.6
23/9/2013,Admiralty,0,29.5,33.4,26.6,7.4,26.6
24/9/2013,Admiralty,0,29.7,33.9,27.2,7.8,32
25/9/2013,Admiralty,10.4,27,29.2,21.9,6.4,65.5
26/9/2013,Admiralty,22.4,25.8,29.8,22.4,6.1,54.4
27/9/2013,Admiralty,0,28.3,31.2,25.7,6.2,28.1
28/9/2013,Admiralty,6,27.8,31,25.9,6.1,32
29/9/2013,Admiralty,0.6,27.3,31.1,23.1,7.4,36.4
30/9/2013,Admiralty,0,28.1,31,25.4,6.3,31.7
1/10/2013,Admiralty,0,29.3,33.2,26.7,7.7,32.8
2/10/2013,Admiralty,9.2,26.8,29.9,23.9,8.5,42.8
3/10/2013,Admiralty,47.6,26.9,32.5,22.4,5.8,42.8
4/10/2013,Admiralty,1.8,27.9,32.6,24.5,6.3,23.8
5/10/2013,Admiralty,4.8,28,31.6,23.2,7.9,40.7
6/10/2013,Admiralty,7.2,27.9,32.5,22.6,10,59
7/10/2013,Admiralty,0.4,27.7,31.5,23,8.9,45
8/10/2013,Admiralty,7.4,29.3,33.6,25,6.3,41.4
9/10/2013,Admiralty,0,28,33.4,23.5,7.9,52.6
10/10/2013,Admiralty,0.8,27.5,33.4,24.2,7.3,30.6
11/10/2013,Admiralty,0.6,27.1,30.2,24.9,5.2,24.8
12/10/2013,Admiralty,0,27.8,30.9,26.3,8.4,32
13/10/2013,Admiralty,14.2,27.8,31.2,26,9.8,43.6
14/10/2013,Admiralty,0.8,26.9,30,23.8,8.1,34.6
15/10/2013,Admiralty,0.2,27.5,30.3,24.9,6.2,28.4
16/10/2013,Admiralty,0,29.2,33.2,25.9,6.1,26.6
17/10/2013,Admiralty,0,28.8,32.7,25.9,10.3,34.6
18/10/2013,Admiralty,3.4,28.2,31.3,24.6,9.6,34.2
19/10/2013,Admiralty,0,27.2,32.2,25,4.8,31.3
20/10/2013,Admiralty,0.8,26.5,31.7,24.3,8.5,32
21/10/2013,Admiralty,9,27.2,29.9,24.9,7.4,27.7
22/10/2013,Admiralty,0,26.8,30.8,23.7,7.8,31.7
23/10/2013,Admiralty,0,27.3,31.6,24.3,8,33.8
24/10/2013,Admiralty,0,27,33.5,25,5.9,25.2
25/10/2013,Admiralty,0,27.9,32.8,24.7,7.2,31
26/10/2013,Admiralty,0,27,32.2,24.1,8.5,45
27/10/2013,Admiralty,6.8,26.1,32.7,23.7,7.3,32
28/10/2013,Admiralty,60.8,26.3,33.4,22.8,6,31
29/10/2013,Admiralty,0,27.2,31.5,24.6,6.4,26.3
30/10/2013,Admiralty,9.4,26.6,31.6,23.9,5.1,40.7
31/10/2013,Admiralty,17,26.6,33.8,23.8,5,34.9
1/11/2013,Admiralty,74.2,26.7,32.7,22.4,5.4,56.2
2/11/2013,Admiralty,0,26.7,30.8,25,5.7,24.1
3/11/2013,Admiralty,0,26.7,33.2,24.7,6.5,37.1
4/11/2013,Admiralty,7.4,26.7,31.9,24.8,6.6,31
5/11/2013,Admiralty,34,27,33.8,24.2,6.7,30.6
6/11/2013,Admiralty,0.2,26.9,30.1,23.4,8.3,35.6
7/11/2013,Admiralty,0,28.1,32.3,24.9,8.4,28.8
8/11/2013,Admiralty,0.2,27.2,32.1,24.9,7.9,35.3
9/11/2013,Admiralty,15.6,26.4,31.6,24.8,5.2,32.8
10/11/2013,Admiralty,14.2,26.9,30.4,23.4,5.2,43.2
11/11/2013,Admiralty,3.4,27,30.1,23.8,6.9,41
12/11/2013,Admiralty,4,25.4,27.9,23.6,5.9,28.8
13/11/2013,Admiralty,42.8,27,34.8,24.1,5.7,37.4
14/11/2013,Admiralty,0.2,26.6,30.1,23.1,5.4,38.9
15/11/2013,Admiralty,1.6,26.4,31.3,24.2,6.6,32
16/11/2013,Admiralty,0.8,27.1,31.1,24.4,6.2,28.4
17/11/2013,Admiralty,1.2,25.7,27.2,24.8,8.4,31.3
18/11/2013,Admiralty,0,26.7,30.4,24.6,8.8,43.9
19/11/2013,Admiralty,1,27.2,31.8,25.1,5.9,31
20/11/2013,Admiralty,6,27.3,29.9,24.3,10.2,45
21/11/2013,Admiralty,11.2,27.9,31.2,24.2,10.6,43.6
22/11/2013,Admiralty,34.8,27.3,31.3,23.9,6.5,23
23/11/2013,Admiralty,1,26.6,30.7,22.3,7.1,41
24/11/2013,Admiralty,0,27.6,32.3,25.3,6.3,24.8
25/11/2013,Admiralty,9,26.7,32.5,23.6,6.8,44.6
26/11/2013,Admiralty,0.4,26.9,30,25.2,7.1,24.5
27/11/2013,Admiralty,41.2,27.9,34,23.7,5.7,32.8
28/11/2013,Admiralty,0.4,26.6,31.5,24.9,6.9,27.7
29/11/2013,Admiralty,0.8,27.2,31.8,24.8,6.9,28.4
30/11/2013,Admiralty,11,26.6,32.4,24.8,7.2,30.6
1/12/2013,Admiralty,44,25.6,27.5,24.4,8,24.1
2/12/2013,Admiralty,9.4,24.5,25.2,24,8.4,25.6
3/12/2013,Admiralty,48.8,25.2,30.7,23.5,6.6,25.6
4/12/2013,Admiralty,0,25.4,27.8,23.7,9.8,32.8
5/12/2013,Admiralty,1.2,26.3,31.3,24.2,7.1,24.8
6/12/2013,Admiralty,44.2,24.8,30,23.3,7.4,31.7
7/12/2013,Admiralty,0,26.7,32.3,23,6.3,27.7
8/12/2013,Admiralty,20.4,24.9,28.5,23.6,9.2,25.2
9/12/2013,Admiralty,0,26.8,32.8,24.1,6.6,29.2
10/12/2013,Admiralty,2,26.9,31.7,24.8,5.5,23.8
11/12/2013,Admiralty,8.8,27,30.9,24.7,8.5,32
12/12/2013,Admiralty,3.4,26.9,30.8,25.1,9.3,36.4
13/12/2013,Admiralty,0,27.4,31.8,24.9,10.2,29.9
14/12/2013,Admiralty,0.6,27.2,31.9,24.9,8.5,33.5
15/12/2013,Admiralty,6.6,26.5,32.7,23,7.2,36.4
16/12/2013,Admiralty,0,28,32.5,24.4,8.6,37.4
17/12/2013,Admiralty,0.2,27.9,32.9,24.8,7.3,35.3
18/12/2013,Admiralty,57.8,26.7,33.3,21.7,9.4,48.6
19/12/2013,Admiralty,0,25.6,28.8,23,10.4,43.9
20/12/2013,Admiralty,3.8,25.1,27.4,23.5,7.6,28.8
21/12/2013,Admiralty,0,25.9,29.2,23.5,9.7,28.8
22/12/2013,Admiralty,0,26.5,30.7,24,11.5,33.8
23/12/2013,Admiralty,2.2,25.3,27.4,23.9,12.7,31.7
24/12/2013,Admiralty,0.6,26.7,29.2,25.3,12,40
25/12/2013,Admiralty,0,27,30,25.2,10.8,44.3
26/12/2013,Admiralty,15.4,26.3,30.5,23.8,10.5,33.5
27/12/2013,Admiralty,0.2,26.6,29.5,24.7,11.5,39.6
28/12/2013,Admiralty,0.4,26,29.3,24.6,12.6,41
29/12/2013,Admiralty,0,25.8,27.9,24.3,11.1,35.3
30/12/2013,Admiralty,0.4,26.2,29.1,24.2,11.4,35.6
31/12/2013,Admiralty,1,25.4,27.4,24.6,11.9,38.2
1/1/2014,Admiralty,0,26.3,28.8,24.3,10.8,34.2
2/1/2014,Admiralty,0,26.9,30.7,24.6,11.5,38.2
3/1/2014,Admiralty,4.6,26.5,29.5,24.9,9.7,34.2
4/1/2014,Admiralty,3.8,26.4,31.2,24.7,8.1,32.8
5/1/2014,Admiralty,3.6,24.6,25.3,23.6,8.4,27
6/1/2014,Admiralty,80,25,27.2,23.1,6.2,29.5
7/1/2014,Admiralty,2,26.5,30.6,24.3,8,27.4
8/1/2014,Admiralty,0,26.9,30.8,24.4,11.7,34.6
9/1/2014,Admiralty,2.6,25.4,27.5,23.9,6,27.4
10/1/2014,Admiralty,0,26.9,31.9,24.1,6,27.4
11/1/2014,Admiralty,1.8,26.5,30.9,23.6,12.8,37.4
12/1/2014,Admiralty,0.2,25.9,28.3,24.4,11.7,39.2
13/1/2014,Admiralty,0,26.4,29.3,24.5,14.8,43.2
14/1/2014,Admiralty,0.2,26.1,29.6,23.9,13.3,44.3
15/1/2014,Admiralty,0,25.4,28.2,23.9,12.8,44.3
16/1/2014,Admiralty,0,25.6,28.4,23.5,13.9,39.6
17/1/2014,Admiralty,0,25.6,28.6,23.5,14.3,41.8
18/1/2014,Admiralty,0,25.6,28.5,23.5,14,42.5
19/1/2014,Admiralty,0,25.6,29,23.5,13.2,39.6
20/1/2014,Admiralty,0,25.6,29.2,23.7,14.2,37.4
21/1/2014,Admiralty,0,25.5,28.7,23.4,14,39.6
22/1/2014,Admiralty,0,25,27.9,23,13.5,40.3
23/1/2014,Admiralty,0,25.2,28.7,23.1,13,41.8
24/1/2014,Admiralty,0,25.2,28.3,23,12.6,35.3
25/1/2014,Admiralty,0,25.2,28.7,23.1,12.4,38.5
26/1/2014,Admiralty,0,25.2,29.3,22.5,11.3,37.1
27/1/2014,Admiralty,0,25.2,28.7,22.6,13.5,39.2
28/1/2014,Admiralty,0,26.1,29.7,24.1,14,40.7
29/1/2014,Admiralty,0,26,30,23.4,14.5,46.4
30/1/2014,Admiralty,0,25.5,30.3,22.6,13.2,53.6
31/1/2014,Admiralty,0,25.8,30.6,22.4,13.8,36.4
1/2/2014,Admiralty,0,25.7,32.4,21.8,10.9,33.1
2/2/2014,Admiralty,0,25.4,30.5,22.5,10.2,31
3/2/2014,Admiralty,0,25.9,31.7,23,10.8,29.9
4/2/2014,Admiralty,0,26.2,31.8,22.4,10.6,32.4
5/2/2014,Admiralty,0,25.9,32,22.5,11.6,35.6
6/2/2014,Admiralty,0,26.2,31.7,23,10.5,35.3
7/2/2014,Admiralty,0,26.3,31.5,23.6,10.1,27
8/2/2014,Admiralty,15.8,26.3,31.7,23.8,9.4,32
9/2/2014,Admiralty,0,27,32.6,24.2,7.9,29.2
10/2/2014,Admiralty,0,27.6,33.4,24.3,8.4,27.7
11/2/2014,Admiralty,0,27.2,31.7,24.7,11.1,33.1
12/2/2014,Admiralty,0,27.1,32.5,24.1,12.1,37.8
13/2/2014,Admiralty,0,27.5,32.6,24.9,12.5,40.7
14/2/2014,Admiralty,0,27,30.9,24.7,12.8,37.1
15/2/2014,Admiralty,0,27.1,31,24.7,14.4,41
16/2/2014,Admiralty,0,26.9,30.9,24.7,12.9,38.5
17/2/2014,Admiralty,0,27,30.7,24.9,14.6,36.4
18/2/2014,Admiralty,0,27.4,32.2,24.8,13,34.6
19/2/2014,Admiralty,0,27.1,32,24.5,12,35.3
20/2/2014,Admiralty,0,27.1,31.3,24.7,15.2,42.5
21/2/2014,Admiralty,0,26.9,29.8,24.9,15.7,43.2
22/2/2014,Admiralty,0,27.5,32.4,24.5,14.8,51.1
23/2/2014,Admiralty,0,26.7,31.3,24,12.5,44.3
24/2/2014,Admiralty,0,26.7,31.4,23.7,13.8,40
25/2/2014,Admiralty,0,26.4,31,23.4,11.9,37.8
26/2/2014,Admiralty,0,26.8,31.2,23.7,13.3,41
27/2/2014,Admiralty,0,27.3,32.4,24.1,13.6,44.3
28/2/2014,Admiralty,0,27.1,31.5,24.1,13.8,40.7
1/3/2014,Admiralty,0,27,31.5,24.6,12.4,40.3
2/3/2014,Admiralty,0,27.5,33.9,24.1,10.2,31
3/3/2014,Admiralty,0,27.3,33.2,24.4,10.8,38.5
4/3/2014,Admiralty,0,27.5,33.3,24.2,10.6,33.1
5/3/2014,Admiralty,0,27.4,33.9,23.9,11.4,40.7
6/3/2014,Admiralty,0,26.9,31.9,23.5,11.5,38.2
7/3/2014,Admiralty,0,27.2,32.1,23.9,12.1,36.7
8/3/2014,Admiralty,0,27.4,32.8,24.5,11.9,37.8
9/3/2014,Admiralty,0,27,32.6,23.6,13,40
10/3/2014,Admiralty,0,27.2,31.4,24.2,13.8,42.1
11/3/2014,Admiralty,0,27.6,33.3,24,13.9,42.5
12/3/2014,Admiralty,0,27.7,33.4,24.7,13.1,36.7
13/3/2014,Admiralty,0,28,33.8,24.6,11.9,38.2
14/3/2014,Admiralty,0,28.2,33.5,25.1,11.6,40.7
15/3/2014,Admiralty,0,28,31.8,25.6,14,43.6
16/3/2014,Admiralty,25.4,25.4,27,23.6,7.8,44.3
17/3/2014,Admiralty,29.6,25.7,28,23.8,8.2,35.6
18/3/2014,Admiralty,21.2,26.1,30.1,24.5,7.2,38.2
19/3/2014,Admiralty,21.8,25.9,31.2,24.2,6.6,29.9
20/3/2014,Admiralty,2.4,26.5,31.4,25,7,32
21/3/2014,Admiralty,5,27.3,33.1,24.8,6.9,34.6
22/3/2014,Admiralty,0,27,31,24.3,11.4,34.2
23/3/2014,Admiralty,0,27.4,32.2,24.1,12.2,43.6
24/3/2014,Admiralty,0,27.6,32.2,24.7,11.8,36.7
25/3/2014,Admiralty,0,27.9,32.6,25,12.8,43.2
26/3/2014,Admiralty,0,28.2,32.7,25.4,12,35.6
27/3/2014,Admiralty,0,28.6,33.8,25.4,10.3,35.3
28/3/2014,Admiralty,10,28.3,34,25.6,9.6,32.8
29/3/2014,Admiralty,4.6,27.7,32.6,24.8,7.6,45.7
30/3/2014,Admiralty,0,28,32.7,25.6,7.3,31.3
31/3/2014,Admiralty,0,28.5,32.9,25.8,8.9,31.3
1/4/2014,Admiralty,3,28.1,33.1,25.7,6.7,22.7
2/4/2014,Admiralty,0.2,28.3,31.9,25.9,7,22
3/4/2014,Admiralty,0,29,33.8,26.5,8.9,36.4
4/4/2014,Admiralty,0,28,34,25.5,6.4,30.6
5/4/2014,Admiralty,3,26.3,28.1,24.2,7.3,27.4
6/4/2014,Admiralty,2,28,31.8,25.2,8.6,32.4
7/4/2014,Admiralty,0,28.8,34.5,24.9,7.9,22.7
8/4/2014,Admiralty,10.8,27.7,33.8,25,7.4,36.7
9/4/2014,Admiralty,10.4,27.5,34.2,24.4,6.6,34.6
10/4/2014,Admiralty,0.8,27.4,30.9,25.3,6.8,21.2
11/4/2014,Admiralty,44.2,27.3,33.7,22.4,6.9,38.2
12/4/2014,Admiralty,2.4,26.6,30,23.8,6,36
13/4/2014,Admiralty,12.2,28.3,34.5,25.3,5.5,34.6
14/4/2014,Admiralty,60.4,27.6,35.8,23,6.1,47.9
15/4/2014,Admiralty,0,28.4,34.7,24.9,7.3,36
16/4/2014,Admiralty,6.6,28.1,33.6,25.2,5.8,37.1
17/4/2014,Admiralty,13,27.8,32.4,24.8,5.8,29.9
18/4/2014,Admiralty,0.2,27.2,30.1,26.2,5.4,31
19/4/2014,Admiralty,0,28.7,33.7,25.3,6.7,25.6
20/4/2014,Admiralty,11.8,27.6,30.5,24.6,6.7,41.4
21/4/2014,Admiralty,5.8,26.5,29.3,25.4,6,27.4
22/4/2014,Admiralty,0.2,27.3,34.9,24.8,5.7,30.6
23/4/2014,Admiralty,2,27.8,33.5,24.8,5.6,40.7
24/4/2014,Admiralty,9.4,28,33.8,24.6,7.4,40
25/4/2014,Admiralty,49.2,27.8,34.5,24,5.5,34.6
26/4/2014,Admiralty,1.8,27.9,34.9,25.6,5.6,28.8
27/4/2014,Admiralty,0,28,33.2,25.5,6.5,28.8
28/4/2014,Admiralty,0.2,28.5,32.3,25.5,6.9,26.3
29/4/2014,Admiralty,0,28.2,31.6,25.8,7.3,34.9
30/4/2014,Admiralty,11.8,27.8,32.7,25.7,5.4,20.5
1/5/2014,Admiralty,0.2,28,31,24.5,6.6,44.3
2/5/2014,Admiralty,0,29.5,33.2,26.3,5.5,22
3/5/2014,Admiralty,38.6,28.6,34.7,25.5,7.7,37.4
4/5/2014,Admiralty,0,28.9,33.3,26.2,6.8,29.9
5/5/2014,Admiralty,4.4,28.9,33.6,26.6,7,30.2
6/5/2014,Admiralty,0,29.5,33.8,26.5,7.9,28.8
7/5/2014,Admiralty,3.4,28,34.2,25.2,7.2,39.2
8/5/2014,Admiralty,46,27.2,32.7,23,5.6,43.2
9/5/2014,Admiralty,21.8,28.1,32.2,25.8,6.4,37.8
10/5/2014,Admiralty,0,29.6,34.9,26.9,5.8,21.6
11/5/2014,Admiralty,36.4,27.7,33.7,24.2,5.7,31.7
12/5/2014,Admiralty,0.8,27.9,32,25.5,4.7,28.4
13/5/2014,Admiralty,0,28.6,33,25.3,6.6,30.6
14/5/2014,Admiralty,12.2,27.7,30.6,24.5,8.9,38.2
15/5/2014,Admiralty,0,29.3,33.4,26.7,5.5,27
16/5/2014,Admiralty,13,28.3,31.3,23.3,6.1,46.4
17/5/2014,Admiralty,11,28.1,31.4,24.9,6.2,35.3
18/5/2014,Admiralty,4.6,26.6,29,24.5,4.3,38.2
19/5/2014,Admiralty,29.4,27.1,30.2,22.7,6.3,43.9
20/5/2014,Admiralty,5,27.2,33.2,23.6,5.4,27
21/5/2014,Admiralty,11.2,27.6,32.7,25,6.2,37.8
22/5/2014,Admiralty,0,28.8,32.7,25.7,5.6,24.1
23/5/2014,Admiralty,1.8,27,30.6,24.2,6,31
24/5/2014,Admiralty,0,28.4,33.3,24.7,7.4,33.5
25/5/2014,Admiralty,16.6,28.8,33.6,26.3,5.5,28.1
26/5/2014,Admiralty,23,27.4,31.1,25.2,5.7,21.6
27/5/2014,Admiralty,0,27.7,30.7,25.6,7.3,31.3
28/5/2014,Admiralty,10.2,28.5,33,24.6,6,31.3
29/5/2014,Admiralty,1.2,28.7,33,25,5.2,21.6
30/5/2014,Admiralty,10.2,27.7,31.6,26,6.8,31.3
31/5/2014,Admiralty,0,29,32.3,26,6.2,30.6
1/6/2014,Admiralty,23.8,28.3,31.7,25.6,5.6,32
2/6/2014,Admiralty,10.2,28.4,31.2,25.8,4.2,24.8
3/6/2014,Admiralty,0,29.3,31.8,26.7,5,20.5
4/6/2014,Admiralty,4,27.5,29,26.4,5.7,25.9
5/6/2014,Admiralty,7.2,26.6,30,24.4,7.8,36
6/6/2014,Admiralty,41.8,27.1,32,24.1,5.8,46.4
7/6/2014,Admiralty,0.4,28.5,32.3,25.3,6.2,29.9
8/6/2014,Admiralty,0,30.2,34.1,27.3,6.1,25.2
9/6/2014,Admiralty,16.8,29.1,34.5,24,5.5,53.3
10/6/2014,Admiralty,0.4,28.8,34,25.9,6.1,25.9
11/6/2014,Admiralty,0,30,33.7,27.8,5.9,34.2
12/6/2014,Admiralty,5.2,28.7,32.6,23.6,7.3,60.5
13/6/2014,Admiralty,0,30,33.4,27.7,5.9,23.4
14/6/2014,Admiralty,18,27.4,29.4,22.9,5.1,58.7
15/6/2014,Admiralty,0,29.2,32.4,26.3,5.8,26.3
16/6/2014,Admiralty,0,30,33.5,27.9,7,33.8
17/6/2014,Admiralty,0,30.4,33.8,28.2,7.2,22.7
18/6/2014,Admiralty,10.6,28.6,32.9,23.3,8,47.9
19/6/2014,Admiralty,2.6,29.2,33.9,24.8,6.8,40.7
20/6/2014,Admiralty,0,30.4,33.9,28.1,6.7,25.6
21/6/2014,Admiralty,0,30.8,34.3,28.3,6.7,30.6
22/6/2014,Admiralty,0,29.9,33.3,27.3,7.5,28.8
23/6/2014,Admiralty,0,29.7,32.2,27.7,6.7,36.7
24/6/2014,Admiralty,1.2,29.3,33.2,25.3,5.6,24.5
25/6/2014,Admiralty,27.6,28.5,32,22.6,7.9,58.3
26/6/2014,Admiralty,0,29.5,32.8,27.1,6.1,32.8
27/6/2014,Admiralty,0,27.4,29.7,25.3,7.6,37.4
28/6/2014,Admiralty,0,28.9,32.8,26.5,5.4,23
29/6/2014,Admiralty,3.6,28.6,31.5,25.8,5.2,29.2
30/6/2014,Admiralty,22.6,27.2,30.5,23,6.3,38.5
1/7/2014,Admiralty,1.2,28,33.3,25.1,5.4,33.8
2/7/2014,Admiralty,0,28.7,32,25.2,6,27.7
3/7/2014,Admiralty,0.2,28.5,31.6,25.8,5.5,25.2
4/7/2014,Admiralty,0,28.6,30.9,27.4,4.9,33.5
5/7/2014,Admiralty,34.4,27.1,29.9,23.6,6.1,38.9
6/7/2014,Admiralty,0,28.4,31.2,26.2,5,29.5
7/7/2014,Admiralty,53.8,28,32,23.2,7.9,43.6
8/7/2014,Admiralty,18.2,27.7,31,22.9,7.4,41.4
9/7/2014,Admiralty,28.8,27.2,29.2,22.9,6.5,32
10/7/2014,Admiralty,1,28.4,33.1,26.5,6.1,23
11/7/2014,Admiralty,15.8,27.2,31.7,24.8,5.9,33.1
12/7/2014,Admiralty,0,27.1,30.2,24.2,8.3,34.2
13/7/2014,Admiralty,0,29.1,33.4,26.3,6.7,29.5
14/7/2014,Admiralty,0,30,33.9,27.6,6.5,25.6
15/7/2014,Admiralty,0,29.8,32.1,28.3,7.3,24.5
16/7/2014,Admiralty,0,29.2,33.4,26.7,7.1,26.3
17/7/2014,Admiralty,0,27.7,30.3,25.1,6.4,28.4
18/7/2014,Admiralty,0,29.3,32,27.2,6.4,27
19/7/2014,Admiralty,0,29.1,32.3,27.7,6.1,42.8
20/7/2014,Admiralty,0,29.4,33.9,26.3,5.8,28.1
21/7/2014,Admiralty,0,29.5,32.3,27.3,7,27.4
22/7/2014,Admiralty,0,29.5,32.6,27.5,7.8,37.4
23/7/2014,Admiralty,2.4,29.6,32.2,27.4,6.6,40
24/7/2014,Admiralty,0,29.5,32.7,27.4,6.5,26.6
25/7/2014,Admiralty,0,30,33.4,27.5,7.4,28.4
26/7/2014,Admiralty,0,30.2,33.8,27.7,7.7,29.2
27/7/2014,Admiralty,31.2,28.1,31.9,22,6.8,62.6
28/7/2014,Admiralty,0,28.9,32.5,26.4,5.9,31.7
29/7/2014,Admiralty,13.6,27.2,30.3,23.1,6.6,54
30/7/2014,Admiralty,37,27,32.4,24.5,5.7,50.4
31/7/2014,Admiralty,0.2,27.4,29.7,24.8,6.1,30.6
1/8/2014,Admiralty,0.6,28.5,31.8,26.5,6.6,23.4
2/8/2014,Admiralty,6.4,28.7,32.2,24.8,7.2,45
3/8/2014,Admiralty,0,28.7,31.7,25.3,6.7,28.8
4/8/2014,Admiralty,0,29.2,32.3,26.9,6.8,31.7
5/8/2014,Admiralty,1.2,26.5,28.6,23.6,8.1,49
6/8/2014,Admiralty,12,27.3,30.3,23.6,5.1,33.8
7/8/2014,Admiralty,0,27.4,30.9,25.7,6.1,30.6
8/8/2014,Admiralty,0.6,27.8,30.9,25.7,5.4,24.5
9/8/2014,Admiralty,0,28.7,32.2,26.5,9.3,39.2
10/8/2014,Admiralty,13.4,27.3,31.6,24.4,5.8,42.1
11/8/2014,Admiralty,35.6,27.3,31.1,23.5,4.9,38.9
12/8/2014,Admiralty,0,27.2,30.6,24.5,5.4,33.5
13/8/2014,Admiralty,0,26.4,28.9,24.6,5.7,22.7
14/8/2014,Admiralty,2.6,26.8,29.5,25.4,6,31.7
15/8/2014,Admiralty,na,na,na,na,na,na
16/8/2014,Admiralty,na,na,na,na,na,na
17/8/2014,Admiralty,na,na,na,na,na,na
18/8/2014,Admiralty,na,na,na,na,na,na
19/8/2014,Admiralty,na,na,na,na,na,na
20/8/2014,Admiralty,na,na,na,na,na,na
21/8/2014,Admiralty,na,na,na,na,na,na
22/8/2014,Admiralty,na,na,na,na,na,na
23/8/2014,Admiralty,na,na,na,na,na,na
24/8/2014,Admiralty,na,na,na,na,na,na
25/8/2014,Admiralty,na,na,na,na,na,na
26/8/2014,Admiralty,na,na,na,na,na,na
27/8/2014,Admiralty,na,na,na,na,na,na
28/8/2014,Admiralty,na,na,na,na,na,na
29/8/2014,Admiralty,na,na,na,na,na,na
30/8/2014,Admiralty,na,na,na,na,na,na
31/8/2014,Admiralty,na,na,na,na,na,na
1/10/2014,Admiralty,na,na,na,na,na,na
2/10/2014,Admiralty,na,na,na,na,na,na
3/10/2014,Admiralty,na,na,na,na,na,na
4/10/2014,Admiralty,na,na,na,na,na,na
5/10/2014,Admiralty,na,na,na,na,na,na
6/10/2014,Admiralty,na,na,na,na,na,na
7/10/2014,Admiralty,na,na,na,na,na,na
8/10/2014,Admiralty,na,na,na,na,na,na
9/10/2014,Admiralty,na,na,na,na,na,na
10/10/2014,Admiralty,na,na,na,na,na,na
11/10/2014,Admiralty,na,na,na,na,na,na
12/10/2014,Admiralty,na,na,na,na,na,na
13/10/2014,Admiralty,na,na,na,na,na,na
14/10/2014,Admiralty,na,na,na,na,na,na
15/10/2014,Admiralty,na,na,na,na,na,na
16/10/2014,Admiralty,1.4,na,32.5,26.2,7.2,27.7
17/10/2014,Admiralty,41.8,27.5,32.6,24.1,6.4,38.5
18/10/2014,Admiralty,0.2,26.8,31.6,25.2,6.9,42.1
19/10/2014,Admiralty,1.6,28.1,33.6,24.4,5.3,24.8
20/10/2014,Admiralty,0,28.3,33,25.4,5.7,26.6
21/10/2014,Admiralty,na,na,na,na,na,na
22/10/2014,Admiralty,0,26.1,28.3,24.6,3.7,15.8
23/10/2014,Admiralty,0,28.1,32.4,25.2,6.7,26.3
24/10/2014,Admiralty,0,29.3,34.3,25.4,6,25.6
25/10/2014,Admiralty,0,29.4,34.2,26,7.2,28.1
26/10/2014,Admiralty,0,29,33.3,26.9,8.7,38.9
27/10/2014,Admiralty,0,27.1,31.7,24.3,6.9,49
28/10/2014,Admiralty,0,27.7,32.8,25,5.8,36
29/10/2014,Admiralty,0,29,34.2,25.6,7.7,31.3
30/10/2014,Admiralty,0,28,33.4,25.7,6.3,25.2
31/10/2014,Admiralty,0,27.3,33.9,24,5.7,37.4
1/11/2014,Admiralty,0,28.1,31.9,25.6,7.3,23.4
2/11/2014,Admiralty,0,29.2,33.2,26,5.6,23.8
3/11/2014,Admiralty,0,29.8,33.6,25.9,5.3,24.8
4/11/2014,Admiralty,0,29.7,33.8,26.5,8.2,29.2
5/11/2014,Admiralty,0,27.6,34.5,23.6,6.9,30.2
6/11/2014,Admiralty,0,26.1,31.4,23.4,8.1,50
7/11/2014,Admiralty,0,26.6,31.6,24.2,7.8,37.8
8/11/2014,Admiralty,0,27.1,31.6,24,7.4,28.4
9/11/2014,Admiralty,0,27.5,31.4,23.8,6.2,39.2
10/11/2014,Admiralty,0,27.3,30.7,25.5,6.5,31.7
11/11/2014,Admiralty,6.5,26.3,31.2,24.6,5.6,24.1
12/11/2014,Admiralty,31.8,26.6,33.2,23.4,4.6,41.4
13/11/2014,Admiralty,58.2,27,33.7,23,6.5,79.9
14/11/2014,Admiralty,0.4,27,31.1,24.5,8.9,34.6
15/11/2014,Admiralty,26.6,26.9,33,24.4,6.2,33.1
16/11/2014,Admiralty,1.2,26.2,30.8,25,5.6,31
17/11/2014,Admiralty,17.8,26.1,31.7,24.8,7.5,44.3
18/11/2014,Admiralty,3,25.6,27.1,24.8,5.9,17.3
19/11/2014,Admiralty,0,27.3,32.9,24.9,8.2,36
20/11/2014,Admiralty,10.8,26.9,31.6,25.2,7.7,28.4
21/11/2014,Admiralty,1,27.2,32.5,25.3,6.1,33.8
22/11/2014,Admiralty,6.4,27.5,33.5,25.5,5.4,36.7
23/11/2014,Admiralty,2.6,27,33,25.6,5.5,36
24/11/2014,Admiralty,1,27.6,32.6,24.9,6.6,36.4
25/11/2014,Admiralty,29.6,27.4,32.5,24.2,6.4,42.5
26/11/2014,Admiralty,33.2,27.1,33.1,24.2,7.8,71.3
27/11/2014,Admiralty,0,27.5,31.2,25.2,7.9,31
28/11/2014,Admiralty,0,27.9,31.5,26,7.4,29.9
29/11/2014,Admiralty,5.8,25.8,31.3,24.6,6.5,37.4
30/11/2014,Admiralty,0,27.6,31.2,24.6,5.6,22.3
1/12/2014,Admiralty,7.2,26.3,28.7,23.6,5.9,26.3
2/12/2014,Admiralty,0,27.7,31.7,25.3,6.1,26.6
3/12/2014,Admiralty,0,28.6,32.1,25.4,8,28.8
4/12/2014,Admiralty,45.2,25.8,27.9,23.4,6.8,48.6
5/12/2014,Admiralty,0,28.4,34.5,24.7,7,24.5
6/12/2014,Admiralty,9.6,26.8,29.5,23.6,8.5,53.3
7/12/2014,Admiralty,2,26.8,33.3,24.5,7.7,38.2
8/12/2014,Admiralty,0.2,27,30.1,24.9,8.4,28.8
9/12/2014,Admiralty,0,27.6,31.3,24.9,10.9,37.8
10/12/2014,Admiralty,0,27.8,32.2,25.5,11.4,33.8
11/12/2014,Admiralty,33.6,27,31.4,23.9,9.5,41.4
12/12/2014,Admiralty,0,28,31.7,25.3,11.6,38.5
13/12/2014,Admiralty,11.8,27.2,30.5,24,9.6,37.8
14/12/2014,Admiralty,0,28.1,32,25.4,8.9,29.9
15/12/2014,Admiralty,0.2,27.5,31,25.2,10,29.5
16/12/2014,Admiralty,1.8,26.5,29.1,24.8,7.3,20.2
17/12/2014,Admiralty,27,26.1,30.8,23.6,5.9,32
18/12/2014,Admiralty,10.8,27.2,32.1,24,10.1,38.9
19/12/2014,Admiralty,28.2,25.2,25.8,24.5,7.8,24.8
20/12/2014,Admiralty,0,26.8,32.9,24.9,7.9,41
21/12/2014,Admiralty,0,26.9,31.2,25.2,8.5,38.9
22/12/2014,Admiralty,0,26.7,30.8,24.4,7.3,24.1
23/12/2014,Admiralty,0,26.1,28.3,24.7,8.6,29.9
24/12/2014,Admiralty,0.4,26.6,32.4,24.8,7.6,27.4
25/12/2014,Admiralty,0,27.2,31.9,25.6,5,24.1
26/12/2014,Admiralty,25,25.2,28.1,23.7,7.4,31.3
27/12/2014,Admiralty,19.4,25.8,31,23.8,7.2,29.2
28/12/2014,Admiralty,1.8,26,29.7,24.3,10.5,35.6
29/12/2014,Admiralty,1,25.2,28.2,24.1,13.3,50
30/12/2014,Admiralty,0,24.8,26,23.9,12.1,45.7
31/12/2014,Admiralty,0,25.9,28.1,24.4,11.2,36.7
1/1/2015,Admiralty,0,25.8,27.2,24.7,11.5,32.8
2/1/2015,Admiralty,0,26.6,29.5,24.7,13.9,38.2
3/1/2015,Admiralty,0,26.8,30.3,24.2,13.2,36.4
4/1/2015,Admiralty,0,27.1,31.1,24.6,12.1,34.2
5/1/2015,Admiralty,0,27.5,31.8,24.5,9.9,30.2
6/1/2015,Admiralty,41.8,26.7,32.2,24.3,8.8,36.7
7/1/2015,Admiralty,7.8,26,30.7,24.8,8.1,27.4
8/1/2015,Admiralty,6.4,25.8,30,24.3,8,33.8
9/1/2015,Admiralty,0.6,24.6,26.2,23.7,9.9,29.9
10/1/2015,Admiralty,1.6,25.9,32.8,23.5,9.9,27.4
11/1/2015,Admiralty,0.4,26.5,29.8,24.6,11.2,35.6
12/1/2015,Admiralty,0,27.3,30.6,25.3,16.4,41.8
13/1/2015,Admiralty,0,27.1,31.2,24.6,15.9,41.4
14/1/2015,Admiralty,0,27,30.9,24.6,16,44.6
15/1/2015,Admiralty,0,27,31,24.7,15.5,42.5
16/1/2015,Admiralty,0,26.4,30.4,23.6,13.8,39.2
17/1/2015,Admiralty,0,26.5,30.9,23.5,14.1,37.1
18/1/2015,Admiralty,0,26.4,30.1,24,15,42.5
19/1/2015,Admiralty,0,26.3,30.5,23.7,14.6,38.9
20/1/2015,Admiralty,0,26.2,29.9,23.6,14.4,41
21/1/2015,Admiralty,16,26.1,30.2,24.2,12.8,40.3
22/1/2015,Admiralty,0,26.4,29.3,24.3,14.5,40.7
23/1/2015,Admiralty,0,26.1,29.4,23.7,14.7,44.3
24/1/2015,Admiralty,0,26.2,29.9,24.4,12.7,37.1
25/1/2015,Admiralty,0,26.2,29.8,24,12.9,36.4
26/1/2015,Admiralty,0,26.5,30.5,24.2,13.5,37.4
27/1/2015,Admiralty,0,26.8,30.8,23.9,13.2,34.6
28/1/2015,Admiralty,1.8,26.5,31.8,23.5,10.6,32.4
29/1/2015,Admiralty,0,26.2,28.9,24.5,13.1,31.7
30/1/2015,Admiralty,0,26.5,30.1,24.5,12.9,39.6
31/1/2015,Admiralty,0,26.9,31.3,24.6,15.7,43.6
1/2/2015,Admiralty,0,26.2,30.4,23.4,13.9,48.6
2/2/2015,Admiralty,0,25.9,28.4,23.9,10.9,41.8
3/2/2015,Admiralty,0,25.8,28.8,24,12.3,34.9
4/2/2015,Admiralty,7,25.1,27.1,23.1,11.5,34.2
5/2/2015,Admiralty,0,26.3,29.8,24.5,16.5,50.4
6/2/2015,Admiralty,14,25.7,29.3,23.6,14.8,48.6
7/2/2015,Admiralty,0,26,29.3,24,15.5,48.6
8/2/2015,Admiralty,0,25.9,29.4,23.5,15.9,42.1
9/2/2015,Admiralty,0,26.2,29.7,24.3,17.2,50.8
10/2/2015,Admiralty,0,na,na,na,na,na
11/2/2015,Admiralty,0,na,na,na,na,na
12/2/2015,Admiralty,0,na,na,na,na,na
13/2/2015,Admiralty,0,na,na,na,13.7,na
14/2/2015,Admiralty,0,26.1,30.2,23.3,14,37.8
15/2/2015,Admiralty,0,26.7,32.2,23.5,12.9,33.8
16/2/2015,Admiralty,0,27.1,32,23.9,14.7,39.2
17/2/2015,Admiralty,0,27,31.3,24.5,15.6,38.9
18/2/2015,Admiralty,0,27.2,31.8,23.9,12.5,40.3
19/2/2015,Admiralty,1.4,26.4,31.7,23.4,13.3,42.5
20/2/2015,Admiralty,0,27,31.6,24.5,14.7,37.1
21/2/2015,Admiralty,0,26.8,31.4,24.1,13.6,34.2
22/2/2015,Admiralty,0,26.7,31.1,24,13.5,37.4
23/2/2015,Admiralty,42.6,26.8,34.1,23.6,10.4,38.9
24/2/2015,Admiralty,0.2,26.9,29.6,24.7,12.9,35.3
25/2/2015,Admiralty,0,27.3,32.7,24.7,11.7,38.2
26/2/2015,Admiralty,0,27,30.8,24.6,12.3,33.1
27/2/2015,Admiralty,0,27.4,32.3,24.4,14.5,40.3
28/2/2015,Admiralty,0,27.8,32.8,24.7,14.4,38.5
1/3/2015,Admiralty,0,28,32.8,25,12.6,38.9
2/3/2015,Admiralty,0,27.5,32.3,24.8,10.7,41.4
3/3/2015,Admiralty,0,27.8,32.1,25.3,10.7,36.4
4/3/2015,Admiralty,0.2,27.5,33.5,25.5,10.2,34.2
5/3/2015,Admiralty,0,27.6,33.2,24.6,10.6,34.6
6/3/2015,Admiralty,0,27.7,32.5,24.4,9.4,29.9
7/3/2015,Admiralty,0,28,32.4,25,13,36
8/3/2015,Admiralty,0,27.8,33.5,25.3,8.8,36.4
9/3/2015,Admiralty,3.2,27.1,31.3,25.1,11.5,43.6
10/3/2015,Admiralty,0,27.5,31.9,24.4,11.6,46.1
11/3/2015,Admiralty,8.4,25.4,26.9,24.3,10.1,34.6
12/3/2015,Admiralty,0,27.1,30.9,24.9,10.8,36.4
13/3/2015,Admiralty,0,27.2,32.2,24.4,12.2,33.8
14/3/2015,Admiralty,0,27.4,32.9,24.4,10.9,30.6
15/3/2015,Admiralty,0,27.4,31,24.9,11.6,31
16/3/2015,Admiralty,1.6,27.3,33.9,25.6,8.5,31
17/3/2015,Admiralty,2.6,28,33.3,25.5,11,27.4
18/3/2015,Admiralty,0,28.3,34.5,25.9,11.7,35.6
19/3/2015,Admiralty,26.6,28,33.9,26.2,10.7,33.8
20/3/2015,Admiralty,0.2,28.3,33.1,24.7,8.5,38.2
21/3/2015,Admiralty,16.4,27.9,35,24.9,8.6,45.4
22/3/2015,Admiralty,37.4,26.9,32.6,23.1,8.3,57.6
23/3/2015,Admiralty,0,28,33.9,25.2,11.1,33.5
24/3/2015,Admiralty,0,27.9,31,25.9,12.8,35.6
25/3/2015,Admiralty,0,28.4,32.7,26.1,15.8,45.7
26/3/2015,Admiralty,0,28.4,31.9,26.1,15.7,46.4
27/3/2015,Admiralty,0,28.4,32.2,26,14.7,42.1
28/3/2015,Admiralty,3,27.6,30.2,26.2,11.7,42.8
29/3/2015,Admiralty,4.8,26.7,29.6,25,8.8,42.8
30/3/2015,Admiralty,0,28.2,32.5,25.6,11.8,36
31/3/2015,Admiralty,34.2,27.3,32.9,24.8,7.4,38.5
1/5/2015,Admiralty,0.2,27.6,31.7,25.5,5.1,28.1
2/5/2015,Admiralty,7.6,27.7,29.8,25.2,6.6,32.8
3/5/2015,Admiralty,87.2,26.8,29.5,23.6,5.7,38.9
4/5/2015,Admiralty,0,27.4,32.6,25.1,5.2,34.2
5/5/2015,Admiralty,0,28.5,33.5,25.1,5.8,24.5
6/5/2015,Admiralty,0,28.8,33.8,26.5,6.3,25.6
7/5/2015,Admiralty,8,28.3,31.6,26.5,6.3,30.2
8/5/2015,Admiralty,4.4,28.3,31.4,26.5,6.1,34.2
9/5/2015,Admiralty,0,29.2,33.1,26.2,6.5,30.2
10/5/2015,Admiralty,0,29.2,33.8,27.4,6.9,26.6
11/5/2015,Admiralty,0,29.9,33.4,27.3,9.3,27
12/5/2015,Admiralty,18,28.9,32.1,25.3,7,36
13/5/2015,Admiralty,8.8,28,31.1,26,5.9,33.8
14/5/2015,Admiralty,1.2,28.2,33.5,25.2,6.7,36
15/5/2015,Admiralty,0.4,27,29.7,26,4.3,27
16/5/2015,Admiralty,13.6,28,31.9,25.8,4.8,28.8
17/5/2015,Admiralty,8,28.5,33.9,25.8,6.2,34.9
18/5/2015,Admiralty,33,27.9,31.7,25.2,4.7,33.8
19/5/2015,Admiralty,2.2,28.6,34,26.2,5.5,29.2
20/5/2015,Admiralty,38,27.5,31.7,25.4,6,37.1
21/5/2015,Admiralty,0.4,28.9,33.3,25.7,6.3,26.3
22/5/2015,Admiralty,0.8,28.8,32.7,27.1,5.6,30.6
23/5/2015,Admiralty,5,26.8,28.3,25.2,6.1,30.6
24/5/2015,Admiralty,0,28.9,33.4,26.3,5.8,23.4
25/5/2015,Admiralty,18.4,27.9,31.7,25.9,5,23
26/5/2015,Admiralty,5.8,27.8,32.9,24.9,6.6,28.8
27/5/2015,Admiralty,0,28.2,32.6,24.9,6,30.2
28/5/2015,Admiralty,0,28.9,32.4,26.1,5.5,20.9
29/5/2015,Admiralty,0.4,29.8,33.4,27,6.8,31
30/5/2015,Admiralty,0,30,34.3,27.2,8.8,34.9
31/5/2015,Admiralty,0,29.1,33.1,26.1,5.5,32.8
1/6/2015,Admiralty,0,28.9,34.2,26,5.6,22.3
2/6/2015,Admiralty,5.2,28.6,35.1,25.4,8.2,36.7
3/6/2015,Admiralty,0,28.8,33.1,25,6.4,21.6
4/6/2015,Admiralty,0.6,28.8,33.5,26.4,6.6,24.5
5/6/2015,Admiralty,0,28.4,34.8,25.8,4.8,28.4
6/6/2015,Admiralty,6.6,27.5,32.3,25.1,5.2,37.8
7/6/2015,Admiralty,2.8,27.7,30.8,25.7,4.3,19.1
8/6/2015,Admiralty,0,28.3,31,26.1,5.3,28.4
9/6/2015,Admiralty,0,27.5,29.8,25.8,8.3,31.7
10/6/2015,Admiralty,0.2,29,32.4,26.8,6,23.4
11/6/2015,Admiralty,5.4,27.9,32.6,25.3,5.5,40
12/6/2015,Admiralty,11.8,26.4,28.7,24.4,5.1,47.2
13/6/2015,Admiralty,0,28,31.7,25.8,6.2,20.5
14/6/2015,Admiralty,10.4,26.3,28.1,24.2,8.2,42.8
15/6/2015,Admiralty,0,27.9,31.1,25.7,4.7,28.4
16/6/2015,Admiralty,13.4,26.9,29.7,23.4,4.9,40
17/6/2015,Admiralty,5.6,27.5,30.7,25.2,5.2,32
18/6/2015,Admiralty,0,29.2,32.9,26.6,6.2,22.7
19/6/2015,Admiralty,0,29.2,32,27.1,6.9,28.4
20/6/2015,Admiralty,0,29.7,33.2,27.3,6.9,27
21/6/2015,Admiralty,0,30,33.8,27.9,6.9,27.4
22/6/2015,Admiralty,0,30.1,33.5,27.7,7,25.2
23/6/2015,Admiralty,0,29.9,33.3,27.9,7.4,30.2
24/6/2015,Admiralty,0,29.8,32.9,27.6,7.6,32.4
25/6/2015,Admiralty,0,29.7,32.6,27.6,7.4,26.3
26/6/2015,Admiralty,0,29.7,33.1,27.6,8.1,26.3
27/6/2015,Admiralty,0,29.9,33.4,27.3,7.5,25.2
28/6/2015,Admiralty,0,29.9,33.2,27.8,7.7,29.5
29/6/2015,Admiralty,0,30,33.8,27.2,6.3,25.9
30/6/2015,Admiralty,0,30.1,34,26.8,6.4,23.8
1/7/2015,Admiralty,0.2,28.2,30,24.1,6,43.2
2/7/2015,Admiralty,4,28.9,32.2,26.7,5.8,31
3/7/2015,Admiralty,0,29.2,32.4,27.1,7.3,28.1
4/7/2015,Admiralty,16.2,27.4,29.1,23.5,6.9,54
5/7/2015,Admiralty,0,29.4,33.6,26.7,7,28.4
6/7/2015,Admiralty,0,29.3,32.2,27.3,7.4,28.1
7/7/2015,Admiralty,0,29.3,31.9,27.5,7.2,25.6
8/7/2015,Admiralty,4.4,28.5,32.3,23.8,6.2,58
9/7/2015,Admiralty,0,29.2,32.4,26.6,7.2,40.3
10/7/2015,Admiralty,0.6,28.9,31.2,25.5,7.1,37.4
11/7/2015,Admiralty,0.2,29.3,32.8,26.5,6.4,31.3
12/7/2015,Admiralty,0,29.4,33.2,27.3,7.5,26.3
13/7/2015,Admiralty,0,29.2,31.5,27.8,7.7,27
14/7/2015,Admiralty,27.6,28.2,32.1,22.8,7.9,55.1
15/7/2015,Admiralty,0,29.2,32.5,27.3,5.9,21.2
16/7/2015,Admiralty,0.2,28.9,32.6,27.2,6.9,36.4
17/7/2015,Admiralty,16.4,28.2,31.7,24.8,7.2,45.7
18/7/2015,Admiralty,6.4,29.3,32.8,26.7,8.5,34.2
19/7/2015,Admiralty,0,29.6,32.8,27.4,6.8,29.9
20/7/2015,Admiralty,0,29.5,33.2,27.3,7.5,36
21/7/2015,Admiralty,4,29,33.9,26.3,7.7,32
22/7/2015,Admiralty,0,29.5,33.7,26.2,10.3,32.8
23/7/2015,Admiralty,0,29,32.8,27.6,9.6,31
24/7/2015,Admiralty,0.4,28.5,33.5,25.3,8,43.9
25/7/2015,Admiralty,0,29.6,34.1,25.7,7.1,28.8
26/7/2015,Admiralty,13.4,28.3,32,24.8,6.8,52.9
27/7/2015,Admiralty,0,28.4,31.8,25.2,7,37.8
28/7/2015,Admiralty,40.4,28,31.3,24,8.7,37.8
29/7/2015,Admiralty,0,29,32.6,26.9,10.4,33.5
30/7/2015,Admiralty,2.6,28,32.8,25.8,5.3,31.3
31/7/2015,Admiralty,39.2,26.5,32.1,23.2,5.5,39.6
1/8/2015,Admiralty,1.6,26.7,30.3,23.5,7.5,26.3
2/8/2015,Admiralty,0,28.9,33.1,25.6,6.3,29.5
3/8/2015,Admiralty,6.2,26.3,28.5,23.9,6.4,35.6
4/8/2015,Admiralty,10.8,27.1,30.8,24.1,5.5,26.3
5/8/2015,Admiralty,0,28.4,32,26.6,6.2,25.6
6/8/2015,Admiralty,15,26.9,30.3,24.4,5.9,42.5
7/8/2015,Admiralty,7,27,30,24.2,5.1,37.8
8/8/2015,Admiralty,0.2,28,31.3,25.1,5.7,23.8
9/8/2015,Admiralty,10.4,27.3,30.8,23.2,7.3,63.4
10/8/2015,Admiralty,0,28.9,31.9,26.6,8.6,34.2
11/8/2015,Admiralty,12.4,27.9,31.8,26.1,6.4,43.9
12/8/2015,Admiralty,0.8,26.6,27.9,25.1,6.4,26.6
13/8/2015,Admiralty,0,28.4,32.7,25.9,8,37.1
14/8/2015,Admiralty,0,29,32.4,26.6,7.7,31.7
15/8/2015,Admiralty,0,29.1,32.8,27.2,9.7,33.8
16/8/2015,Admiralty,0,28.8,32.3,27.3,8.4,44.3
17/8/2015,Admiralty,0.8,28.7,31.6,26.5,7,42.5
18/8/2015,Admiralty,0,29.2,32.9,26.8,7.8,29.5
19/8/2015,Admiralty,0,29.3,32.8,26.8,6.7,28.4
20/8/2015,Admiralty,0,29.4,32.4,27.2,6,32.8
21/8/2015,Admiralty,16.8,28.2,31.4,24.9,6.9,29.2
22/8/2015,Admiralty,0,28.9,32.4,26.6,6.4,33.5
23/8/2015,Admiralty,0,29,32.6,27.2,10,33.1
24/8/2015,Admiralty,0,28.9,31.6,27.4,7.7,27.7
25/8/2015,Admiralty,1,27.7,31.2,25.7,6.4,36.7
26/8/2015,Admiralty,0,28.3,32.2,25.9,6.4,26.6
27/8/2015,Admiralty,0,28.6,32.6,25.4,9.6,29.9
28/8/2015,Admiralty,0,29,32.8,26.2,10.2,32.8
29/8/2015,Admiralty,0,29.7,33.4,27.8,10.1,32.8
30/8/2015,Admiralty,0,29.4,32.6,27.1,7.9,32.4
31/8/2015,Admiralty,0,29.3,32.9,27.2,10,37.8
1/9/2015,Admiralty,0,29.3,33,26.8,7,28.4
2/9/2015,Admiralty,0,29.2,33.2,26.9,8.9,32.4
3/9/2015,Admiralty,2.4,28.9,32.3,27.3,10.1,37.1
4/9/2015,Admiralty,5,28.3,31.5,25.9,6.6,38.9
5/9/2015,Admiralty,0,28.9,33.9,25.3,5.8,26.3
6/9/2015,Admiralty,0,29.4,33,26.8,6.1,25.6
7/9/2015,Admiralty,0,29,32.6,26.2,6.2,24.8
8/9/2015,Admiralty,0,28.9,32.3,26.8,6.7,29.5
9/9/2015,Admiralty,41,26.2,30,22.8,6.2,52.6
10/9/2015,Admiralty,0,27.3,30.6,24,5.2,24.8
11/9/2015,Admiralty,0,28.8,33.1,25.2,7.4,27.4
12/9/2015,Admiralty,0,28.8,32,26.6,6.5,28.1
13/9/2015,Admiralty,0,29.2,32.8,26.9,5.8,21.6
14/9/2015,Admiralty,0,28.7,31.6,27.2,6.5,24.8
15/9/2015,Admiralty,5.6,26.4,29.5,24.4,5.7,45
16/9/2015,Admiralty,4.8,27.1,30.3,24.7,6.1,34.6
17/9/2015,Admiralty,0,28.8,32.1,26.7,5.8,26.6
18/9/2015,Admiralty,0,28.9,32,27.3,11.5,29.9
19/9/2015,Admiralty,0,28.9,32.5,27.1,11.9,35.6
20/9/2015,Admiralty,13,28.6,33.3,26.2,6.6,29.9
21/9/2015,Admiralty,72.2,27.9,33,23.1,5.6,40
22/9/2015,Admiralty,0,28.2,32.3,25,6.5,31
23/9/2015,Admiralty,0,28.3,30.9,26.3,7.8,29.2
24/9/2015,Admiralty,0,28.3,32.2,25.7,6,25.2
25/9/2015,Admiralty,0,28.9,32.5,26.4,5.7,25.6
26/9/2015,Admiralty,0,29,33.4,25.5,7,27.4
27/9/2015,Admiralty,0,29.2,33.3,26.3,5.2,22.7
28/9/2015,Admiralty,3.6,27.6,30.7,24.3,6.1,36
29/9/2015,Admiralty,0,28.2,31.7,24.9,5.7,26.3
30/9/2015,Admiralty,9.8,27.8,32.3,24,6.5,42.1
1/10/2015,Admiralty,0,28.3,33,25.5,6.3,29.5
2/10/2015,Admiralty,14.2,27.3,32.3,23.7,7.1,37.1
3/10/2015,Admiralty,0,28.4,31.7,25.5,5.6,21.6
4/10/2015,Admiralty,0,29,32.3,26.6,6.6,29.2
5/10/2015,Admiralty,0,28,31.3,26.2,5.3,32
6/10/2015,Admiralty,0,27.7,32.5,25.6,6.7,23.8
7/10/2015,Admiralty,13.4,27.6,32.3,24.9,5.7,34.6
8/10/2015,Admiralty,0.2,27.7,33.5,25.3,5.2,31.3
9/10/2015,Admiralty,0,29,33.8,24.8,5.4,22.3
10/10/2015,Admiralty,0,29.3,33.6,25.7,5.5,24.1
11/10/2015,Admiralty,0,29.7,33.9,27,8.4,24.5
12/10/2015,Admiralty,0,29.4,34.2,26.9,6.9,31
13/10/2015,Admiralty,0,28.9,34,25.8,7.8,38.5
14/10/2015,Admiralty,0,28.7,33.1,26.5,7.4,36.4
15/10/2015,Admiralty,0,29.2,33.7,25.9,7.1,23.8
16/10/2015,Admiralty,0,29.1,33.2,25.9,7.1,23.4
17/10/2015,Admiralty,0,29.5,33.6,26.6,6.4,24.5
18/10/2015,Admiralty,0,29.4,32.7,26.4,5.7,22
19/10/2015,Admiralty,0,29.7,33.4,26.4,5.8,25.6
20/10/2015,Admiralty,0,29.4,33.3,26.1,6.3,27
21/10/2015,Admiralty,0,29.3,33,25.4,8.7,33.1
22/10/2015,Admiralty,0,29.6,33.5,27.2,6.8,24.1
23/10/2015,Admiralty,0,29.7,33.9,27.7,8.7,27
24/10/2015,Admiralty,9.8,28.7,31.7,25.4,8.4,38.2
25/10/2015,Admiralty,0,28.2,31.5,26.2,5.8,25.6
26/10/2015,Admiralty,0,28.9,34,26.7,7.7,23.8
27/10/2015,Admiralty,0,28.4,33.1,25.6,6.1,28.4
28/10/2015,Admiralty,17,26.5,30.8,22.2,8.8,55.8
29/10/2015,Admiralty,0,28.3,32.6,24.6,10,32.8
30/10/2015,Admiralty,30.8,27.3,33.9,23.5,6,27.7
31/10/2015,Admiralty,0.2,26.9,31.6,25.2,6.2,23
1/11/2015,Admiralty,13.8,26.9,33.6,24.5,5.4,38.9
2/11/2015,Admiralty,18.8,26.5,32.8,23.8,7.3,25.6
3/11/2015,Admiralty,6.4,27.4,34.1,24.7,6.6,45.4
4/11/2015,Admiralty,0,27.4,32.4,25,6.3,26.3
5/11/2015,Admiralty,0,28.4,32.6,25.3,6.4,23.8
6/11/2015,Admiralty,0,28.5,32.5,26.5,7.2,26.6
7/11/2015,Admiralty,33.8,27.3,32.6,23.2,6.8,48.6
8/11/2015,Admiralty,5.8,26.8,31.6,24.7,4.6,21.6
9/11/2015,Admiralty,0.4,27.8,31.7,24.5,6,21.6
10/11/2015,Admiralty,0.4,27.7,33.9,25.7,6.3,27
11/11/2015,Admiralty,27.4,26.5,33.1,24.3,6,47.2
12/11/2015,Admiralty,19.6,27,32.2,24.9,6.8,39.6
13/11/2015,Admiralty,0.2,27.1,30.2,25.1,5.7,26.3
14/11/2015,Admiralty,0,28.5,33.1,25.4,8.6,33.8
15/11/2015,Admiralty,6.2,27.3,30.3,24.4,5.9,37.4
16/11/2015,Admiralty,38.8,25.6,30.1,23.1,6.4,35.3
17/11/2015,Admiralty,16.4,26.8,32,23.2,6.8,27.4
18/11/2015,Admiralty,0,28.1,32.3,25.2,9.6,31.3
19/11/2015,Admiralty,1.2,28,32.8,24.9,6.4,45
20/11/2015,Admiralty,12.6,26.6,31.3,24.8,5.6,40
21/11/2015,Admiralty,38.8,26.6,32.3,23.9,5.4,31
22/11/2015,Admiralty,0,27.8,31.2,25.1,5.9,27
23/11/2015,Admiralty,0.2,28.2,34,25.6,6.7,26.6
24/11/2015,Admiralty,44.4,26.2,29.7,24,5.2,35.3
25/11/2015,Admiralty,0.8,26.9,32.4,24.7,5.7,32.8
26/11/2015,Admiralty,11.8,26.3,30.7,24.4,9.3,32.8
27/11/2015,Admiralty,8.4,26.8,30.5,24.5,6.8,20.2
28/11/2015,Admiralty,1.8,28,34.2,25.2,7,34.2
29/11/2015,Admiralty,1,28,32.9,24.9,7.5,30.2
30/11/2015,Admiralty,42.2,27,31.4,24.3,6.9,29.5
1/12/2015,Admiralty,27.2,26,31.1,23.4,7.6,50
2/12/2015,Admiralty,0,26.9,31.9,25.1,6.8,32
3/12/2015,Admiralty,0,28.2,32.6,25.3,8.7,33.1
4/12/2015,Admiralty,15,28,32.9,25.6,6.6,36.4
5/12/2015,Admiralty,48.2,27,32.8,23.8,6.8,34.9
6/12/2015,Admiralty,2.6,27.1,31.8,25.3,7.4,40.7
7/12/2015,Admiralty,0,28.1,31.9,25,11.7,37.1
8/12/2015,Admiralty,16.8,27.4,32.4,24.5,5.7,55.4
9/12/2015,Admiralty,2.4,27.7,32.4,24.6,7.4,27
10/12/2015,Admiralty,22.6,27.3,33.7,24.1,7.1,34.2
11/12/2015,Admiralty,5.2,27,30.7,24.7,5,32.4
12/12/2015,Admiralty,42.6,26.4,32.1,24.6,6.1,40.7
13/12/2015,Admiralty,14.2,25.3,29.1,23.7,6.8,23.8
14/12/2015,Admiralty,15.8,26.7,31.3,23.8,5.3,33.5
15/12/2015,Admiralty,0,27.1,29.4,25.4,7.4,24.8
16/12/2015,Admiralty,1,27.3,29.7,23.8,8.4,51.5
17/12/2015,Admiralty,0,27.2,29.6,25.7,11.1,47.5
18/12/2015,Admiralty,3.4,27.1,29.7,23.8,11.8,56.5
19/12/2015,Admiralty,0,28,32,25,11.9,36.7
20/12/2015,Admiralty,0,28.2,31.9,24.9,8.4,33.1
21/12/2015,Admiralty,0.2,28.6,33.5,25.8,7.4,29.2
22/12/2015,Admiralty,0,28.9,33.4,26.1,8.1,32
23/12/2015,Admiralty,9.4,28.1,32.4,23.3,8.3,37.8
24/12/2015,Admiralty,13,26.4,28.1,24.3,7.6,29.9
25/12/2015,Admiralty,6,27.4,31,24.8,11.4,51.1
26/12/2015,Admiralty,0,28,31.9,25.7,12.5,43.9
27/12/2015,Admiralty,0,28,31.3,25.2,11,34.6
28/12/2015,Admiralty,2.8,28,32,25.7,10.3,39.2
29/12/2015,Admiralty,21.2,25.7,28.3,23.7,11.7,43.6
30/12/2015,Admiralty,0,27.7,31.6,25.2,14.9,44.6
31/12/2015,Admiralty,0.8,26.7,30.1,25.2,11.4,42.5
1/1/2016,Admiralty,10.4,26.6,28.5,24.5,10.1,41.8
2/1/2016,Admiralty,13,25.7,27.9,23.1,7.9,49.3
3/1/2016,Admiralty,0.2,25.8,26.7,25.3,7.9,28.4
4/1/2016,Admiralty,0.4,27.6,31.1,25.2,11.2,34.2
5/1/2016,Admiralty,0,28.3,31.9,25.8,12.6,34.6
6/1/2016,Admiralty,0.4,28.2,31.7,26.2,12.6,37.4
7/1/2016,Admiralty,0,28.2,32.4,25.7,14,37.4
8/1/2016,Admiralty,0,28.1,31.9,25.6,13,43.9
9/1/2016,Admiralty,0,28.2,32.3,25.7,12.6,39.2
10/1/2016,Admiralty,0,28.4,32.7,26.1,11.2,36.4
11/1/2016,Admiralty,33.8,28,32.2,24.4,8.6,29.2
12/1/2016,Admiralty,0,28.5,32.1,26,12.6,35.3
13/1/2016,Admiralty,0,28.4,32.5,26.3,12.2,36.4
14/1/2016,Admiralty,1.6,28.3,31.4,26.4,10.1,29.9
15/1/2016,Admiralty,16.6,27.2,30.3,24.8,5.8,20.5
16/1/2016,Admiralty,2,27.2,32.7,25.2,5.4,31.7
17/1/2016,Admiralty,20.8,26.7,31.2,23.8,6.5,38.9
18/1/2016,Admiralty,14,27.9,34.4,25,6.1,26.3
19/1/2016,Admiralty,0,28.2,31.5,26.1,10.8,35.3
20/1/2016,Admiralty,0.4,28.2,31.5,26,7.9,31.7
21/1/2016,Admiralty,0.4,27.9,30.3,26.5,10.4,32.8
22/1/2016,Admiralty,28.2,27.6,31.4,26.1,8.3,33.5
23/1/2016,Admiralty,6.6,27.8,32.3,25.7,11.5,43.6
24/1/2016,Admiralty,0,28.4,31.9,26,15.8,51.8
25/1/2016,Admiralty,5,27.4,31.3,25.3,14,64.4
26/1/2016,Admiralty,7.4,27.1,29.5,25.1,11.9,40.7
27/1/2016,Admiralty,0.2,28.2,31.4,25.7,13,40.7
28/1/2016,Admiralty,5.4,27.6,32.6,25,9.7,30.2
29/1/2016,Admiralty,0,27.7,31.5,25,10.1,39.6
30/1/2016,Admiralty,0,28.4,33,25.9,11.5,33.8
31/1/2016,Admiralty,7.6,28,31.8,25.9,10.4,38.5
1/2/2016,Admiralty,0,28.5,32.4,25.7,14,43.2
2/2/2016,Admiralty,6.6,27.4,30.8,24.3,11.5,40.7
3/2/2016,Admiralty,0,28.2,32.6,25.6,10.1,36.7
4/2/2016,Admiralty,4.2,27.4,30.5,26,8.6,27
5/2/2016,Admiralty,3,27.6,31.6,25.7,6.8,25.2
6/2/2016,Admiralty,2.6,28,31.4,26.1,14.8,44.6
7/2/2016,Admiralty,33.6,26.4,28.1,24,18,56.2
8/2/2016,Admiralty,0,26.8,28.3,25.9,16.6,52.2
9/2/2016,Admiralty,0,26.5,28.5,25.2,9.7,27.7
10/2/2016,Admiralty,7.6,26.2,28,24.7,12.2,35.3
11/2/2016,Admiralty,0,26.9,29.7,24.9,11.2,28.8
12/2/2016,Admiralty,6.2,27.2,31.7,23.6,10.4,40.3
13/2/2016,Admiralty,0.2,28.1,31.8,26.1,14,40.3
14/2/2016,Admiralty,41.2,27.1,32.6,24.8,9.4,42.5
15/2/2016,Admiralty,0,28.3,32.2,25.6,11.9,34.9
16/2/2016,Admiralty,0,28,31.4,26.1,16.2,52.2
17/2/2016,Admiralty,0,27.6,30.9,25.3,14.8,50.4
18/2/2016,Admiralty,0,27.3,30.8,24.6,10.4,45.7
19/2/2016,Admiralty,69,24.7,26.7,23.5,7.2,32.8
20/2/2016,Admiralty,1.4,26.1,28.4,24.2,10.4,38.2
21/2/2016,Admiralty,0,27.1,31.5,24.6,12.6,42.5
22/2/2016,Admiralty,0,27.5,31.3,24.9,13,38.5
23/2/2016,Admiralty,0,27.4,30.7,25.2,12.6,36.7
24/2/2016,Admiralty,13.4,25.7,29.1,24,11.2,34.9
25/2/2016,Admiralty,0.2,27.3,31,24.8,18,58
26/2/2016,Admiralty,0,27.6,31.1,25.1,15.1,43.2
27/2/2016,Admiralty,0,27.8,31.9,25.1,13.7,43.2
28/2/2016,Admiralty,0,27.9,31.4,25.7,15.8,46.8
29/2/2016,Admiralty,0.2,28.1,31.4,26.1,16.9,47.2
1/3/2016,Admiralty,0,27.9,31.8,25.7,16.2,44.3
2/3/2016,Admiralty,0,27.8,31.1,25.5,17.3,48.6
3/3/2016,Admiralty,0,27.8,32,25.6,16.2,52.9
4/3/2016,Admiralty,0.6,27.6,30.7,25.8,13.3,37.1
5/3/2016,Admiralty,0,28.1,32.3,25.8,12.2,39.2
6/3/2016,Admiralty,0,28.6,33,26.5,14,38.5
7/3/2016,Admiralty,9.4,27.8,31.6,26,12.6,37.1
8/3/2016,Admiralty,8.2,27.5,31.7,25.4,8.6,31.3
9/3/2016,Admiralty,0,28.9,33.2,26.3,11.2,31
10/3/2016,Admiralty,4,28,34.1,26.3,7.6,26.6
11/3/2016,Admiralty,0,28.8,33.8,26.2,12.2,37.4
12/3/2016,Admiralty,0,28.5,32.2,25.7,12.2,34.6
13/3/2016,Admiralty,2.2,28.2,32.9,25.2,10.4,35.6
14/3/2016,Admiralty,0.4,28.6,33.9,26.3,9.4,36.4
15/3/2016,Admiralty,0,28.6,32.6,26.2,10.8,34.9
16/3/2016,Admiralty,0,28.4,34,25.1,8.6,26.6
17/3/2016,Admiralty,0,28.6,34.4,25.5,11.5,31.7
18/3/2016,Admiralty,0,28.7,33.9,25.9,10.4,32.4
19/3/2016,Admiralty,0,28.6,33.7,25.6,11.9,33.1
20/3/2016,Admiralty,0.4,28.5,32.5,26.2,9.4,27
21/3/2016,Admiralty,16,28.4,35,24.3,8.6,39.2
22/3/2016,Admiralty,0.2,28.2,31.6,26.8,8.6,41.8
23/3/2016,Admiralty,0,28.8,33.5,26,9,31.3
24/3/2016,Admiralty,0,29,33,26.7,11.9,32.4
25/3/2016,Admiralty,13.4,28,34.5,24.3,7.9,40.7
26/3/2016,Admiralty,0,28.4,31.5,26,13.3,40.7
27/3/2016,Admiralty,0,28.7,32.4,26.7,14,44.3
28/3/2016,Admiralty,0,28.9,32.5,26.6,16.6,44.3
29/3/2016,Admiralty,0,28.7,32.5,26.3,13.7,42.5
30/3/2016,Admiralty,0,28.6,32.9,26,14.4,37.8
31/3/2016,Admiralty,0,28.7,32.6,26.1,13.3,33.8
1/4/2016,Admiralty,0,29.1,33.9,26.4,13.3,38.5
2/4/2016,Admiralty,0,29.2,33.9,26.1,13,41.4
3/4/2016,Admiralty,5.2,28.4,33.2,25.2,9,28.1
4/4/2016,Admiralty,0.2,29.1,33,26.8,11.2,36.4
5/4/2016,Admiralty,0,28.7,32,26.7,10.4,33.8
6/4/2016,Admiralty,0,29.2,34,26.2,10.1,32.4
7/4/2016,Admiralty,0,29.1,34.7,25.6,8.6,30.6
8/4/2016,Admiralty,0,29.5,35.3,26.5,9.7,28.8
9/4/2016,Admiralty,14,27.9,32.9,25.3,7.2,33.1
10/4/2016,Admiralty,0,29.1,35.2,25.2,9.7,31.3
11/4/2016,Admiralty,0,29.6,33.6,27.2,7.6,31
12/4/2016,Admiralty,0.6,29.7,34,27,8.3,36
13/4/2016,Admiralty,0,29.7,34.3,25.9,8.3,42.1
14/4/2016,Admiralty,0,29.8,33.1,27.7,6.1,24.1
15/4/2016,Admiralty,2.4,29.1,32.2,26.3,5.8,23.8
16/4/2016,Admiralty,28,29.4,36.3,25.8,6.5,32.8
17/4/2016,Admiralty,11,29.3,34.7,25.2,8.3,43.6
18/4/2016,Admiralty,0.2,29.8,35.1,26.2,7.9,26.3
19/4/2016,Admiralty,0,30.2,33.8,27.2,13,36
20/4/2016,Admiralty,0,29.4,34.2,27.4,8.3,31.3
21/4/2016,Admiralty,0,29.9,33.8,27,11.9,33.5
22/4/2016,Admiralty,0,29.2,33.7,27.4,8.3,31.7
23/4/2016,Admiralty,1,28.7,32.1,27.3,7.2,33.8
24/4/2016,Admiralty,1.4,29.2,33,26.7,5,23.8
25/4/2016,Admiralty,16.4,28.5,33.2,24,5.4,33.8
26/4/2016,Admiralty,2.6,28.6,33.4,26.6,5,33.8
27/4/2016,Admiralty,3.6,28.3,34.3,26.3,5.4,32.4
28/4/2016,Admiralty,19.6,28.2,33.4,25.5,6.1,31.3
29/4/2016,Admiralty,9,28,34.4,25.2,5.4,28.1
30/4/2016,Admiralty,1.2,27.9,35.5,25.2,5.8,40.3
1/5/2016,Admiralty,1.4,29.2,33.7,25.6,6.8,27.4
2/5/2016,Admiralty,7.4,28.3,32.8,26,6.1,33.1
3/5/2016,Admiralty,0,29.7,34.9,25.5,6.8,28.8
4/5/2016,Admiralty,0,30.3,34.6,26.9,10.1,29.5
5/5/2016,Admiralty,15.8,28.9,34,25,6.5,43.2
6/5/2016,Admiralty,0,28.9,35.5,26.6,6.1,41
7/5/2016,Admiralty,4.2,28.4,34.3,25.8,5.4,37.8
8/5/2016,Admiralty,0,28.8,33.5,26,5.4,22.7
9/5/2016,Admiralty,0,29.1,33.7,26,6.5,50.8
10/5/2016,Admiralty,0,29.6,34.2,26.7,7.6,29.5
11/5/2016,Admiralty,29.2,28.6,34.6,24.5,5.8,50.8
12/5/2016,Admiralty,0.2,28.3,33,26.6,5.4,25.6
13/5/2016,Admiralty,3.2,28,31.1,25.3,5.8,35.3
14/5/2016,Admiralty,16.2,27.3,32.8,24.6,5,25.6
15/5/2016,Admiralty,6.6,28.1,34.4,26,5.8,25.9
16/5/2016,Admiralty,2.4,28,32.5,25.5,7.2,39.6
17/5/2016,Admiralty,3.2,28.6,34.5,26.6,5.4,32
18/5/2016,Admiralty,51,27.2,31.2,24.8,6.5,34.9
19/5/2016,Admiralty,2.8,28,32.5,25.5,5.8,22
20/5/2016,Admiralty,0.2,29.2,32.7,26.8,5.4,21.2
21/5/2016,Admiralty,0.2,28.2,30.7,25,10.1,40
22/5/2016,Admiralty,18.6,28.2,33.7,24.6,8.3,58
23/5/2016,Admiralty,0,29.8,35.5,25.5,5.8,28.8
24/5/2016,Admiralty,2.2,29.6,32.4,26.3,6.8,39.6
25/5/2016,Admiralty,20,29.8,35,25.1,6.1,33.1
26/5/2016,Admiralty,2.4,28.6,31.8,26.2,6.8,32.8
27/5/2016,Admiralty,0,30,33.1,27.9,6.5,30.6
28/5/2016,Admiralty,23.6,28.6,32.5,23.7,5.8,48.2
29/5/2016,Admiralty,0,29.8,33.9,26.8,6.1,22
30/5/2016,Admiralty,0.2,28.4,33.2,25.5,7.2,47.2
31/5/2016,Admiralty,0,28.9,33.5,25.5,7.2,31.3
1/11/2016,Admiralty,20.2,27.2,31.3,23.8,6.8,41.8
2/11/2016,Admiralty,23.4,27.4,30.8,22.1,7.9,58
3/11/2016,Admiralty,13.8,27.2,30.3,24.6,9,28.8
4/11/2016,Admiralty,0.8,27.7,30.4,25.8,6.5,24.8
5/11/2016,Admiralty,2.4,26.7,28,25.5,7.2,29.2
6/11/2016,Admiralty,1,28.1,31.7,25,8.6,28.1
7/11/2016,Admiralty,1.4,26.8,29,25.5,6.5,30.6
8/11/2016,Admiralty,0,28.9,34,25.2,6.1,21.6
9/11/2016,Admiralty,1.4,28.3,31.5,24.5,7.6,31
10/11/2016,Admiralty,2.8,27.5,31.7,24.9,7.2,32.8
11/11/2016,Admiralty,8.8,26.2,30.9,24.6,5,40.7
12/11/2016,Admiralty,10.8,26.9,32.9,24.4,5.8,33.5
13/11/2016,Admiralty,4.6,27.2,32,25.2,6.5,33.5
14/11/2016,Admiralty,32.2,25,26.5,23.3,6.8,41.8
15/11/2016,Admiralty,1.4,27,32,24.2,7.6,37.1
16/11/2016,Admiralty,0.4,26.8,29.9,23.9,6.5,49.7
17/11/2016,Admiralty,0.2,na,32.9,25.2,6.1,22.7
18/11/2016,Admiralty,15.4,26.9,33.3,24.3,5.8,32
19/11/2016,Admiralty,0.4,27.6,31.6,25.3,5.4,21.6
20/11/2016,Admiralty,0,na,31.9,25.7,5.8,26.3
21/11/2016,Admiralty,1.6,27.8,30.6,25.5,9,31.3
22/11/2016,Admiralty,1,27.6,29.1,25.3,5,29.9
23/11/2016,Admiralty,6.2,na,31.2,24.5,6.1,33.1
24/11/2016,Admiralty,0,27.4,32.7,25.3,7.2,34.9
25/11/2016,Admiralty,8.6,27.5,33.6,24.8,6.1,36.4
26/11/2016,Admiralty,1.4,27.2,31.2,25.5,5.4,28.4
27/11/2016,Admiralty,0.2,27.1,29.7,24.6,9.7,32.4
28/11/2016,Admiralty,0,27.3,29.6,25.7,9.7,33.5
29/11/2016,Admiralty,0.2,26,27.7,24.6,9,32.4
30/11/2016,Admiralty,0,27.7,30.9,24.6,10.8,35.3
1/12/2016,Admiralty,13.2,25.4,27.3,24.4,7.9,24.5
2/12/2016,Admiralty,0.8,27,31.3,24.3,8.6,32
3/12/2016,Admiralty,0,na,29.9,25.8,5.4,21.2
4/12/2016,Admiralty,0,29.2,34.1,25.7,6.8,25.9
5/12/2016,Admiralty,10.2,28.7,33.7,23.3,8.6,27.7
6/12/2016,Admiralty,0.2,28.4,34.2,23.6,6.8,33.8
7/12/2016,Admiralty,1.4,28.1,32.7,26.3,9,28.8
8/12/2016,Admiralty,1.4,28.3,32,25.8,8.3,27.7
9/12/2016,Admiralty,6.4,26.8,30.5,25.2,7.2,38.9
10/12/2016,Admiralty,10.6,27.2,29.8,24.3,7.9,32.8
11/12/2016,Admiralty,2.6,25.5,29,23.6,9.4,44.6
12/12/2016,Admiralty,0,27.9,30.9,25.1,12.6,40.7
13/12/2016,Admiralty,1.2,27.6,31.4,24.3,9,37.4
14/12/2016,Admiralty,0.2,27.9,32.3,25.2,7.6,33.8
15/12/2016,Admiralty,0,28.5,31.9,26.1,8.3,33.5
16/12/2016,Admiralty,0,28.6,32.8,26.1,8.6,29.5
17/12/2016,Admiralty,1.8,26.8,31.8,24.6,9,36.7
18/12/2016,Admiralty,15.4,26.6,31,22.8,7.9,37.4
19/12/2016,Admiralty,0.8,27.5,31.7,25,10.8,36.7
20/12/2016,Admiralty,0,28,31.8,25.2,14.8,46.1
21/12/2016,Admiralty,3.4,28.1,31.8,25.6,10.4,38.2
22/12/2016,Admiralty,15.6,26.6,32.3,23.7,6.5,34.2
23/12/2016,Admiralty,50,26.9,31.5,22.8,7.2,30.6
24/12/2016,Admiralty,16.8,26.3,32.5,23.7,9,37.8
25/12/2016,Admiralty,28.8,26.4,31.9,23,10.1,39.6
26/12/2016,Admiralty,0,26.3,30,23.9,10.1,28.4
27/12/2016,Admiralty,1,25.7,29,24,10.1,41.8
28/12/2016,Admiralty,3.6,25.2,27.6,23.2,11.5,40
29/12/2016,Admiralty,0,27.2,30.6,25.1,9.7,34.2
30/12/2016,Admiralty,0.6,26.8,32,24.9,12.2,46.8
31/12/2016,Admiralty,0,26.5,29.6,24.5,7.9,40.7
1/2/2017,Admiralty,0,na,30.6,24.7,10.1,30.2
2/2/2017,Admiralty,0.2,27.3,31.1,25.3,6.5,24.1
3/2/2017,Admiralty,25.6,27.4,33.1,23.4,9.7,43.6
4/2/2017,Admiralty,14.4,26.8,32,23.7,8.6,44.3
5/2/2017,Admiralty,0,27.3,32.6,24.9,9.7,27.4
6/2/2017,Admiralty,0,27.6,33.4,25.1,9.4,33.1
7/2/2017,Admiralty,22.2,26,30.5,23.2,8.3,33.1
8/2/2017,Admiralty,18.4,26.6,32,24.1,7.2,31.3
9/2/2017,Admiralty,0,na,30.9,25.3,9,28.1
10/2/2017,Admiralty,0,27.4,31.4,25,14.8,38.9
11/2/2017,Admiralty,0.6,na,30.7,25,17.3,49
12/2/2017,Admiralty,2.4,26.1,29.2,24.3,16.2,59.4
13/2/2017,Admiralty,1.4,26,29,23.8,14.8,57.2
14/2/2017,Admiralty,2,26.1,29.2,23.3,18.7,56.2
15/2/2017,Admiralty,5.4,25.1,28.7,22.6,14.8,44.6
16/2/2017,Admiralty,0,26.2,29.4,24.2,15.1,44.3
17/2/2017,Admiralty,0,26.8,30.5,24.4,14,42.1
18/2/2017,Admiralty,0,26.7,30.6,24.6,15.5,40.7
19/2/2017,Admiralty,0.8,27.2,30.6,25,13.7,39.6
20/2/2017,Admiralty,0,27.3,31.2,25.1,13,41
21/2/2017,Admiralty,7.4,26.7,31.5,24.8,8.6,28.1
22/2/2017,Admiralty,0,na,31.2,25.3,10.1,38.9
23/2/2017,Admiralty,20.8,26.6,32.4,23.6,7.2,32
24/2/2017,Admiralty,19.8,24.7,27.4,23.6,6.8,37.4
25/2/2017,Admiralty,0,26.6,31.5,23.6,8.3,37.1
26/2/2017,Admiralty,0,27.5,31.4,25.2,10.8,38.5
27/2/2017,Admiralty,0,27.2,30.2,25.3,14.4,50
28/2/2017,Admiralty,12.4,na,29.1,24.2,11.9,54.4
1/3/2017,Admiralty,29.6,24.8,27.4,23.3,9.4,38.2
2/3/2017,Admiralty,0.2,na,29.9,24.4,13.7,46.1
3/3/2017,Admiralty,6.8,25.7,27.9,23.7,11.5,47.2
4/3/2017,Admiralty,29.6,25.3,28.1,23.5,7.6,31.3
5/3/2017,Admiralty,0.8,26.8,30.6,24.3,9.7,30.2
6/3/2017,Admiralty,4,26.9,32.3,24.5,8.3,31.7
7/3/2017,Admiralty,10.4,27.1,32.7,24.7,7.2,28.1
8/3/2017,Admiralty,0.2,27.1,31,24.5,13.3,38.9
9/3/2017,Admiralty,0,27.1,31.4,24.5,14.8,36
10/3/2017,Admiralty,0,26.9,30.5,24.4,14.4,34.6
11/3/2017,Admiralty,0,27.2,31.8,24.8,11.5,47.5
12/3/2017,Admiralty,41.8,26.5,30.4,23.4,6.8,25.9
13/3/2017,Admiralty,0,28.2,34.4,25.2,7.6,26.3
14/3/2017,Admiralty,4.4,27,30.7,23.7,8.3,35.6
15/3/2017,Admiralty,0,29.2,34.8,25.5,6.8,26.6
16/3/2017,Admiralty,20.4,na,32.7,23.4,10.4,30.6
17/3/2017,Admiralty,2.2,26.7,32.6,24.2,6.8,36.7
18/3/2017,Admiralty,0,na,31.9,25.1,6.8,24.8
19/3/2017,Admiralty,24,27.8,34,23.9,6.5,40.3
20/3/2017,Admiralty,13,na,29.1,24.1,6.8,34.2
21/3/2017,Admiralty,0,28.1,34,25.1,8.3,34.2
22/3/2017,Admiralty,5.4,27.5,33.4,24.5,9,58.3
23/3/2017,Admiralty,0,28.6,33.5,25.7,10.8,34.2
24/3/2017,Admiralty,2.4,28.5,32.7,26.4,8.3,25.2
25/3/2017,Admiralty,46.4,27.1,32.9,23.8,7.6,41
26/3/2017,Admiralty,0,28.6,33.4,25.5,10.8,39.6
27/3/2017,Admiralty,0,28.6,31.7,26.1,10.1,31.7
28/3/2017,Admiralty,2.8,26.2,28.7,24.2,7.6,29.2
29/3/2017,Admiralty,9.2,26.5,31.6,25.1,4.7,26.6
30/3/2017,Admiralty,7.2,25.3,30.7,23.7,6.1,37.8
31/3/2017,Admiralty,0.6,27.2,33.2,24.9,4.7,21.6
1/4/2017,Admiralty,5.2,26.7,31.7,24.5,5.8,31.7
2/4/2017,Admiralty,0,27.4,31.6,25,8.3,32
3/4/2017,Admiralty,1.6,26.9,28.7,24.8,6.8,25.6
4/4/2017,Admiralty,11.2,28.2,31.9,23.3,8.6,39.6
5/4/2017,Admiralty,0,28.4,31.6,25.4,10.1,36
6/4/2017,Admiralty,3.2,28.6,32.5,26.8,7.6,27.7
7/4/2017,Admiralty,3.6,27.7,33,23.9,8.3,48.6
8/4/2017,Admiralty,9,26.8,28.9,24.4,6.1,36.7
9/4/2017,Admiralty,0,27.6,34.5,24.9,5.8,26.3
10/4/2017,Admiralty,0,28,32.4,25.3,6.1,25.9
11/4/2017,Admiralty,0,28.6,33.3,25.8,7.2,31.3
12/4/2017,Admiralty,0.2,28.5,31.8,25.5,5.4,22
13/4/2017,Admiralty,35.2,26.8,30.6,23.3,5.8,33.1
14/4/2017,Admiralty,0.8,26.9,31.6,24.5,6.5,27.4
15/4/2017,Admiralty,0.2,27.9,31.8,25.5,8.6,40
16/4/2017,Admiralty,0.2,28.1,34.5,25.3,6.1,28.8
17/4/2017,Admiralty,4.8,28.3,32.2,23.8,7.6,53.6
18/4/2017,Admiralty,39.8,26.7,32.5,24,6.8,30.2
19/4/2017,Admiralty,10.8,27.5,33.8,24.1,5,31.3
20/4/2017,Admiralty,2,27.7,32.5,25.4,5,33.8
21/4/2017,Admiralty,14.8,27.4,31.5,23.6,7.9,38.9
22/4/2017,Admiralty,0,27.9,30.2,25.3,6.5,26.6
23/4/2017,Admiralty,0,28.1,32,26,5.4,23.4
24/4/2017,Admiralty,15.8,26.7,32.3,24.5,5.8,28.1
25/4/2017,Admiralty,10.4,26.5,32,24.8,5,26.3
26/4/2017,Admiralty,41.6,27.1,30.7,24.3,6.1,27
27/4/2017,Admiralty,0,27.7,33,24.8,7.9,32
28/4/2017,Admiralty,na,na,na,na,na,na
29/4/2017,Admiralty,na,na,na,na,na,na
30/4/2017,Admiralty,27.6,28.5,33.8,25.7,5.8,35.3
1/5/2017,Admiralty,0,28.9,33.7,26,5,22.3
2/5/2017,Admiralty,na,na,na,na,na,na
3/5/2017,Admiralty,na,na,na,na,na,na
4/5/2017,Admiralty,0,28.7,32,26.7,5,23.8
5/5/2017,Admiralty,na,na,na,na,na,na
6/5/2017,Admiralty,na,na,na,na,na,na
7/5/2017,Admiralty,0.2,27.7,30.9,25.9,6.1,31
8/5/2017,Admiralty,0,28.4,31.7,25.6,6.8,24.1
9/5/2017,Admiralty,na,na,na,na,na,na
10/5/2017,Admiralty,na,na,na,na,na,na
11/5/2017,Admiralty,0,28.1,31.8,25.3,6.1,21.6
12/5/2017,Admiralty,0,28.6,31.5,26,6.5,36
13/5/2017,Admiralty,na,na,na,na,na,na
14/5/2017,Admiralty,4.8,na,na,na,7.6,25.2
15/5/2017,Admiralty,12.4,28.1,31.5,24.9,6.1,44.6
16/5/2017,Admiralty,1.8,28.9,32.8,27,5.8,33.8
17/5/2017,Admiralty,na,na,na,na,na,na
18/5/2017,Admiralty,0,na,na,na,7.9,40
19/5/2017,Admiralty,0.2,29.6,32.9,27.9,5.8,25.9
20/5/2017,Admiralty,0,29.9,34.1,28,5.4,28.4
21/5/2017,Admiralty,na,na,na,na,na,na
22/5/2017,Admiralty,na,na,na,na,na,na
23/5/2017,Admiralty,1.6,na,33.5,27.2,6.5,31.3
24/5/2017,Admiralty,29,26.4,29.2,23.3,6.5,46.1
25/5/2017,Admiralty,0,28.1,32.1,25.1,6.8,32.8
26/5/2017,Admiralty,na,na,na,na,na,na
27/5/2017,Admiralty,1.2,27.5,32.9,25.5,5.8,43.9
28/5/2017,Admiralty,0,28.9,31.8,26,5.8,20.9
29/5/2017,Admiralty,2.6,na,na,na,6.5,32.8
30/5/2017,Admiralty,12,26.6,30.2,23.2,6.5,44.6
31/5/2017,Admiralty,42,28.1,34.7,23,6.8,53.3
1/6/2017,Admiralty,6.2,na,na,na,6.1,20.5
2/6/2017,Admiralty,0,29.3,33,27.2,5.4,18.4
3/6/2017,Admiralty,0,30.1,34.3,27.6,6.1,26.3
4/6/2017,Admiralty,0,30.4,34.1,28,6.8,26.3
5/6/2017,Admiralty,0,na,na,na,6.1,23
6/6/2017,Admiralty,0,29.9,32.9,28.3,6.5,25.6
7/6/2017,Admiralty,0.4,29.8,34.4,26.8,6.5,24.1
8/6/2017,Admiralty,5.2,29.1,33.6,27,8.6,29.2
9/6/2017,Admiralty,0,na,na,na,6.5,23
10/6/2017,Admiralty,11.4,28.4,33.8,24.8,6.1,30.2
11/6/2017,Admiralty,0,28.2,32.5,24.8,6.1,26.6
12/6/2017,Admiralty,0,na,na,na,6.1,19.8
13/6/2017,Admiralty,0,29,33.3,25.7,7.6,34.2
14/6/2017,Admiralty,0.2,27.4,32.3,24.8,7.2,41
15/6/2017,Admiralty,0,na,na,na,5.8,13.3
16/6/2017,Admiralty,0,na,na,na,6.8,27.4
17/6/2017,Admiralty,0,29,34.2,25.7,6.1,23
18/6/2017,Admiralty,24,26.8,29.9,23,7.6,54
19/6/2017,Admiralty,0,na,na,na,6.5,27
20/6/2017,Admiralty,0,29.1,32.8,25.8,6.1,28.4
21/6/2017,Admiralty,0,28.5,32.1,27.1,5.4,22.3
22/6/2017,Admiralty,0,na,na,na,4.3,11.5
23/6/2017,Admiralty,1.2,na,na,na,9.7,67.3
24/6/2017,Admiralty,0,28.8,32.3,26,6.1,22.3
25/6/2017,Admiralty,7.6,27.4,30.2,24,4.7,41.8
26/6/2017,Admiralty,na,na,na,na,na,na
27/6/2017,Admiralty,na,na,na,na,na,na
28/6/2017,Admiralty,14.8,27,32.9,24.2,5.4,35.3
29/6/2017,Admiralty,na,na,na,na,na,na
30/6/2017,Admiralty,0,na,na,na,6.1,20.9
1/7/2017,Admiralty,0,29.3,32.6,26.9,6.5,28.8
2/7/2017,Admiralty,na,na,na,na,na,na
3/7/2017,Admiralty,na,na,na,na,na,na
4/7/2017,Admiralty,0,28.7,32.2,25.8,6.1,27.4
5/7/2017,Admiralty,na,na,na,na,na,na
6/7/2017,Admiralty,0,na,na,na,7.6,32
7/7/2017,Admiralty,0,28.9,31.9,26.6,6.8,29.5
8/7/2017,Admiralty,3.4,28.3,31.5,24.8,6.8,33.1
9/7/2017,Admiralty,na,na,na,na,na,na
10/7/2017,Admiralty,0.6,na,na,na,6.1,27
11/7/2017,Admiralty,0.6,27.7,29.9,25.7,8.3,32
12/7/2017,Admiralty,6.8,26.1,28.1,23.2,7.2,47.5
13/7/2017,Admiralty,6,27.5,31.4,24.7,5.8,28.8
14/7/2017,Admiralty,35,26.1,28.3,22.9,5,54.4
15/7/2017,Admiralty,0.2,27.4,31.7,24.4,6.5,28.4
16/7/2017,Admiralty,0,28.5,32.4,26.3,9,40.3
17/7/2017,Admiralty,0,28.8,32.1,26.4,7.6,36
18/7/2017,Admiralty,0,28.7,31.3,27,6.8,28.4
19/7/2017,Admiralty,0,28.9,32.2,26.5,6.1,21.6
20/7/2017,Admiralty,0.4,28.5,31.6,26.9,6.1,25.2
21/7/2017,Admiralty,0,29.5,33.1,27.2,7.2,25.9
22/7/2017,Admiralty,0,29.8,33.8,27.5,7.6,24.1
23/7/2017,Admiralty,0,na,na,na,7.6,27.4
24/7/2017,Admiralty,na,na,na,na,na,na
25/7/2017,Admiralty,na,na,na,na,na,na
26/7/2017,Admiralty,na,na,na,na,na,na
27/7/2017,Admiralty,na,na,na,na,na,na
28/7/2017,Admiralty,na,na,na,na,na,na
29/7/2017,Admiralty,na,na,na,na,na,na
30/7/2017,Admiralty,na,na,na,na,na,na
31/7/2017,Admiralty,na,na,na,na,na,na
1/8/2017,Admiralty,na,29.5,33,25.2,7.2,56.9
2/8/2017,Admiralty,na,29.5,32.4,28,9,33.8
3/8/2017,Admiralty,na,29.2,32.3,27,8.3,37.8
4/8/2017,Admiralty,na,29.4,33.1,27.1,7.9,29.2
5/8/2017,Admiralty,na,29.5,33,27.4,8.6,31.3
6/8/2017,Admiralty,na,28.8,33.7,25.7,7.6,33.5
7/8/2017,Admiralty,na,28.4,31.1,25.7,6.8,29.9
8/8/2017,Admiralty,na,27.2,29.8,24.1,7.2,34.9
9/8/2017,Admiralty,na,27.2,30.9,24.7,6.8,28.4
10/8/2017,Admiralty,na,28.7,32.2,25.5,6.1,33.1
11/8/2017,Admiralty,30.8,26.6,29.3,23.3,5,33.5
12/8/2017,Admiralty,5,26.3,28.9,24.3,6.5,29.5
13/8/2017,Admiralty,0,26.9,28.7,25,7.2,23.8
14/8/2017,Admiralty,0,28.2,32,25.5,6.1,27.4
15/8/2017,Admiralty,11.2,26.2,27.5,23,6.5,33.5
16/8/2017,Admiralty,0,28.2,32.6,25.5,5.4,24.1
17/8/2017,Admiralty,66.2,26.9,31.4,23,8.3,38.2
18/8/2017,Admiralty,3.8,27.2,31.2,24.4,7.2,35.6
19/8/2017,Admiralty,0,28.3,32.8,26.3,8.3,42.8
20/8/2017,Admiralty,0,29.2,32.6,26.9,7.6,29.5
21/8/2017,Admiralty,14.6,28.1,32.8,25.2,6.8,32.4
22/8/2017,Admiralty,0,27.3,29.4,25,6.8,29.9
23/8/2017,Admiralty,0,29,32.5,26,6.5,29.5
24/8/2017,Admiralty,0,28.6,32,26,6.5,36.4
25/8/2017,Admiralty,0,28.1,31.5,25.5,6.8,29.5
26/8/2017,Admiralty,0,28.6,32,26.2,6.1,27.4
27/8/2017,Admiralty,0,27.5,31.5,25,6.8,32.8
28/8/2017,Admiralty,0,28,31.8,26.1,5.8,24.8
29/8/2017,Admiralty,0.2,26.7,29.4,25,5.8,22.3
30/8/2017,Admiralty,0.4,27.3,32.5,25.3,6.5,34.9
31/8/2017,Admiralty,0.4,28.6,32.8,25.2,7.9,29.5
1/9/2017,Admiralty,1.2,29.4,33.1,27.2,8.3,32
2/9/2017,Admiralty,0,28.8,34.3,25.8,9,31.3
3/9/2017,Admiralty,0,29.2,32.1,27.4,11.2,36.7
4/9/2017,Admiralty,0,28.9,32.7,25.5,6.1,31.7
5/9/2017,Admiralty,0.8,28.7,32.2,26.1,7.6,33.5
6/9/2017,Admiralty,9.8,26.8,29.6,24,5.4,28.4
7/9/2017,Admiralty,0,28.4,32.5,25.5,5.8,25.2
8/9/2017,Admiralty,37.4,27.2,32.4,23.5,6.5,49.7
9/9/2017,Admiralty,0.2,28,32,26,4.3,35.6
10/9/2017,Admiralty,1.4,27.2,31.1,25.2,5.8,47.5
11/9/2017,Admiralty,16.4,26.2,29.9,23,6.1,34.2
12/9/2017,Admiralty,0,28.8,33.8,25.2,6.1,25.6
13/9/2017,Admiralty,0,29.3,33.6,25.5,6.8,26.6
14/9/2017,Admiralty,7.4,27.9,31.2,25.7,5,33.8
15/9/2017,Admiralty,4.4,26.8,28.7,25.1,5,31
16/9/2017,Admiralty,0.6,27,30.1,24.3,7.9,33.8
17/9/2017,Admiralty,1.6,28.7,33.6,26.7,7.9,40.7
18/9/2017,Admiralty,21.2,26.3,31.7,22.1,5.4,60.8
19/9/2017,Admiralty,14.2,26.1,30.2,24,5.8,28.4
20/9/2017,Admiralty,5.6,26.8,30,23.9,8.3,46.1
21/9/2017,Admiralty,7.6,26.8,30.7,23.5,6.1,39.6
22/9/2017,Admiralty,3.8,28.4,31.8,24.8,5.8,32
23/9/2017,Admiralty,1,28.8,32.9,25.3,5.8,28.4
24/9/2017,Admiralty,0.2,28.7,32.6,24.9,5.8,36.7
25/9/2017,Admiralty,3.2,28.3,32.7,24.1,6.5,49.3
26/9/2017,Admiralty,7.4,26.8,32.6,23.7,5.8,47.5
27/9/2017,Admiralty,0,27.4,30.6,24.4,6.1,34.2
28/9/2017,Admiralty,0.4,28,31.2,25.3,5,28.1
29/9/2017,Admiralty,14.4,26.9,29.7,23,6.5,51.8
30/9/2017,Admiralty,0,27.5,30.7,25.5,9,33.8
1/10/2017,Admiralty,11.2,26.6,30,25.3,6.1,29.5
2/10/2017,Admiralty,0,27.5,31.4,24.8,6.8,32.4
3/10/2017,Admiralty,0.2,27.2,32.1,25.6,6.1,29.9
4/10/2017,Admiralty,8.8,25.6,27.6,22.9,5.8,38.5
5/10/2017,Admiralty,2.4,26.8,30.8,24.3,5,25.6
6/10/2017,Admiralty,23.2,27.2,32.8,24.5,5.4,29.9
7/10/2017,Admiralty,11.4,27.3,33.2,24.1,6.5,42.8
8/10/2017,Admiralty,5.2,27.1,32,24.6,6.1,31.3
9/10/2017,Admiralty,4,27.9,32.1,24,8.3,33.1
10/10/2017,Admiralty,1.4,28,32.3,24,6.8,28.1
11/10/2017,Admiralty,10.4,28.3,32.1,23.7,8.3,41.4
12/10/2017,Admiralty,1.2,27.2,29.4,24.7,5.8,29.9
13/10/2017,Admiralty,1.8,27,30.6,24.4,7.6,35.6
14/10/2017,Admiralty,0,29.2,33.3,26.4,7.2,25.2
15/10/2017,Admiralty,0,29.6,33.5,26.9,7.2,29.9
16/10/2017,Admiralty,2.2,28.8,32.3,24,7.2,45.4
17/10/2017,Admiralty,0,30.3,34.1,27.6,6.1,28.8
18/10/2017,Admiralty,0,30.3,34.8,26.8,8.3,29.2
19/10/2017,Admiralty,0,29.6,33.3,27,7.6,29.2
20/10/2017,Admiralty,0,29.5,33.8,26.2,7.2,26.3
21/10/2017,Admiralty,0,29.7,33.8,26.9,7.6,31.7
22/10/2017,Admiralty,0,29.1,32,27,7.2,28.4
23/10/2017,Admiralty,0,28.3,31.2,26.7,6.1,24.5
24/10/2017,Admiralty,1.8,27.4,31.4,25.9,6.1,22.3
25/10/2017,Admiralty,6.2,27.7,35.3,25.3,6.8,34.9
26/10/2017,Admiralty,0.2,27.7,32.9,25.8,6.1,23
27/10/2017,Admiralty,0,27.6,31.3,25.6,6.1,23.8
28/10/2017,Admiralty,0,28.4,33.4,25.5,9,34.2
29/10/2017,Admiralty,14.6,26.4,32,24.3,6.5,39.2
30/10/2017,Admiralty,5.2,26.5,29.1,24.7,6.1,23.8
31/10/2017,Admiralty,3.4,26.1,28.2,23.2,6.1,53.3
1/11/2017,Admiralty,0,27.4,31.9,25.3,6.1,28.1
2/11/2017,Admiralty,0,27.5,30.4,25.3,6.5,31
3/11/2017,Admiralty,22.8,27.6,32.1,23.7,7.6,38.9
4/11/2017,Admiralty,7.6,27.1,32.8,23.9,6.5,44.6
5/11/2017,Admiralty,16.6,27.9,32.5,24.6,5.8,20.9
6/11/2017,Admiralty,54.8,26.2,30.1,22.7,6.1,24.1
7/11/2017,Admiralty,4,26.6,30.8,24.8,6.1,23.8
8/11/2017,Admiralty,2.8,26.7,30.3,23.9,10.4,33.5
9/11/2017,Admiralty,62.2,26.4,31.8,23.2,7.2,29.2
10/11/2017,Admiralty,56.8,26,31.4,23.4,5.8,31.7
11/11/2017,Admiralty,20.4,25.7,29.7,24.4,4.7,38.2
12/11/2017,Admiralty,0.8,27.2,30.3,25.1,7.6,34.9
13/11/2017,Admiralty,12,27.4,33.8,25,6.1,42.8
14/11/2017,Admiralty,55.2,25.9,27.1,23.3,6.5,29.2
15/11/2017,Admiralty,0,26.9,31.6,24.8,6.8,29.5
16/11/2017,Admiralty,16.2,27.8,33,25,6.5,31.3
17/11/2017,Admiralty,0.2,27.5,31.7,24.2,6.5,44.3
18/11/2017,Admiralty,58,27.6,34.5,23.2,5,40.3
19/11/2017,Admiralty,0,28.2,31.7,26.1,7.2,28.4
20/11/2017,Admiralty,na,na,na,na,na,na
21/11/2017,Admiralty,na,na,na,na,na,na
22/11/2017,Admiralty,na,na,na,na,na,na
23/11/2017,Admiralty,na,na,na,na,na,na
24/11/2017,Admiralty,na,na,na,na,na,na
25/11/2017,Admiralty,na,na,na,na,na,na
26/11/2017,Admiralty,na,na,na,na,na,na
27/11/2017,Admiralty,na,na,na,na,na,na
28/11/2017,Admiralty,na,na,na,na,na,na
29/11/2017,Admiralty,na,na,na,na,na,na
30/11/2017,Admiralty,na,na,na,na,na,na
